<?xml version="1.0" encoding="UTF-8"?>
<TcBusinessData xmlns="http://teamcenter.com/BusinessModel/TcBusinessData" Date="">
<Add>
   <TcAttributeAttach className="ProjectObjectRelation">
      <TcAttribute attributeName="ng5_customer_launch_site" description="Direct Customer Launch Site"
          attributeType="POM_string" maxStringLength="128" isArray="true" followOnExport="false"
          isNullsAllowed="true" isUnique="false" isPublicRead="true" isPublicWrite="true"
          isCandidateKey="false" arrayLength="-1" isTransient="false" exportAsString="false"
          noBackpointer="false"/>
      <TcAttribute attributeName="ng5_dc_launch_site_rgn" description="" attributeType="POM_string"
          maxStringLength="32" isArray="true" followOnExport="false" isNullsAllowed="true"
          isUnique="false" isPublicRead="true" isPublicWrite="true" isCandidateKey="false"
          arrayLength="-1" isTransient="false" exportAsString="false" noBackpointer="false"/>
      <TcAttribute attributeName="ng5_production_facility" description="" attributeType="POM_string"
          maxStringLength="256" isArray="true" followOnExport="false" isNullsAllowed="true"
          isUnique="false" isPublicRead="true" isPublicWrite="true" isCandidateKey="false"
          arrayLength="-1" isTransient="false" exportAsString="false" noBackpointer="false"/>
   </TcAttributeAttach>
   <Condition name="Ng5_WF_CADtoJTConversion" expression="((w.object_type=&quot;Ng5_EngPartRevision&quot;) OR (w.object_type=&quot;Ng5_NonEngPartRevision&quot;) OR (w.object_type=&quot;Ng5_SupportPartRevision&quot;) OR (w.object_type=&quot;Ng5_NonEngSupPrtRevision&quot;))"
        secured="false" description="">
      <ConditionParameter name="w" parameterTypeName="WorkspaceObject"/>
      <ConditionParameter name="t" parameterTypeName="ImanType"/>
      <ConditionParameter name="u" parameterTypeName="UserSession"/>
   </Condition>
   <Condition name="Ng5_WF_PopulateBuyParts" expression="(w.object_type=&quot;Ng5_MMTransferRevision&quot;) AND (Condition::Ng5_isPrgUser(u) OR Condition::Ng5_isAdminGroup(u))"
        secured="false" description="">
      <ConditionParameter name="w" parameterTypeName="WorkspaceObject"/>
      <ConditionParameter name="t" parameterTypeName="ImanType"/>
      <ConditionParameter name="u" parameterTypeName="UserSession"/>
   </Condition>
   <Condition name="Ng5_WF_UpdateMassPropertyforNXAssembly" expression="((w.object_type=&quot;Ng5_EngPartRevision&quot;) OR (w.object_type=&quot;Ng5_NonEngPartRevision&quot;) OR (w.object_type=&quot;Ng5_SupportPartRevision&quot;)) AND (Condition::Ng5_isEngUser(u))"
        secured="false" description="">
      <ConditionParameter name="w" parameterTypeName="WorkspaceObject"/>
      <ConditionParameter name="t" parameterTypeName="ImanType"/>
      <ConditionParameter name="u" parameterTypeName="UserSession"/>
   </Condition>
   <TcTypeConstantAttach constantName="MaxAllowedWorkRevsForItemCopyRev" typeName="Ng5_DrawingRevision"
        value="-1"/>
   <TcPropertyConstantAttach constantName="CopyFromOriginal" typeName="Ng5_CNRevision"
        propertyName="ng5_readiness" value="false"/>
   <TcPropertyConstantAttach constantName="Enabled" typeName="Ng5_EngPart" propertyName="ng5_livesource_programs"
        value="false"/>
   <TcPropertyConstantAttach constantName="Enabled" typeName="ProjectObjectRelation"
        propertyName="ng5_customer_launch_site" value="true"/>
   <TcPropertyConstantAttach constantName="Enabled" typeName="ProjectObjectRelation"
        propertyName="ng5_dc_launch_site_rgn" value="true"/>
   <TcPropertyConstantAttach constantName="Enabled" typeName="ProjectObjectRelation"
        propertyName="ng5_production_facility" value="true"/>
   <TcPropertyConstantAttach constantName="Fnd0PropagationGroup" typeName="Ng5_LaunchPrg"
        propertyName="ng5_customer_launch_site" value="Security Group IV"/>
   <TcPropertyConstantAttach constantName="Fnd0PropagationGroup" typeName="Ng5_LaunchPrg"
        propertyName="ng5_dc_launch_site_rgn" value="Security Group IV"/>
   <TcPropertyConstantAttach constantName="Fnd0PropagationGroup" typeName="Ng5_LaunchPrg"
        propertyName="ng5_production_facility" value="Security Group IV"/>
   <TcPropertyConstantAttach constantName="InitialValue" typeName="Cfg0ProductItem"
        propertyName="cfg0PosBiasedVariantAvail" value="false"/>
   <TcPropertyConstantAttach constantName="InitialValue" typeName="Ng5_CNRevision"
        propertyName="ng5_copy_cr_participant" value="No"/>
   <TcPropertyConstantAttach constantName="Modifiable" typeName="Ng5_EngPart" propertyName="ng5_livesource_programs"
        value="Write"/>
   <TcPropertyConstantAttach constantName="Modifiable" typeName="ProjectObjectRelation"
        propertyName="ng5_customer_launch_site" value="Write"/>
   <TcPropertyConstantAttach constantName="Modifiable" typeName="ProjectObjectRelation"
        propertyName="ng5_dc_launch_site_rgn" value="Write"/>
   <TcPropertyConstantAttach constantName="Modifiable" typeName="ProjectObjectRelation"
        propertyName="ng5_production_facility" value="Write"/>
   <TcDeepCopyRule typeName="ChangeItemRevision" relRefPropName="Ng5_ProposedChanges"
        propertyType="Relation" objectTypeName="WorkspaceObject" conditionName="isTrue"
        operationName="cm0DeriveChange#std::vector&lt;Teamcenter::BulkInput&gt;,*,*$Teamcenter::BulkData,*"
        copyType="CopyAsReference" isTargetPrimary="true" secured="true" copyRelationAttributes="true"
        isRequired="false" description=""/>
   <TcDeepCopyRule typeName="Ng5_DARevision" relRefPropName="CMReferences" propertyType="Relation"
        objectTypeName="WorkspaceObject" conditionName="isTrue" operationName="cm0DeriveChange#std::vector&lt;Teamcenter::BulkInput&gt;,*,*$Teamcenter::BulkData,*"
        copyType="NoCopy" isTargetPrimary="true" secured="true" copyRelationAttributes="true"
        isRequired="false" description=""/>
   <TcGRMRule primaryTypeName="Ng5_CRRevision" secondaryTypeName="MSExcelX" relationTypeName="CMHasImpactedItem"
        conditionName="isTrue" primaryCardinality="-1" secondaryCardinality="-1" secured="false"
        attachability="Unrestricted" changeability="Changeable" detachability="Unrestricted"
        description=""/>
   <TcGRMRule primaryTypeName="Ng5_EngPartRevision" secondaryTypeName="Dataset" relationTypeName="IMAN_reference"
        conditionName="isTrue" primaryCardinality="-1" secondaryCardinality="-1" secured="false"
        attachability="Unrestricted" changeability="Changeable" detachability="WriteAccessReq"
        description=""/>
   <TcGRMRule primaryTypeName="Ng5_MasterPrgRevision" secondaryTypeName="Dataset"
        relationTypeName="IMAN_reference" conditionName="isTrue" primaryCardinality="-1"
        secondaryCardinality="-1" secured="false" attachability="Unrestricted" changeability="Changeable"
        detachability="Unrestricted" description=""/>
   <Functionality name="Ng5newgeneration" displayName="New Generation" enabledForVerificationRules="false"
        description="Component for the template - ng5newgeneration"/>
</Add>
</TcBusinessData>
