<?xml version="1.0" encoding="UTF-8" standalone="no"?>
<!--
@<COPYRIGHT>@
==================================================
Copyright 2016.
Siemens Product Lifecycle Management Software Inc.
All Rights Reserved.
==================================================
@<COPYRIGHT>@
--><TcBusinessDataIncludes currentTemplateVersion="12.0_5" displayName="Ng5 New Generation" enableOpsDataDeploy="true" guid="1336436F57B50D470AE48159570808E0" isDescriptionMandatory="false" name="ng5newgeneration" optional="true" prefixes="Ng5" teamcenterTemplate="false">
    <include file="foundation_template.xml"/>
    <include file="aps0apscore_template.xml"/>
    <include file="aws2_template.xml"/>
    <include file="cm_template.xml"/>
    <include file="integration4catia_template.xml"/>
    <include file="nx0tcin_template.xml"/>
    <include file="srh0apsconfiguredsearch_template.xml"/>
    <include file="vendormanagement_template.xml"/>
    <include file="activeworkspacebom_template.xml"/>
    <include file="aps0apscore_template.xml"/>
    <include file="srh0apsconfiguredsearch_template.xml"/>
    <include file="bcs0buildconditions_template.xml"/>
    <include file="issuemgmt_template.xml"/>
    <include file="s2clsocial_template.xml"/>
    <include file="cfg0configurator_template.xml"/>
    <include file="pca0awconfigurator_template.xml"/>
    <include file="smc0psmcfgsupport_template.xml"/>
</TcBusinessDataIncludes>
