<?xml version="1.0" encoding="UTF-8" standalone="no"?>
<TcBusinessDataIncludes>
    <include file="default.xml"/>
    <include file="ng5_productengineering.xml"/>
    <include file="ng5_changemanagement.xml"/>
    <include file="ng5_docmanagement.xml"/>
    <include file="ng5_relationships.xml"/>
    <include file="ng5_supportingobjects.xml"/>
    <include file="ng5_lov.xml"/>
    <include file="ng5_migrationforms.xml"/>
    <include file="ng5_migrationrels.xml"/>
    <include file="ng5_workflow_conditions.xml"/>
    <include file="ng5_programmgmt.xml"/>
    <include file="ng5_integrationmanagment.xml"/>
	<include file="ng5_auditdefinition.xml"/>
    <include file="ng5_product_configuration.xml"/>
    <include file="ng5_awc_configuration.xml"/>
    <include file="ng5_services.xml"/>
	<include file="ng5_packaging.xml"/>
	<include file="ng5_sso_management.xml"/>
	<include file="ng5_manufacturingcm.xml"/>
	<include file="ng5_manufacturing.xml"/>
</TcBusinessDataIncludes>
