<?xml version="1.0" encoding="UTF-8"?>
<TcBusinessData xmlns="http://teamcenter.com/BusinessModel/TcBusinessData" Date="">
<Add>

   <TcClass className="Ng5_MBOM_Clone_Status_Mat" parentClassName="Fnd0TableRow" isExportable="false"
       isUninstantiable="false" isUninheritable="false" revisabilityOption="Revisable"
       description="">
     <TcAttribute attributeName="ng5_EBOM_ID" description="" attributeType="POM_typed_reference"
         maxStringLength="0" isArray="false" followOnExport="false" isNullsAllowed="true"
         isUnique="false" isPublicRead="true" isPublicWrite="true" isCandidateKey="false"
         isTransient="false" exportAsString="false" noBackpointer="false" typedRefClassName="Item"
         initialValue="NULL"/>
     <TcAttribute attributeName="ng5_MBOM_Mass_Clone_Status" description="" attributeType="POM_string"
         maxStringLength="128" isArray="false" followOnExport="false" isNullsAllowed="true"
         isUnique="false" isPublicRead="true" isPublicWrite="true" isCandidateKey="false"
         isTransient="false" exportAsString="false" noBackpointer="false" initialValue="NULL"
         lowerBoundValue="" upperBoundValue=""/>
   </TcClass>
   <TcClass className="Ng5_MassUpdate" parentClassName="ChangeNotice" isExportable="false"
       isUninstantiable="false" isUninheritable="false" description=""/>
   <TcClass className="Ng5_MassUpdateMasterS" parentClassName="ChangeNoticeMaster"
       isExportable="false" isUninstantiable="false" isUninheritable="false" description=""/>
   <TcClass className="Ng5_MassUpdateRevMasterS" parentClassName="ChangeNoticeVerMaster"
       isExportable="false" isUninstantiable="false" isUninheritable="false" description=""/>
   <TcClass className="Ng5_MassUpdateRevision" parentClassName="ChangeNoticeRevision"
       isExportable="false" isUninstantiable="false" isUninheritable="false" description="">
     <TcAttribute attributeName="ng5_Plants" description="" attributeType="POM_string"
         maxStringLength="128" isArray="false" followOnExport="false" isNullsAllowed="true"
         isUnique="false" isPublicRead="true" isPublicWrite="true" isCandidateKey="false"
         isTransient="false" exportAsString="false" noBackpointer="false" lowerBoundValue=""
         upperBoundValue=""/>
     <TcAttribute attributeName="ng5_Mass_Update_Type" description="" attributeType="POM_string"
         maxStringLength="128" isArray="false" followOnExport="false" isNullsAllowed="true"
         isUnique="false" isPublicRead="true" isPublicWrite="true" isCandidateKey="false"
         isTransient="false" exportAsString="false" noBackpointer="false" lowerBoundValue=""
         upperBoundValue=""/>
     <TcAttribute attributeName="ng5_Start_Effectivity" description="" attributeType="POM_date"
         maxStringLength="0" isArray="false" followOnExport="false" isNullsAllowed="true"
         isUnique="false" isPublicRead="true" isPublicWrite="true" isCandidateKey="false"
         isTransient="false" exportAsString="false" noBackpointer="false" lowerBoundValue=""
         upperBoundValue=""/>
     <TcAttribute attributeName="ng5_End_Effectivity" description="" attributeType="POM_date"
         maxStringLength="0" isArray="false" followOnExport="false" isNullsAllowed="true"
         isUnique="false" isPublicRead="true" isPublicWrite="true" isCandidateKey="false"
         isTransient="false" exportAsString="false" noBackpointer="false" lowerBoundValue=""
         upperBoundValue=""/>
     <TcAttribute attributeName="ng5_Mass_Update_State" description="" attributeType="POM_string"
         maxStringLength="128" isArray="false" followOnExport="false" isNullsAllowed="true"
         isUnique="false" isPublicRead="true" isPublicWrite="true" isCandidateKey="false"
         isTransient="false" exportAsString="false" noBackpointer="false" lowerBoundValue=""
         upperBoundValue=""/>
     <TcAttribute attributeName="ng5_Effective_Date" description="" attributeType="POM_date"
         maxStringLength="0" isArray="false" followOnExport="false" isNullsAllowed="true"
         isUnique="false" isPublicRead="true" isPublicWrite="true" isCandidateKey="false"
         isTransient="false" exportAsString="false" noBackpointer="false" lowerBoundValue=""
         upperBoundValue=""/>
   </TcClass>
   <TcClass className="Ng5_MfgCN" parentClassName="ChangeNotice" isExportable="false"
       isUninstantiable="false" isUninheritable="false" description=""/>
   <TcClass className="Ng5_MfgCNMasterS" parentClassName="ChangeNoticeMaster" isExportable="false"
       isUninstantiable="false" isUninheritable="false" description=""/>
   <TcClass className="Ng5_MfgCNRevMasterS" parentClassName="ChangeNoticeVerMaster"
       isExportable="false" isUninstantiable="false" isUninheritable="false" description=""/>
   <TcClass className="Ng5_MfgCNRevision" parentClassName="ChangeNoticeRevision" isExportable="false"
       isUninstantiable="false" isUninheritable="false" description="">
     <TcAttribute attributeName="ng5_plants" description="" attributeType="POM_string"
         maxStringLength="128" isArray="false" followOnExport="false" isNullsAllowed="true"
         isUnique="false" isPublicRead="true" isPublicWrite="true" isCandidateKey="false"
         isTransient="false" exportAsString="false" noBackpointer="false" lowerBoundValue=""
         upperBoundValue=""/>
     <TcAttribute attributeName="ng5_programs" description="" attributeType="POM_typed_reference"
         maxStringLength="0" isArray="false" followOnExport="false" isNullsAllowed="true"
         isUnique="false" isPublicRead="true" isPublicWrite="true" isCandidateKey="false"
         isTransient="false" exportAsString="false" noBackpointer="false" typedRefClassName="Ng5_MasterPrg"/>
     <TcAttribute attributeName="ng5_reqcustpartno" description="" attributeType="POM_string"
         maxStringLength="128" isArray="false" followOnExport="false" isNullsAllowed="true"
         isUnique="false" isPublicRead="true" isPublicWrite="true" isCandidateKey="false"
         isTransient="false" exportAsString="false" noBackpointer="false" initialValue="No"
         lowerBoundValue="" upperBoundValue=""/>
     <TcAttribute attributeName="ng5_color_explosion_req" description="" attributeType="POM_string"
         maxStringLength="8" isArray="false" followOnExport="false" isNullsAllowed="true"
         isUnique="false" isPublicRead="true" isPublicWrite="true" isCandidateKey="false"
         isTransient="false" exportAsString="false" noBackpointer="false" lowerBoundValue=""
         upperBoundValue=""/>
     <TcAttribute attributeName="ng5_errorreport" description="Readiness Error Report"
         attributeType="POM_untyped_reference" maxStringLength="0" isArray="false"
         followOnExport="false" isNullsAllowed="true" isUnique="false" isPublicRead="true"
         isPublicWrite="true" isCandidateKey="false" isTransient="false" exportAsString="false"
         noBackpointer="false"/>
   </TcClass>
   <TcClass className="Ng5_Sibling_Part" parentClassName="CMRelation" isExportable="false"
       isUninstantiable="false" isUninheritable="false" description=""/>
   <TcClass className="Ng5_rHasColorMBOM" parentClassName="Ng5_rAbsRelation" isExportable="false"
       isUninstantiable="false" isUninheritable="false" description=""/>
   <TcClass className="Ng5_rHasEBOM" parentClassName="Ng5_rAbsRelation" isExportable="false"
       isUninstantiable="false" isUninheritable="false" description=""/>
   <TcClass className="Ng5_rHasMBOMFile" parentClassName="Ng5_rAbsRelation" isExportable="false"
       isUninstantiable="false" isUninheritable="false" description=""/>
   <OperationTemplate id="Ng5::Soa::MBOMManagement::_2020_12::MBOMDataService::GetMBOMLines#Ng5::Soa::MBOMManagement::MBOMDataService::getMBOMColorCodes#const,std::string"
       name="Ng5::Soa::MBOMManagement::MBOMDataService::getMBOMColorCodes" returnConst="false"
       createRelease="Awp05.1.0" description="" const="false" static="false" accessControl="false"
       returnFreeMemory="false" returnDescription="">
     <OperationReturnDataTypeRef dataType="Ng5::Soa::MBOMManagement::_2020_12::MBOMDataService::GetMBOMLines"
          qualifier=""/>
     <OperationParameter name="bomTopLine" description="MBOM Top line" const="true"
          inputOutput="Input" freeOutputMemory="false" defaultValue="">
       <OperationParameterDataTypeRef dataType="std::string" qualifier=""/>
     </OperationParameter>
   </OperationTemplate>
     
   <OperationInputType typeName="Ng5_MBOM_Clone_Status_MatCreI" parentTypeName="Fnd0TableRowCreI"
       typeClassName="Ng5_MBOM_Clone_Status_MatCreI" description="CreateInput object for &quot;Ng5_MBOM_Clone_Status_Mat&quot; business object"
       isAbstract="false" artifactName="Ng5_MBOM_Clone_Status_MatCreI">
     <OperationInputProperty propName="ng5_MBOM_Mass_Clone_Status" compoundObjectConstant=""
         srcPropName="ng5_MBOM_Mass_Clone_Status" compoundObjectType="" fieldType="SimpleProperty"
         description=""/>
   </OperationInputType>
   <OperationInputType typeName="Ng5_MBOM_Clone_Status_MatSvAI" parentTypeName="Fnd0TableRowSvAI"
       typeClassName="Ng5_MBOM_Clone_Status_MatSvAI" description="SaveAsInput object for &quot;Ng5_MBOM_Clone_Status_Mat&quot; business object"
       isAbstract="false" artifactName="Ng5_MBOM_Clone_Status_MatSvAI"/>
   <OperationInputType typeName="Ng5_MassUpdateCreI" parentTypeName="ChangeNoticeCreI"
       typeClassName="Ng5_MassUpdateCreI" description="CreateInput object for &quot;Ng5_MassUpdate&quot; business object"
       isAbstract="false" artifactName="Ng5_MassUpdateCreI"/>
   <OperationInputType typeName="Ng5_MassUpdateMasterCreI" parentTypeName="ChangeNotice MasterCreI"
       typeClassName="Ng5_MassUpdateMasterCreI" description="CreateInput object for &quot;Ng5_MassUpdateMaster&quot; business object"
       isAbstract="false" artifactName="Ng5_MassUpdateMasterCreI"/>
   <OperationInputType typeName="Ng5_MassUpdateMasterSCreI" parentTypeName="ChangeNoticeMasterCreI"
       typeClassName="Ng5_MassUpdateMasterSCreI" description="CreateInput object for &quot;Ng5_MassUpdateMasterS&quot; business object"
       isAbstract="false" artifactName="Ng5_MassUpdateMasterSCreI"/>
   <OperationInputType typeName="Ng5_MassUpdateMasterSSvAI" parentTypeName="ChangeNoticeMasterSvAI"
       typeClassName="Ng5_MassUpdateMasterSSvAI" description="SaveAsInput object for &quot;Ng5_MassUpdateMasterS&quot; business object"
       isAbstract="false" artifactName="Ng5_MassUpdateMasterSSvAI"/>
   <OperationInputType typeName="Ng5_MassUpdateMasterSvAI" parentTypeName="ChangeNotice MasterSvAI"
       typeClassName="Ng5_MassUpdateMasterSvAI" description="SaveAsInput object for &quot;Ng5_MassUpdateMaster&quot; business object"
       isAbstract="false" artifactName="Ng5_MassUpdateMasterSvAI"/>
   <OperationInputType typeName="Ng5_MassUpdateRevMasterSCreI" parentTypeName="ChangeNoticeVerMasterCreI"
       typeClassName="Ng5_MassUpdateRevMasterSCreI" description="CreateInput object for &quot;Ng5_MassUpdateRevMasterS&quot; business object"
       isAbstract="false" artifactName="Ng5_MassUpdateRevMasterSCreI"/>
   <OperationInputType typeName="Ng5_MassUpdateRevMasterSSvAI" parentTypeName="ChangeNoticeVerMasterSvAI"
       typeClassName="Ng5_MassUpdateRevMasterSSvAI" description="SaveAsInput object for &quot;Ng5_MassUpdateRevMasterS&quot; business object"
       isAbstract="false" artifactName="Ng5_MassUpdateRevMasterSSvAI"/>
   <OperationInputType typeName="Ng5_MassUpdateRevisionCreI" parentTypeName="ChangeNoticeRevisionCreI"
       typeClassName="Ng5_MassUpdateRevisionCreI" description="CreateInput object for &quot;Ng5_MassUpdateRevision&quot; business object"
       isAbstract="false" artifactName="Ng5_MassUpdateRevisionCreI">
     <OperationInputProperty propName="ng5_Plants" compoundObjectConstant="" srcPropName="ng5_Plants"
         compoundObjectType="" fieldType="SimpleProperty" description=""/>
     <OperationInputProperty propName="ng5_Mass_Update_Type" compoundObjectConstant=""
         srcPropName="ng5_Mass_Update_Type" compoundObjectType="" fieldType="SimpleProperty"
         description=""/>
     <OperationInputProperty propName="ng5_Start_Effectivity" compoundObjectConstant=""
         srcPropName="ng5_Start_Effectivity" compoundObjectType="" fieldType="SimpleProperty"
         description=""/>
     <OperationInputProperty propName="ng5_End_Effectivity" compoundObjectConstant=""
         srcPropName="ng5_End_Effectivity" compoundObjectType="" fieldType="SimpleProperty"
         description=""/>
     <OperationInputProperty propName="ng5_Mass_Update_State" compoundObjectConstant=""
         srcPropName="ng5_Mass_Update_State" compoundObjectType="" fieldType="SimpleProperty"
         description=""/>
     <OperationInputProperty propName="ng5Ng5_rHasValidationReport" compoundObjectConstant=""
         srcPropName="Ng5_rHasValidationReport" compoundObjectType="" fieldType="SimpleProperty"
         description="Has Validation Report"/>
     <OperationInputProperty propName="ng5_Effective_Date" compoundObjectConstant=""
         srcPropName="ng5_Effective_Date" compoundObjectType="" fieldType="SimpleProperty"
         description=""/>
     <OperationInputProperty propName="ng5Ng5_rHasMBOMItem" compoundObjectConstant=""
         srcPropName="Ng5_rHasMBOMItem" compoundObjectType="" fieldType="SimpleProperty"
         description=""/>
   </OperationInputType>
   <OperationInputType typeName="Ng5_MassUpdateRevisionRevI" parentTypeName="ChangeNoticeRevisionRevI"
       typeClassName="Ng5_MassUpdateRevisionRevI" description="ReviseInput object for &quot;Ng5_MassUpdateRevision&quot; business object"
       isAbstract="false" artifactName="Ng5_MassUpdateRevisionRevI"/>
   <OperationInputType typeName="Ng5_MassUpdateRevisionSvAI" parentTypeName="ChangeNoticeRevisionSvAI"
       typeClassName="Ng5_MassUpdateRevisionSvAI" description="SaveAsInput object for &quot;Ng5_MassUpdateRevision&quot; business object"
       isAbstract="false" artifactName="Ng5_MassUpdateRevisionSvAI"/>
   <OperationInputType typeName="Ng5_MassUpdateRevision_alt0CreI" parentTypeName="ChangeNoticeRevision MasterCreI"
       typeClassName="Ng5_MassUpdateRevision_alt0CreI" description="CreateInput object for &quot;Ng5_MassUpdateRevisionMaster&quot; business object"
       isAbstract="false" artifactName="Ng5_MassUpdateRevision_alt0CreI"/>
   <OperationInputType typeName="Ng5_MassUpdateRevision_alt0SvAI" parentTypeName="ChangeNoticeRevision MasterSvAI"
       typeClassName="Ng5_MassUpdateRevision_alt0SvAI" description="SaveAsInput object for &quot;Ng5_MassUpdateRevisionMaster&quot; business object"
       isAbstract="false" artifactName="Ng5_MassUpdateRevision_alt0SvAI"/>
   <OperationInputType typeName="Ng5_MassUpdateSvAI" parentTypeName="ChangeNoticeSvAI"
       typeClassName="Ng5_MassUpdateSvAI" description="SaveAsInput object for &quot;Ng5_MassUpdate&quot; business object"
       isAbstract="false" artifactName="Ng5_MassUpdateSvAI"/>
   <OperationInputType typeName="Ng5_MfgCNCreI" parentTypeName="ChangeNoticeCreI"
       typeClassName="Ng5_MfgCNCreI" description="CreateInput object for &quot;Ng5_MfgCN&quot; business object"
       isAbstract="false" artifactName="Ng5_MfgCNCreI"/>
   <OperationInputType typeName="Ng5_MfgCNMasterCreI" parentTypeName="ChangeNotice MasterCreI"
       typeClassName="Ng5_MfgCNMasterCreI" description="CreateInput object for &quot;Ng5_MfgCNMaster&quot; business object"
       isAbstract="false" artifactName="Ng5_MfgCNMasterCreI"/>
   <OperationInputType typeName="Ng5_MfgCNMasterSCreI" parentTypeName="ChangeNoticeMasterCreI"
       typeClassName="Ng5_MfgCNMasterSCreI" description="CreateInput object for &quot;Ng5_MfgCNMasterS&quot; business object"
       isAbstract="false" artifactName="Ng5_MfgCNMasterSCreI"/>
   <OperationInputType typeName="Ng5_MfgCNMasterSSvAI" parentTypeName="ChangeNoticeMasterSvAI"
       typeClassName="Ng5_MfgCNMasterSSvAI" description="SaveAsInput object for &quot;Ng5_MfgCNMasterS&quot; business object"
       isAbstract="false" artifactName="Ng5_MfgCNMasterSSvAI"/>
   <OperationInputType typeName="Ng5_MfgCNMasterSvAI" parentTypeName="ChangeNotice MasterSvAI"
       typeClassName="Ng5_MfgCNMasterSvAI" description="SaveAsInput object for &quot;Ng5_MfgCNMaster&quot; business object"
       isAbstract="false" artifactName="Ng5_MfgCNMasterSvAI"/>
   <OperationInputType typeName="Ng5_MfgCNRevMasterSCreI" parentTypeName="ChangeNoticeVerMasterCreI"
       typeClassName="Ng5_MfgCNRevMasterSCreI" description="CreateInput object for &quot;Ng5_MfgCNRevMasterS&quot; business object"
       isAbstract="false" artifactName="Ng5_MfgCNRevMasterSCreI"/>
   <OperationInputType typeName="Ng5_MfgCNRevMasterSSvAI" parentTypeName="ChangeNoticeVerMasterSvAI"
       typeClassName="Ng5_MfgCNRevMasterSSvAI" description="SaveAsInput object for &quot;Ng5_MfgCNRevMasterS&quot; business object"
       isAbstract="false" artifactName="Ng5_MfgCNRevMasterSSvAI"/>
   <OperationInputType typeName="Ng5_MfgCNRevisionCreI" parentTypeName="ChangeNoticeRevisionCreI"
       typeClassName="Ng5_MfgCNRevisionCreI" description="CreateInput object for &quot;Ng5_MfgCNRevision&quot; business object"
       isAbstract="false" artifactName="Ng5_MfgCNRevisionCreI">
     <OperationInputProperty propName="ng5_plants" compoundObjectConstant="" srcPropName="ng5_plants"
         compoundObjectType="" fieldType="SimpleProperty" description=""/>
     <OperationInputProperty propName="ng5_programs" compoundObjectConstant="" srcPropName="ng5_programs"
         compoundObjectType="" fieldType="SimpleProperty" description=""/>
     <OperationInputProperty propName="ng5_reqcustpartno" compoundObjectConstant=""
         srcPropName="ng5_reqcustpartno" compoundObjectType="" fieldType="SimpleProperty"
         description=""/>
     <OperationInputProperty propName="ng5Ng5_rHasMBOMFile" compoundObjectConstant=""
         srcPropName="Ng5_rHasMBOMFile" compoundObjectType="" fieldType="SimpleProperty"
         description=""/>
     <OperationInputProperty propName="ng5Ng5_rHasValidationReport" compoundObjectConstant=""
         srcPropName="Ng5_rHasValidationReport" compoundObjectType="" fieldType="SimpleProperty"
         description=""/>
     <OperationInputProperty propName="ng5Ng5_rHasValidationForm" compoundObjectConstant=""
         srcPropName="Ng5_rHasValidationForm" compoundObjectType="" fieldType="SimpleProperty"
         description=""/>
     <OperationInputProperty propName="ng5Ng5_rHasColorMBOM" compoundObjectConstant=""
         srcPropName="Ng5_rHasColorMBOM" compoundObjectType="" fieldType="SimpleProperty"
         description=""/>
     <OperationInputProperty propName="ng5Ng5_rHasEBOM" compoundObjectConstant=""
         srcPropName="Ng5_rHasEBOM" compoundObjectType="" fieldType="SimpleProperty"
         description=""/>
     <OperationInputProperty propName="ng5_color_explosion_req" compoundObjectConstant=""
         srcPropName="ng5_color_explosion_req" compoundObjectType="" fieldType="SimpleProperty"
         description=""/>
     <OperationInputProperty propName="ng5_customer" compoundObjectConstant="" srcPropName="ng5_customer"
         compoundObjectType="" fieldType="SimpleProperty" description="Customer"/>
     <OperationInputProperty propName="ng5Ng5_rHasMBOMItems" compoundObjectConstant=""
         srcPropName="Ng5_rHasMBOMItems" compoundObjectType="" fieldType="SimpleProperty"
         description=""/>
     <OperationInputProperty propName="ng5_errorreport" compoundObjectConstant=""
         srcPropName="ng5_errorreport" compoundObjectType="" fieldType="SimpleProperty"
         description="Readiness Error Report"/>
     <OperationInputProperty propName="ng5Ng5_rHasMBOMItem" compoundObjectConstant=""
         srcPropName="Ng5_rHasMBOMItem" compoundObjectType="" fieldType="SimpleProperty"
         description=""/>
   </OperationInputType>
   <OperationInputType typeName="Ng5_MfgCNRevisionMasterCreI" parentTypeName="ChangeNoticeRevision MasterCreI"
       typeClassName="Ng5_MfgCNRevisionMasterCreI" description="CreateInput object for &quot;Ng5_MfgCNRevisionMaster&quot; business object"
       isAbstract="false" artifactName="Ng5_MfgCNRevisionMasterCreI"/>
   <OperationInputType typeName="Ng5_MfgCNRevisionMasterSvAI" parentTypeName="ChangeNoticeRevision MasterSvAI"
       typeClassName="Ng5_MfgCNRevisionMasterSvAI" description="SaveAsInput object for &quot;Ng5_MfgCNRevisionMaster&quot; business object"
       isAbstract="false" artifactName="Ng5_MfgCNRevisionMasterSvAI"/>
   <OperationInputType typeName="Ng5_MfgCNRevisionRevI" parentTypeName="ChangeNoticeRevisionRevI"
       typeClassName="Ng5_MfgCNRevisionRevI" description="ReviseInput object for &quot;Ng5_MfgCNRevision&quot; business object"
       isAbstract="false" artifactName="Ng5_MfgCNRevisionRevI"/>
   <OperationInputType typeName="Ng5_MfgCNRevisionSvAI" parentTypeName="ChangeNoticeRevisionSvAI"
       typeClassName="Ng5_MfgCNRevisionSvAI" description="SaveAsInput object for &quot;Ng5_MfgCNRevision&quot; business object"
       isAbstract="false" artifactName="Ng5_MfgCNRevisionSvAI"/>
   <OperationInputType typeName="Ng5_MfgCNSvAI" parentTypeName="ChangeNoticeSvAI"
       typeClassName="Ng5_MfgCNSvAI" description="SaveAsInput object for &quot;Ng5_MfgCN&quot; business object"
       isAbstract="false" artifactName="Ng5_MfgCNSvAI"/>
   <OperationInputType typeName="Ng5_Sibling_PartCreI" parentTypeName="CMRelationCreI"
       typeClassName="Ng5_Sibling_PartCreI" description="CreateInput object for &quot;Ng5_Sibling_Part&quot; business object"
       isAbstract="false" artifactName="Ng5_Sibling_PartCreI"/>
   <OperationInputType typeName="Ng5_Sibling_PartSvAI" parentTypeName="CMRelationSvAI"
       typeClassName="Ng5_Sibling_PartSvAI" description="SaveAsInput object for &quot;Ng5_Sibling_Part&quot; business object"
       isAbstract="false" artifactName="Ng5_Sibling_PartSvAI"/>
   <OperationInputType typeName="Ng5_rHasColorMBOMCreI" parentTypeName="Ng5_rAbsRelationCreI"
       typeClassName="Ng5_rHasColorMBOMCreI" description="CreateInput object for &quot;Ng5_rHasColorMBOM&quot; business object"
       isAbstract="false" artifactName="Ng5_rHasColorMBOMCreI"/>
   <OperationInputType typeName="Ng5_rHasColorMBOMSvAI" parentTypeName="Ng5_rAbsRelationSvAI"
       typeClassName="Ng5_rHasColorMBOMSvAI" description="SaveAsInput object for &quot;Ng5_rHasColorMBOM&quot; business object"
       isAbstract="false" artifactName="Ng5_rHasColorMBOMSvAI"/>
   <OperationInputType typeName="Ng5_rHasEBOMCreI" parentTypeName="Ng5_rAbsRelationCreI"
       typeClassName="Ng5_rHasEBOMCreI" description="CreateInput object for &quot;Ng5_rHasEBOM&quot; business object"
       isAbstract="false" artifactName="Ng5_rHasEBOMCreI"/>
   <OperationInputType typeName="Ng5_rHasEBOMSvAI" parentTypeName="Ng5_rAbsRelationSvAI"
       typeClassName="Ng5_rHasEBOMSvAI" description="SaveAsInput object for &quot;Ng5_rHasEBOM&quot; business object"
       isAbstract="false" artifactName="Ng5_rHasEBOMSvAI"/>
   <OperationInputType typeName="Ng5_rHasMBOMFileCreI" parentTypeName="Ng5_rAbsRelationCreI"
       typeClassName="Ng5_rHasMBOMFileCreI" description="CreateInput object for &quot;Ng5_rHasMBOMFile&quot; business object"
       isAbstract="false" artifactName="Ng5_rHasMBOMFileCreI"/>
   <OperationInputType typeName="Ng5_rHasMBOMFileSvAI" parentTypeName="Ng5_rAbsRelationSvAI"
       typeClassName="Ng5_rHasMBOMFileSvAI" description="SaveAsInput object for &quot;Ng5_rHasMBOMFile&quot; business object"
       isAbstract="false" artifactName="Ng5_rHasMBOMFileSvAI"/>
   <TcForm typeName="Ng5_MassUpdateMaster" parentTypeName="ChangeNotice Master" typeClassName="Form"
       description="MasterForm object for &quot;Ng5_MassUpdate&quot; business object"
       isAbstract="false" artifactName="Ng5_MassUpdateMaster" formStorageClassName="Ng5_MassUpdateMasterS"/>
   <TcForm typeName="Ng5_MassUpdateRevisionMaster" parentTypeName="ChangeNoticeRevision Master"
       typeClassName="Form" description="MasterForm object for &quot;Ng5_MassUpdateRevision&quot; business object"
       isAbstract="false" artifactName="Ng5_MassUpdateRevisionMaster" formStorageClassName="Ng5_MassUpdateRevMasterS"/>
   <TcForm typeName="Ng5_MfgCNMaster" parentTypeName="ChangeNotice Master" typeClassName="Form"
       description="MasterForm object for &quot;Ng5_MfgCN&quot; business object" isAbstract="false"
       artifactName="Ng5_MfgCNMaster" formStorageClassName="Ng5_MfgCNMasterS"/>
   <TcForm typeName="Ng5_MfgCNRevisionMaster" parentTypeName="ChangeNoticeRevision Master"
       typeClassName="Form" description="MasterForm object for &quot;Ng5_MfgCNRevision&quot; business object"
       isAbstract="false" artifactName="Ng5_MfgCNRevisionMaster" formStorageClassName="Ng5_MfgCNRevMasterS"/>
   <TcStandardType typeName="Ng5_MBOM_Clone_Status_Mat" parentTypeName="Fnd0TableRow"
       typeClassName="Ng5_MBOM_Clone_Status_Mat" description="Ng5_MBOM_Clone_Status_Matrix"
       isAbstract="false" artifactName="Ng5_MBOM_Clone_Status_Mat"/>
   <TcStandardType typeName="Ng5_MassUpdate" parentTypeName="ChangeNotice" typeClassName="Ng5_MassUpdate"
       description="" isAbstract="false" artifactName="Ng5_MassUpdate"/>
   <TcStandardType typeName="Ng5_MassUpdateMasterS" parentTypeName="ChangeNoticeMaster"
       typeClassName="Ng5_MassUpdateMasterS" description="Form Storage object for &quot;Ng5_MassUpdateMaster&quot; business object"
       isAbstract="false" artifactName="Ng5_MassUpdateMasterS"/>
   <TcStandardType typeName="Ng5_MassUpdateRevMasterS" parentTypeName="ChangeNoticeVerMaster"
       typeClassName="Ng5_MassUpdateRevMasterS" description="Form Storage object for &quot;Ng5_MassUpdateRevMaster&quot; business object"
       isAbstract="false" artifactName="Ng5_MassUpdateRevMasterS"/>
   <TcStandardType typeName="Ng5_MassUpdateRevision" parentTypeName="ChangeNoticeRevision"
       typeClassName="Ng5_MassUpdateRevision" description="ItemRevision object for &quot;Ng5_MassUpdate&quot;  business object"
       isAbstract="false" artifactName="Ng5_MassUpdateRevision">
     <TcProperty propName="Ng5_rHasValidationReport" propTypeName="Relation" propValueType="PROP_untyped_relation"
         propMaxStringLength="0" isArray="true" arrayLength="-1" description="Has Validation Report"
         referencedTypeConstant="" referencedType=""/>
     <TcProperty propName="Ng5_Sibling_Part" propTypeName="Relation" propValueType="PROP_untyped_relation"
         propMaxStringLength="0" isArray="true" arrayLength="-1" description="" referencedTypeConstant=""
         referencedType=""/>
     <TcProperty propName="Ng5_rHasMBOMItem" propTypeName="Relation" propValueType="PROP_untyped_relation"
         propMaxStringLength="0" isArray="true" arrayLength="-1" description="" referencedTypeConstant=""
         referencedType=""/>
   </TcStandardType>
   <TcStandardType typeName="Ng5_MfgCN" parentTypeName="ChangeNotice" typeClassName="Ng5_MfgCN"
       description="" isAbstract="false" artifactName="Ng5_MfgCN"/>
   <TcStandardType typeName="Ng5_MfgCNMasterS" parentTypeName="ChangeNoticeMaster"
       typeClassName="Ng5_MfgCNMasterS" description="Form Storage object for &quot;Ng5_MfgCNMaster&quot; business object"
       isAbstract="false" artifactName="Ng5_MfgCNMasterS"/>
   <TcStandardType typeName="Ng5_MfgCNRevMasterS" parentTypeName="ChangeNoticeVerMaster"
       typeClassName="Ng5_MfgCNRevMasterS" description="Form Storage object for &quot;Ng5_MfgCNRevMaster&quot; business object"
       isAbstract="false" artifactName="Ng5_MfgCNRevMasterS"/>
   <TcStandardType typeName="Ng5_MfgCNRevision" parentTypeName="ChangeNoticeRevision"
       typeClassName="Ng5_MfgCNRevision" description="ItemRevision object for &quot;Ng5_MfgCN&quot;  business object"
       isAbstract="false" artifactName="Ng5_MfgCNRevision">
     <TcProperty propName="Ng5_rHasMBOMFile" propTypeName="Relation" propValueType="PROP_untyped_relation"
         propMaxStringLength="0" isArray="true" arrayLength="-1" description="" referencedTypeConstant=""
         referencedType=""/>
     <TcProperty propName="Ng5_rHasValidationReport" propTypeName="Relation" propValueType="PROP_untyped_relation"
         propMaxStringLength="0" isArray="true" arrayLength="-1" description="" referencedTypeConstant=""
         referencedType=""/>
     <TcProperty propName="Ng5_rHasValidationForm" propTypeName="Relation" propValueType="PROP_untyped_relation"
         propMaxStringLength="0" isArray="true" arrayLength="-1" description="" referencedTypeConstant=""
         referencedType=""/>
     <TcProperty propName="Ng5_rHasColorMBOM" propTypeName="Relation" propValueType="PROP_untyped_relation"
         propMaxStringLength="0" isArray="true" arrayLength="-1" description="" referencedTypeConstant=""
         referencedType=""/>
     <TcProperty propName="Ng5_rHasEBOM" propTypeName="Relation" propValueType="PROP_untyped_relation"
         propMaxStringLength="0" isArray="true" arrayLength="-1" description="" referencedTypeConstant=""
         referencedType=""/>
     <TcProperty propName="Ng5_rHasMBOMItem" propTypeName="Relation" propValueType="PROP_untyped_relation"
         propMaxStringLength="0" isArray="true" arrayLength="-1" description="" referencedTypeConstant=""
         referencedType=""/>
     <TcProperty propName="ng5_MBOM_Clone_Status" propTypeName="Table" propValueType="PROP_typed_reference"
         propMaxStringLength="0" isArray="true" arrayLength="-1" description="" referencedTypeConstant=""
         referencedType="Ng5_MBOM_Clone_Status_Mat"/>
     <TcProperty propName="Ng5_rHasMBOMItems" propTypeName="Relation" propValueType="PROP_untyped_relation"
         propMaxStringLength="0" isArray="true" arrayLength="-1" description="" referencedTypeConstant=""
         referencedType=""/>
   </TcStandardType>
   <TcStandardType typeName="Ng5_Sibling_Part" parentTypeName="CMRelation" typeClassName="Ng5_Sibling_Part"
       description="" isAbstract="false" artifactName="Ng5_Sibling_Part"/>
   <TcStandardType typeName="Ng5_rHasColorMBOM" parentTypeName="Ng5_rAbsRelation"
       typeClassName="Ng5_rHasColorMBOM" description="" isAbstract="false" artifactName="Ng5_rHasColorMBOM"/>
   <TcStandardType typeName="Ng5_rHasEBOM" parentTypeName="Ng5_rAbsRelation" typeClassName="Ng5_rHasEBOM"
       description="" isAbstract="false" artifactName="Ng5_rHasEBOM"/>
   <TcStandardType typeName="Ng5_rHasMBOMFile" parentTypeName="Ng5_rAbsRelation" typeClassName="Ng5_rHasMBOMFile"
       description="" isAbstract="false" artifactName="Ng5_rHasMBOMFile"/>
   <BusinessObjectInterface name="Ng5_MassUpdateRevision" namespace="ng5newgeneration"
       libraryName="Ng5Core" createRelease="Awp05.1.0" typeName="Ng5_MassUpdateRevision"
       primaryInterface="true" description="Interface Name for Business Object Ng5_MassUpdateRevision"/>
   <OperationAttach typeName="Ng5_MassUpdateRevision" id="finalizeCreateInput#Teamcenter::CreateInput,*"/>
   <BusinessObjectInterface name="Ng5_MfgPartRevision" namespace="ng5newgeneration"
       libraryName="Ng5Core" createRelease="Awp05.1.0" typeName="Ng5_MfgPartRevision"
       primaryInterface="true" description="Interface Name for Business Object Ng5_MfgPartRevision"/>
   <Operation id="getMBOMColorCodes#const,std::string" name="getMBOMColorCodes" createRelease="Awp05.1.0"
       description="" opTemplate="Ng5::Soa::MBOMManagement::_2020_12::MBOMDataService::GetMBOMLines#Ng5::Soa::MBOMManagement::MBOMDataService::getMBOMColorCodes#const,std::string"
       interface="Ng5::Soa::MBOMManagement::MBOMDataService" isPublished="true" canOverride="false"
       isPreActionAllowed="false" isPostActionAllowed="false" isPreConditionAllowed="false"
       returnDescription="" component="" useCase="" dependencies="" exceptionCondition="">
     <ParameterInfo parameterName="bomTopLine" description="MBOM Top line"/>
   </Operation>
   <OperationAttach typeName="Ng5_MfgPartRevision" id="finalizeCreateInput#Teamcenter::CreateInput,*"/>
   <Condition name="Ng5_MassUpdate_ValidateSecondaryObjects" expression="(p.owning_group=s.owning_group AND (s.object_type=&quot;Ng5_MfgPartRevision&quot; OR s.object_type=&quot;Ng5_MfgPart&quot;))"
       secured="false" description="">
     <ConditionParameter name="p" parameterTypeName="ChangeItemRevision"/>
     <ConditionParameter name="s" parameterTypeName="WorkspaceObject"/>
   </Condition>
   <Condition name="Ng5_Mfg_ValidateSecondaryObject" expression="(((p.owning_group=s.owning_group ) OR (u.group_name=&quot;dba&quot;))AND (s.object_type=&quot;Ng5_MfgPartRevision&quot; OR s.object_type=&quot;Ng5_MfgPart&quot; OR s.object_type=&quot;MSExcel&quot;  OR s.object_type=&quot;MSExcelX&quot;))"
       secured="false" description="">
     <ConditionParameter name="p" parameterTypeName="Ng5_MfgCNRevision"/>
     <ConditionParameter name="s" parameterTypeName="WorkspaceObject"/>
     <ConditionParameter name="u" parameterTypeName="UserSession"/>
   </Condition>
   <Condition name="Ng5_WF_MFGUser" expression="Condition::Ng5_isMFGUser(u) OR  Condition::Ng5_isAdminGroup(u)"
       secured="false" description="">
     <ConditionParameter name="w" parameterTypeName="WorkspaceObject"/>
     <ConditionParameter name="t" parameterTypeName="ImanType"/>
     <ConditionParameter name="u" parameterTypeName="UserSession"/>
   </Condition>
   <Condition name="Ng5_WF_Mass_Update" expression="(w.object_type=&quot;Ng5_MassUpdateRevision&quot;) AND (Condition::Ng5_isMFGUser(u) OR  Condition::Ng5_isAdminGroup(u))"
       secured="false" description="">
     <ConditionParameter name="w" parameterTypeName="WorkspaceObject"/>
     <ConditionParameter name="t" parameterTypeName="ImanType"/>
     <ConditionParameter name="u" parameterTypeName="UserSession"/>
   </Condition>
   <Condition name="Ng5_isMFGUser" expression="(o.role_name=&quot;MBOM Analyst&quot;)"
       secured="false" description="">
     <ConditionParameter name="o" parameterTypeName="UserSession"/>
   </Condition>
   <Condition name="Ng5_isMMTHasMBOMItemCreatable" expression="(p.owning_group = s.owning_group AND p.ng5_plants_epo = s.ng5_plants  AND Condition::Ng5_isMMValidStateForPrimary(p, u) AND Condition::isAuthor(u)) OR  (Condition::Ng5_isAdminGroup(u))"
       secured="false" description="1. Owning Group of Manufatcturing Part Revision  should match with Owning Group of MM Transfer  Revision&#x0A;2. Plant for Early PO should match with Plant ID of MMTransfer Revision&#x0A;3. MBOM Items can be added only when the MMTransfer is in initiated state">
     <ConditionParameter name="p" parameterTypeName="Ng5_MMTransferRevision"/>
     <ConditionParameter name="s" parameterTypeName="Ng5_MfgPartRevision"/>
     <ConditionParameter name="u" parameterTypeName="UserSession"/>
   </Condition>
   <Condition name="Ng5_isMassUpdateHasImpactedCreatable" expression="Condition::Ng5_MassUpdate_ValidateSecondaryObjects(p,w) AND (Condition::Ng5_isMFGUser(u) OR Condition::Ng5_isAdminGroup(u)) AND Condition::Ng5_isCMMassUpdateValidstateForPrimary(p,u)"
       secured="false" description="This condition determines if Impacted/Sibling Part relation is creatable for following conditions:&#x0A;a-Only MBOMItems are allowed&#x0A;b-Plant ID of Mass Update Revision should match with Plant ID of MBOM Items&#x0A;c-MBOM Analyst or admin are allowed to update the relation&#x0A;d-Restricts if Change State of MassUpdate is other than Initiated and Review">
     <ConditionParameter name="p" parameterTypeName="ChangeItemRevision"/>
     <ConditionParameter name="w" parameterTypeName="WorkspaceObject"/>
     <ConditionParameter name="u" parameterTypeName="UserSession"/>
   </Condition>
   <Condition name="Ng5_isMassUpdateHasProblemCreatable" expression="Condition::Ng5_MassUpdate_ValidateSecondaryObjects(p,w) AND (Condition::Ng5_isMFGUser(u) OR Condition::Ng5_isAdminGroup(u)) AND Condition::Ng5_MassUpdateValidtateForPrimary(p,u)"
       secured="false" description="This condition determines if ExistingItem relation is creatable for following conditions:&#x0A;a-Only MBOMItems are allowed&#x0A;b-Group ID of Mass Update Revision should match with Group ID of MBOM Items&#x0A;c-MBOM Analyst or admin are allowed to update the relation&#x0A;d-Restricts if Change State of MassUpdate is other than Initiated">
     <ConditionParameter name="p" parameterTypeName="ChangeItemRevision"/>
     <ConditionParameter name="w" parameterTypeName="WorkspaceObject"/>
     <ConditionParameter name="u" parameterTypeName="UserSession"/>
   </Condition>
   <Condition name="Ng5_isMassUpdateHasSolutionItemCreatable" expression="Condition::Ng5_MassUpdate_ValidateSecondaryObjects(p,w) AND (Condition::Ng5_isMFGUser(u) OR Condition::Ng5_isAdminGroup(u)) AND Condition::Ng5_MassUpdateValidtateForPrimary(p,u)"
       secured="false" description="This condition determines if NewItem relation is creatable for following conditions:&#x0A;a-Only MBOMItems are allowed&#x0A;b-Group ID of Mass Update Revision should match with Group ID of MBOM Items&#x0A;c-MBOM Analyst or admin are allowed to update the relation&#x0A;d-Restricts if Change State of MassUpdate is other than Initiated">
     <ConditionParameter name="p" parameterTypeName="ChangeItemRevision"/>
     <ConditionParameter name="w" parameterTypeName="WorkspaceObject"/>
     <ConditionParameter name="u" parameterTypeName="UserSession"/>
   </Condition>
   <Condition name="Ng5_isValidChildforMBOM" expression="child.fnd0CheckIfPropertyValueMatches(&quot;object_type&quot;,&quot;Ng5_MfgPartRevision&quot;,true)"
       secured="false" description="Only Manufacturing Parts are Allowed in MBOM">
     <ConditionParameter name="parent" parameterTypeName="Ng5_MfgPartRevision"/>
     <ConditionParameter name="child" parameterTypeName="Ng5_AbsItemRevision"/>
   </Condition>
   <Condition name="Ng5_isValidTypeforMBOM" expression="child.fnd0CheckIfPropertyValueMatches(&quot;object_type&quot;,&quot;Ng5_MfgPartRevision&quot;,true)"
       secured="false" description="Only Manufacturing Parts are Allowed in MBOM">
     <ConditionParameter name="parent" parameterTypeName="Ng5_MfgPartRevision"/>
     <ConditionParameter name="child" parameterTypeName="ItemRevision"/>
   </Condition>
   <TcTypeConstant name="Ng5_Sibling_PartCreCondition" dataType="String" defaultValue=""
       description="" isMultiValued="false" isValueAttachmentSecured="false" allowOpsDataUpdate="true"
       allowOpsDataUpdateOverride="true">
     <Scope typeName="Ng5_MassUpdateRevision"/>
   </TcTypeConstant>
   <TcTypeConstantAttach constantName="CMHasProblemItemCreCondition" typeName="Ng5_MassUpdateRevision"
       value="Ng5_isMassUpdateHasProblemCreatable"/>
   <TcTypeConstantAttach constantName="CMHasSolutionItemCreCondition" typeName="Ng5_MassUpdateRevision"
       value="Ng5_isMassUpdateHasSolutionItemCreatable"/>
   <TcTypeConstantAttach constantName="CreateInput" typeName="Ng5_MassUpdate" value="Ng5_MassUpdateCreI"/>
   <TcTypeConstantAttach constantName="CreateInput" typeName="Ng5_MassUpdateMaster"
       value="Ng5_MassUpdateMasterCreI"/>
   <TcTypeConstantAttach constantName="CreateInput" typeName="Ng5_MassUpdateMasterS"
       value="Ng5_MassUpdateMasterSCreI"/>
   <TcTypeConstantAttach constantName="CreateInput" typeName="Ng5_MassUpdateRevision"
       value="Ng5_MassUpdateRevisionCreI"/>
   <TcTypeConstantAttach constantName="CreateInput" typeName="Ng5_MassUpdateRevisionMaster"
       value="Ng5_MassUpdateRevision_alt0CreI"/>
   <TcTypeConstantAttach constantName="CreateInput" typeName="Ng5_MassUpdateRevMasterS"
       value="Ng5_MassUpdateRevMasterSCreI"/>
   <TcTypeConstantAttach constantName="CreateInput" typeName="Ng5_MBOM_Clone_Status_Mat"
       value="Ng5_MBOM_Clone_Status_MatCreI"/>
   <TcTypeConstantAttach constantName="CreateInput" typeName="Ng5_MfgCN" value="Ng5_MfgCNCreI"/>
   <TcTypeConstantAttach constantName="CreateInput" typeName="Ng5_MfgCNMaster" value="Ng5_MfgCNMasterCreI"/>
   <TcTypeConstantAttach constantName="CreateInput" typeName="Ng5_MfgCNMasterS" value="Ng5_MfgCNMasterSCreI"/>
   <TcTypeConstantAttach constantName="CreateInput" typeName="Ng5_MfgCNRevision" value="Ng5_MfgCNRevisionCreI"/>
   <TcTypeConstantAttach constantName="CreateInput" typeName="Ng5_MfgCNRevisionMaster"
       value="Ng5_MfgCNRevisionMasterCreI"/>
   <TcTypeConstantAttach constantName="CreateInput" typeName="Ng5_MfgCNRevMasterS"
       value="Ng5_MfgCNRevMasterSCreI"/>
   <TcTypeConstantAttach constantName="CreateInput" typeName="Ng5_rHasColorMBOM" value="Ng5_rHasColorMBOMCreI"/>
   <TcTypeConstantAttach constantName="CreateInput" typeName="Ng5_rHasEBOM" value="Ng5_rHasEBOMCreI"/>
   <TcTypeConstantAttach constantName="CreateInput" typeName="Ng5_rHasMBOMFile" value="Ng5_rHasMBOMFileCreI"/>
   <TcTypeConstantAttach constantName="CreateInput" typeName="Ng5_Sibling_Part" value="Ng5_Sibling_PartCreI"/>
   <TcTypeConstantAttach constantName="Fnd0Icon" typeName="Ng5_MassUpdate" value="Ng5_MassUpdate.png"/>
   <TcTypeConstantAttach constantName="Fnd0Icon" typeName="Ng5_MassUpdateRevision"
       value="Ng5_MassUpdateRev.png"/>
   <TcTypeConstantAttach constantName="Fnd0Icon" typeName="Ng5_MfgPart" value="Ng5_MfgPart.png"/>
   <TcTypeConstantAttach constantName="Fnd0Icon" typeName="Ng5_MfgPartRevision" value="Ng5_MfgPartRevision.png"/>
   <TcTypeConstantAttach constantName="ItemRevision" typeName="Ng5_MassUpdate" value="Ng5_MassUpdateRevision"/>
   <TcTypeConstantAttach constantName="ItemRevision" typeName="Ng5_MfgCN" value="Ng5_MfgCNRevision"/>
   <TcTypeConstantAttach constantName="MasterForm" typeName="Ng5_MassUpdate" value="Ng5_MassUpdateMaster"/>
   <TcTypeConstantAttach constantName="MasterForm" typeName="Ng5_MassUpdateRevision"
       value="Ng5_MassUpdateRevisionMaster"/>
   <TcTypeConstantAttach constantName="MasterForm" typeName="Ng5_MfgCN" value="Ng5_MfgCNMaster"/>
   <TcTypeConstantAttach constantName="MasterForm" typeName="Ng5_MfgCNRevision" value="Ng5_MfgCNRevisionMaster"/>
   <TcTypeConstantAttach constantName="Ng5_rHasMBOMItemCreCondition" typeName="Ng5_MMTransferRevision"
       value="Ng5_isMMTHasMBOMItemCreatable"/>
	<TcTypeConstantAttach constantName="Ng5_Sibling_PartCreCondition" typeName="Ng5_MassUpdateRevision"
       value="Ng5_isMassUpdateHasSolutionItemCreatable"/>
  <TcTypeConstantAttach constantName="ReviseInput" typeName="Ng5_MassUpdateRevision"
       value="Ng5_MassUpdateRevisionRevI"/>
   <TcTypeConstantAttach constantName="ReviseInput" typeName="Ng5_MfgCNRevision" value="Ng5_MfgCNRevisionRevI"/>
   <TcTypeConstantAttach constantName="SaveAsInput" typeName="Ng5_MBOM_Clone_Status_Mat" value="Ng5_MBOM_Clone_Status_MatSvAI"/>
   <TcTypeConstantAttach constantName="SaveAsInput" typeName="Ng5_MassUpdate" value="Ng5_MassUpdateSvAI"/>
   <TcTypeConstantAttach constantName="SaveAsInput" typeName="Ng5_MassUpdateMaster"
       value="Ng5_MassUpdateMasterSvAI"/>
   <TcTypeConstantAttach constantName="SaveAsInput" typeName="Ng5_MassUpdateMasterS"
       value="Ng5_MassUpdateMasterSSvAI"/>
   <TcTypeConstantAttach constantName="SaveAsInput" typeName="Ng5_MassUpdateRevision"
       value="Ng5_MassUpdateRevisionSvAI"/>
   <TcTypeConstantAttach constantName="SaveAsInput" typeName="Ng5_MassUpdateRevisionMaster"
       value="Ng5_MassUpdateRevision_alt0SvAI"/>
   <TcTypeConstantAttach constantName="SaveAsInput" typeName="Ng5_MassUpdateRevMasterS"
       value="Ng5_MassUpdateRevMasterSSvAI"/>
   <TcTypeConstantAttach constantName="SaveAsInput" typeName="Ng5_MfgCN" value="Ng5_MfgCNSvAI"/>
   <TcTypeConstantAttach constantName="SaveAsInput" typeName="Ng5_MfgCNMaster" value="Ng5_MfgCNMasterSvAI"/>
   <TcTypeConstantAttach constantName="SaveAsInput" typeName="Ng5_MfgCNMasterS" value="Ng5_MfgCNMasterSSvAI"/>
   <TcTypeConstantAttach constantName="SaveAsInput" typeName="Ng5_MfgCNRevision" value="Ng5_MfgCNRevisionSvAI"/>
   <TcTypeConstantAttach constantName="SaveAsInput" typeName="Ng5_MfgCNRevisionMaster"
       value="Ng5_MfgCNRevisionMasterSvAI"/>
   <TcTypeConstantAttach constantName="SaveAsInput" typeName="Ng5_MfgCNRevMasterS"
       value="Ng5_MfgCNRevMasterSSvAI"/>
   <TcTypeConstantAttach constantName="SaveAsInput" typeName="Ng5_rHasColorMBOM" value="Ng5_rHasColorMBOMSvAI"/>
   <TcTypeConstantAttach constantName="SaveAsInput" typeName="Ng5_rHasEBOM" value="Ng5_rHasEBOMSvAI"/>
   <TcTypeConstantAttach constantName="SaveAsInput" typeName="Ng5_rHasMBOMFile" value="Ng5_rHasMBOMFileSvAI"/>
   <TcTypeConstantAttach constantName="SaveAsInput" typeName="Ng5_Sibling_Part" value="Ng5_Sibling_PartSvAI"/>
   <TcPropertyConstantAttach constantName="Enabled" typeName="BOMLine" propertyName="ng5_bl_customer"
       value="true"/>
   <TcPropertyConstantAttach constantName="Enabled" typeName="BOMLine" propertyName="ng5_bl_mfg_colored_keys"
       value="true"/>
   <TcPropertyConstantAttach constantName="Enabled" typeName="BOMLine" propertyName="ng5_bl_plants"
       value="true"/>
   <TcPropertyConstantAttach constantName="Enabled" typeName="BOMLine" propertyName="ng5_bl_suffix"
       value="true"/>
   <TcPropertyConstantAttach constantName="Enabled" typeName="BOMLine" propertyName="Ng5_Plant_Usage"
       value="true"/>
   
   <TcPropertyConstantAttach constantName="Enabled" typeName="Ng5_CRRevision" propertyName="ng5_isImpactOnMfg"
       value="true"/>
   <TcPropertyConstantAttach constantName="Enabled" typeName="Ng5_EngPart" propertyName="Ng5_rHasPlantMBOM"
       value="true"/>
   <TcPropertyConstantAttach constantName="Enabled" typeName="Ng5_MassUpdateRevision"
       propertyName="ng5_Effective_Date" value="true"/>
   <TcPropertyConstantAttach constantName="Enabled" typeName="Ng5_MassUpdateRevision"
       propertyName="ng5_End_Effectivity" value="true"/>
   <TcPropertyConstantAttach constantName="Enabled" typeName="Ng5_MassUpdateRevision"
       propertyName="ng5_Mass_Update_State" value="false"/>
   <TcPropertyConstantAttach constantName="Enabled" typeName="Ng5_MassUpdateRevision"
       propertyName="ng5_Mass_Update_Type" value="true"/>
   <TcPropertyConstantAttach constantName="Enabled" typeName="Ng5_MassUpdateRevision"
       propertyName="ng5_Plants" value="false"/>
   <TcPropertyConstantAttach constantName="Enabled" typeName="Ng5_MassUpdateRevision"
       propertyName="Ng5_rHasValidationReport" value="true"/>
   <TcPropertyConstantAttach constantName="Enabled" typeName="Ng5_MassUpdateRevision"
       propertyName="Ng5_Sibling_Part" value="true"/>
   <TcPropertyConstantAttach constantName="Enabled" typeName="Ng5_MassUpdateRevision"
       propertyName="ng5_Start_Effectivity" value="true"/>
   <TcPropertyConstantAttach constantName="Enabled" typeName="Ng5_MBOM_Clone_Status_Mat"
       propertyName="ng5_EBOM_ID" value="true"/>
   <TcPropertyConstantAttach constantName="Enabled" typeName="Ng5_MBOM_Clone_Status_Mat"
       propertyName="ng5_MBOM_Mass_Clone_Status" value="true"/>
   <TcPropertyConstantAttach constantName="Enabled" typeName="Ng5_MfgCNRevision" propertyName="ng5_MBOM_Clone_Status"
       value="true"/>
   <TcPropertyConstantAttach constantName="Enabled" typeName="Ng5_MfgCNRevision" propertyName="ng5_plants"
       value="false"/>
   <TcPropertyConstantAttach constantName="Enabled" typeName="Ng5_MfgCNRevision" propertyName="ng5_programs"
       value="true"/>
   <TcPropertyConstantAttach constantName="Enabled" typeName="Ng5_MfgCNRevision" propertyName="ng5_reqcustpartno"
       value="true"/>
   <TcPropertyConstantAttach constantName="Enabled" typeName="Ng5_MfgCNRevision" propertyName="Ng5_rHasColorMBOM"
       value="true"/>
   <TcPropertyConstantAttach constantName="Enabled" typeName="Ng5_MfgCNRevision" propertyName="Ng5_rHasEBOM"
       value="true"/>
   <TcPropertyConstantAttach constantName="Enabled" typeName="Ng5_MfgCNRevision" propertyName="Ng5_rHasMBOMFile"
       value="true"/>
   <TcPropertyConstantAttach constantName="Enabled" typeName="Ng5_MfgCNRevision" propertyName="Ng5_rHasValidationForm"
       value="true"/>
   <TcPropertyConstantAttach constantName="Enabled" typeName="Ng5_MfgCNRevision" propertyName="Ng5_rHasValidationReport"
       value="true"/>
     
 
   <TcPropertyConstantAttach constantName="Enabled" typeName="Ng5_MfgPartRevision"
       propertyName="Ng5_rHasEngPartToMfgPartRev" value="true"/>
   <TcPropertyConstantAttach constantName="Enabled" typeName="Ng5_MfgPartRevision"
       propertyName="ng5_Source_MBOM" value="true"/>
   <TcPropertyConstantAttach constantName="Enabled" typeName="Ng5_PackagingPrt" propertyName="Ng5_rHasPlantMBOM"
       value="true"/>
   <TcPropertyConstantAttach constantName="Enabled" typeName="Ng5_PackagingPrtRevision"
       propertyName="Ng5_rHasPlantMBOM" value="true"/>
   <TcPropertyConstantAttach constantName="Enabled" typeName="Ng5_RawMaterial" propertyName="Ng5_rHasPlantMBOM" value="true"/>
   <TcPropertyConstantAttach constantName="Enabled" typeName="Ng5_ReadinessForm" propertyName="ng5_occ_efctvty_error"
       value="true"/>
   <TcPropertyConstantAttach constantName="Enabled" typeName="Ng5_ReadinessForm" propertyName="ng5_valid_effectivity"
       value="true"/>
   <TcPropertyConstantAttach constantName="Modifiable" typeName="BOMLine" propertyName="ng5_bl_customer"
       value="Write"/>
   <TcPropertyConstantAttach constantName="Modifiable" typeName="BOMLine" propertyName="ng5_bl_mfg_colored_keys"
       value="Write"/>
   <TcPropertyConstantAttach constantName="Modifiable" typeName="BOMLine" propertyName="ng5_bl_plants"
       value="Write"/>
   <TcPropertyConstantAttach constantName="Modifiable" typeName="BOMLine" propertyName="ng5_bl_suffix"
       value="Write"/>
   <TcPropertyConstantAttach constantName="Modifiable" typeName="BOMLine" propertyName="Ng5_Plant_Usage"
       value="Write"/>
  
   <TcPropertyConstantAttach constantName="Modifiable" typeName="Ng5_CRRevision" propertyName="ng5_isImpactOnMfg"
       value="Write"/>
   <TcPropertyConstantAttach constantName="Modifiable" typeName="Ng5_EngPart" propertyName="Ng5_rHasPlantMBOM"
       value="Write"/>
   <TcPropertyConstantAttach constantName="Modifiable" typeName="Ng5_MassUpdateRevision"
       propertyName="ng5_Effective_Date" value="Write"/>
   <TcPropertyConstantAttach constantName="Modifiable" typeName="Ng5_MassUpdateRevision"
       propertyName="ng5_End_Effectivity" value="Write"/>
   <TcPropertyConstantAttach constantName="Modifiable" typeName="Ng5_MassUpdateRevision"
       propertyName="ng5_Mass_Update_State" value="Write"/>
   <TcPropertyConstantAttach constantName="Modifiable" typeName="Ng5_MassUpdateRevision"
       propertyName="ng5_Mass_Update_Type" value="Write Only If Null"/>
   <TcPropertyConstantAttach constantName="Modifiable" typeName="Ng5_MassUpdateRevision"
       propertyName="ng5_Plants" value="Write"/>
   <TcPropertyConstantAttach constantName="Modifiable" typeName="Ng5_MassUpdateRevision"
       propertyName="Ng5_rHasValidationReport" value="Write"/>
   <TcPropertyConstantAttach constantName="Modifiable" typeName="Ng5_MassUpdateRevision"
       propertyName="Ng5_Sibling_Part" value="Write"/>
   <TcPropertyConstantAttach constantName="Modifiable" typeName="Ng5_MassUpdateRevision"
       propertyName="ng5_Start_Effectivity" value="Write"/>
   <TcPropertyConstantAttach constantName="Modifiable" typeName="Ng5_MBOM_Clone_Status_Mat"
       propertyName="ng5_EBOM_ID" value="Write"/>
   <TcPropertyConstantAttach constantName="Modifiable" typeName="Ng5_MBOM_Clone_Status_Mat"
       propertyName="ng5_MBOM_Mass_Clone_Status" value="Write"/>
   <TcPropertyConstantAttach constantName="Modifiable" typeName="Ng5_MfgCNRevision"
       propertyName="ng5_MBOM_Clone_Status" value="Write"/>
   <TcPropertyConstantAttach constantName="Modifiable" typeName="Ng5_MfgCNRevision"
       propertyName="ng5_plants" value="Write"/>
   <TcPropertyConstantAttach constantName="Modifiable" typeName="Ng5_MfgCNRevision"
       propertyName="ng5_programs" value="Write"/>
   <TcPropertyConstantAttach constantName="Modifiable" typeName="Ng5_MfgCNRevision"
       propertyName="ng5_reqcustpartno" value="Write"/>
   <TcPropertyConstantAttach constantName="Modifiable" typeName="Ng5_MfgCNRevision"
       propertyName="Ng5_rHasColorMBOM" value="Write"/>
   <TcPropertyConstantAttach constantName="Modifiable" typeName="Ng5_MfgCNRevision"
       propertyName="Ng5_rHasEBOM" value="Write"/>
   <TcPropertyConstantAttach constantName="Modifiable" typeName="Ng5_MfgCNRevision"
       propertyName="Ng5_rHasMBOMFile" value="Write"/>
   <TcPropertyConstantAttach constantName="Modifiable" typeName="Ng5_MfgCNRevision"
       propertyName="Ng5_rHasValidationForm" value="Write"/>
   <TcPropertyConstantAttach constantName="Modifiable" typeName="Ng5_MfgCNRevision"
       propertyName="Ng5_rHasValidationReport" value="Write"/>
   <TcPropertyConstantAttach constantName="Modifiable" typeName="Ng5_MfgPartRevision"
       propertyName="Ng5_rHasEngPartToMfgPartRev" value="Write"/>
<TcPropertyConstantAttach constantName="Required" typeName="Ng5_MassUpdateRevisionCreI"
       propertyName="ng5_Mass_Update_Type" value="true"/>
   <TcPropertyConstantAttach constantName="Required" typeName="Ng5_MassUpdateRevisionCreI"
       propertyName="ng5_Plants" value="false"/>
   <TcPropertyConstantAttach constantName="Modifiable" typeName="Ng5_MfgPartRevision"
       propertyName="ng5_Source_MBOM" value="Write"/>
   <TcPropertyConstantAttach constantName="Modifiable" typeName="Ng5_PackagingPrt"
       propertyName="Ng5_rHasPlantMBOM" value="Write"/>
   <TcPropertyConstantAttach constantName="Modifiable" typeName="Ng5_PackagingPrtRevision"
       propertyName="Ng5_rHasPlantMBOM" value="Write"/>
   <TcPropertyConstantAttach constantName="Modifiable" typeName="Ng5_RawMaterial"
       propertyName="Ng5_rHasPlantMBOM" value="Write"/>
   <TcPropertyConstantAttach constantName="Modifiable" typeName="Ng5_ReadinessForm"
       propertyName="ng5_occ_efctvty_error" value="Write"/>
   <TcPropertyConstantAttach constantName="Modifiable" typeName="Ng5_ReadinessForm"
       propertyName="ng5_valid_effectivity" value="Write"/>
   <TcPropertyConstantAttach constantName="Required" typeName="Ng5_MfgCNRevisionCreI"
       propertyName="ng5_plants" value="false"/>
   <TcPropertyConstantAttach constantName="Required" typeName="Ng5_MfgPartRevisionCreI"
       propertyName="ng5_mfgpart_type" value="true"/>
   <TcPropertyConstantAttach constantName="Required" typeName="Ng5_MfgPartRevisionCreI"
       propertyName="ng5_plants" value="true"/>
   <TcPropertyConstantAttach constantName="Visible" typeName="Ng5_MassUpdateRevisionCreI"
       propertyName="ng5_change_type" value="true"/>
   <TcPropertyConstantAttach constantName="Visible" typeName="Ng5_MassUpdateRevisionCreI"
       propertyName="ng5_long_desc" value="false"/>
   <TcCompoundPropertyRule destTypeName="BOMLine" destPropertyName="ng5_bl_customer"
       sourceTypeName="Ng5_MfgPartRevision" sourcePropertyName="ng5_customer" isReadOnly="false"
       pathToSource="REF(bl_revision,Ng5_MfgPartRevision).ng5_customer" description=""/>
   <TcCompoundPropertyRule destTypeName="BOMLine" destPropertyName="ng5_bl_mfg_colored_keys"
       sourceTypeName="Ng5_MfgPart" sourcePropertyName="ng5_colored_keys" isReadOnly="false"
       pathToSource="REF(bl_item,Ng5_MfgPart).ng5_colored_keys" description=""/>
   <TcCompoundPropertyRule destTypeName="BOMLine" destPropertyName="ng5_bl_plants"
       sourceTypeName="Ng5_MfgPartRevision" sourcePropertyName="ng5_plants" isReadOnly="false"
       pathToSource="REF(bl_revision,Ng5_MfgPartRevision).ng5_plants" description=""/>
   <TcCompoundPropertyRule destTypeName="BOMLine" destPropertyName="ng5_bl_suffix"
       sourceTypeName="Ng5_MfgPartRevision" sourcePropertyName="ng5_suffix" isReadOnly="false"
       pathToSource="REF(bl_revision,Ng5_MfgPartRevision).ng5_suffix" description=""/>
   <TcDeepCopyRule typeName="Ng5_EngPart" relRefPropName="Ng5_rHasPlantMBOM" propertyType="Relation"
       objectTypeName="Ng5_MfgPartRevision" conditionName="isTrue" operationName="ITEM_create_from_rev"
       copyType="NoCopy" isTargetPrimary="true" secured="true" copyRelationAttributes="false"
       isRequired="false" description=""/>
   <TcGRMRule primaryTypeName="Ng5_MfgCNRevision" secondaryTypeName="Ng5_EngPart"
       relationTypeName="Ng5_rHasEBOM" conditionName="isTrue" primaryCardinality="-1"
       secondaryCardinality="-1" secured="false" attachability="Unrestricted" changeability="Changeable"
       detachability="Unrestricted" description=""/>
   <TcGRMRule primaryTypeName="Ng5_MfgPartRevision" secondaryTypeName="Ng5_EngPartRevision"
       relationTypeName="Ng5_rHasEngPartToMfgPartRev" conditionName="isTrue" primaryCardinality="-1"
       secondaryCardinality="1" secured="false" attachability="WriteAccessReq" changeability="Changeable"
       detachability="WriteAccessReq" description=""/>
  <TcGRMRule primaryTypeName="Ng5_MfgPartRevision" secondaryTypeName="Ng5_PackagingPrtRevision"
       relationTypeName="Ng5_rHasEngPartToMfgPartRev" conditionName="isTrue" primaryCardinality="-1"
       secondaryCardinality="1" secured="false" attachability="WriteAccessReq" changeability="Changeable"
       detachability="WriteAccessReq" description=""/>
    <TcGRMRule primaryTypeName="Ng5_MfgPartRevision" secondaryTypeName="Ng5_RawMaterialRevision"
       relationTypeName="Ng5_rHasEngPartToMfgPartRev" conditionName="isTrue" primaryCardinality="-1"
       secondaryCardinality="1" secured="false" attachability="WriteAccessReq" changeability="Changeable"
       detachability="WriteAccessReq" description=""/>
	   <TcGRMRule primaryTypeName="Ng5_MfgPartRevision" secondaryTypeName="Ng5_PhantomPartRevision"
       relationTypeName="Ng5_rHasEngPartToMfgPartRev" conditionName="isTrue" primaryCardinality="-1"
       secondaryCardinality="-1" secured="false" attachability="WriteAccessReq" changeability="Changeable"
       detachability="WriteAccessReq" description=""/>
   <TcGRMRule primaryTypeName="Ng5_PackagingPrt" secondaryTypeName="Ng5_MfgPartRevision"
       relationTypeName="Ng5_rHasPlantMBOM" conditionName="isTrue" primaryCardinality="-1"
       secondaryCardinality="-1" secured="false" attachability="Unrestricted" changeability="Changeable"
       detachability="Unrestricted" description=""/>
   <TcGRMRule primaryTypeName="Ng5_MfgPart" secondaryTypeName="Ng5_MfgPartRevision"
       relationTypeName="Ng5_rHasPlantMBOM" conditionName="isTrue" primaryCardinality="-1"
       secondaryCardinality="-1" secured="false" attachability="Unrestricted" changeability="Changeable"
       detachability="Unrestricted" description=""/>
   <TcGRMRule primaryTypeName="Ng5_PackagingPrtRevision" secondaryTypeName="Ng5_MfgPartRevision"
       relationTypeName="Ng5_rHasPlantMBOM" conditionName="isTrue" primaryCardinality="-1"
       secondaryCardinality="-1" secured="false" attachability="Unrestricted" changeability="Changeable"
       detachability="Unrestricted" description=""/>
   <TcGRMRule primaryTypeName="Ng5_RawMaterial" secondaryTypeName="Ng5_MfgPartRevision"
       relationTypeName="Ng5_rHasPlantMBOM" conditionName="isTrue" primaryCardinality="1"
       secondaryCardinality="-1" secured="false" attachability="Unrestricted" changeability="Changeable"
       detachability="Unrestricted" description=""/>
   <TcExtension name="Ng5_BMF_ITEM_create_or_ref_id" internal="false" cannedExtension="true"
       languageType="CPlusPlus" libraryName="libNg5Core" description="">
     <TcExtensionValidity parameter="TYPE:Item:BMF_ITEM_create_or_ref_id:4"/>
   </TcExtension>
   <TcExtension name="Ng5_Validate_Mfg_CreateInput" internal="false" cannedExtension="true"
       languageType="CPlusPlus" libraryName="libNg5Core" description="_">
     <TcExtensionValidity parameter="TYPE:Ng5_MfgPartRevision:IMAN_save:1"/>
   </TcExtension>

	<TcExtension name="Ng5_CMHasImpactedItem_PostAction" internal="false" cannedExtension="true"
       languageType="CPlusPlus" libraryName="libNg5Core" description="">
     <TcExtensionValidity parameter="TYPE:CMHasImpactedItem:GRM_create:3"/>
   </TcExtension>
	<TcExtension name="Ng5_Sibling_Part_PostAction" internal="false" cannedExtension="true"
	languageType="CPlusPlus" libraryName="libNg5Core" description="">
	<TcExtensionValidity parameter="TYPE:Ng5_Sibling_Part:GRM_create:3"/>
   </TcExtension>
   <TcExtension name="Ng5_ValidatePlant_PreCondition" internal="false" cannedExtension="true"
       languageType="CPlusPlus" libraryName="libNg5Core" description="">
     <TcExtensionValidity parameter="TYPE:CMHasImpactedItem:GRM_create:1"/>
     <TcExtensionValidity parameter="TYPE:CMHasProblemItem:GRM_create:1"/>
     <TcExtensionValidity parameter="TYPE:CMHasSolutionItem:GRM_create:1"/>
     <TcExtensionValidity parameter="TYPE:Ng5_Sibling_Part:GRM_create:1"/>
   </TcExtension>
   <TcExtension name="Ng5_linkEBOMToPlantMBOM" internal="false" cannedExtension="true"
       languageType="CPlusPlus" libraryName="libNg5Core" description="">
     <TcExtensionValidity parameter="TYPE:Ng5_rHasPlantMBOM:IMAN_save:3"/>
   </TcExtension>
   <TcExtension name="Ng5_rHasMBOMItemPostAction" internal="false" cannedExtension="true"
       languageType="CPlusPlus" libraryName="libNg5Core" description="">
     <TcExtensionValidity parameter="TYPE:Ng5_rHasMBOMItem:GRM_create:3"/>
   </TcExtension>
   <TcExtension name="Ng5_rHasMBOMItemPreCondition" internal="false" cannedExtension="true"
       languageType="CPlusPlus" libraryName="libNg5Core" description="">
     <TcExtensionValidity parameter="TYPE:Ng5_rHasMBOMItem:GRM_create:1"/>
   </TcExtension>
   <TcExtension name="Ng5_updateMfgPartID" internal="false" cannedExtension="true"
       languageType="CPlusPlus" libraryName="libNg5Core" description="">
     <TcExtensionValidity parameter="TYPE:Ng5_MfgPartRevision:IMAN_save:3"/>
   </TcExtension>
	<TcExtensionAttach extensionName="Ng5_CMHasProblemItemCreatePostAction" operationName="GRM_create"
       isActive="true" extendableElementName="CMHasProblemItem" extendableElementType="Type"
       extensionPointType="PostAction" conditionName="isTrue" description=""/>
   <TcExtensionAttach extensionName="Ng5_linkEBOMToPlantMBOM" operationName="IMAN_save"
       isActive="true" extendableElementName="Ng5_rHasPlantMBOM" extendableElementType="Type"
       extensionPointType="PostAction" conditionName="isTrue" description=""/>
   <TcExtensionAttach extensionName="Ng5_BMF_ITEM_create_or_ref_id" operationName="BMF_ITEM_create_or_ref_id"
       isActive="true" extendableElementName="Item" extendableElementType="Type" extensionPointType="BaseAction"
       conditionName="isTrue" description=""/>
   <TcExtensionAttach extensionName="Ng5_CMHasImpactedItem_PostAction" operationName="GRM_create"
       isActive="true" extendableElementName="CMHasImpactedItem" extendableElementType="Type"
       extensionPointType="PostAction" conditionName="isTrue" description=""/>
   <TcExtensionAttach extensionName="Ng5_Sibling_Part_PostAction" operationName="GRM_create"
       isActive="true" extendableElementName="Ng5_Sibling_Part" extendableElementType="Type"
       extensionPointType="PostAction" conditionName="isTrue" description=""/>
   <TcExtensionAttach extensionName="Ng5_ValidatePlant_PreCondition" operationName="GRM_create"
       isActive="true" extendableElementName="CMHasImpactedItem" extendableElementType="Type"
       extensionPointType="PreCondition" conditionName="isTrue" description=""/>
   <TcExtensionAttach extensionName="Ng5_ValidatePlant_PreCondition" operationName="GRM_create"
       isActive="true" extendableElementName="CMHasProblemItem" extendableElementType="Type"
       extensionPointType="PreCondition" conditionName="isTrue" description=""/>
   <TcExtensionAttach extensionName="Ng5_ValidatePlant_PreCondition" operationName="GRM_create"
       isActive="true" extendableElementName="CMHasSolutionItem" extendableElementType="Type"
       extensionPointType="PreCondition" conditionName="isTrue" description=""/>
   <TcExtensionAttach extensionName="Ng5_ValidatePlant_PreCondition" operationName="GRM_create"
       isActive="true" extendableElementName="Ng5_Sibling_Part" extendableElementType="Type"
       extensionPointType="PreCondition" conditionName="isTrue" description=""/>
   <TcExtensionAttach extensionName="Ng5_Validate_Mfg_CreateInput" operationName="IMAN_save"
       isActive="true" extendableElementName="Ng5_MfgPartRevision" extendableElementType="Type"
       extensionPointType="PreCondition" conditionName="isTrue" description=""/>
   <TcExtensionAttach extensionName="Ng5_linkEBOMToPlantMBOM" operationName="IMAN_save"
       isActive="true" extendableElementName="Ng5_rHasPlantMBOM" extendableElementType="Type"
       extensionPointType="PostAction" conditionName="isTrue" description=""/>
   <TcExtensionAttach extensionName="Ng5_rHasMBOMItemPostAction" operationName="GRM_create"
       isActive="true" extendableElementName="Ng5_rHasMBOMItem" extendableElementType="Type"
       extensionPointType="PostAction" conditionName="isTrue" description=""/>
   <TcExtensionAttach extensionName="Ng5_rHasMBOMItemPreCondition" operationName="GRM_create"
       isActive="true" extendableElementName="Ng5_rHasMBOMItem" extendableElementType="Type"
       extensionPointType="PreCondition" conditionName="isTrue" description=""/>
   <TcExtensionAttach extensionName="Ng5_updateMfgPartID" operationName="IMAN_save"
       isActive="true" extendableElementName="Ng5_MfgPartRevision" extendableElementType="Type"
       extensionPointType="PostAction" conditionName="isTrue" description=""/>
   <TcNamingRule name="Ng5_MCNNamingRule">
     <TcPattern generateCounters="true" patternString="&quot;MCN-&quot;NNNNNNN">
       <TcCounter initialValue="MCN-0000001" maximumValue="MCN-9999999"/>
     </TcPattern>
   </TcNamingRule>
   <TcNamingRule name="Ng5_MassUpdateNamingRule">
     <TcPattern generateCounters="true" patternString="&quot;MFGUPD-&quot;NNNNNNN">
       <TcCounter initialValue="MFGUPD-0000001" maximumValue="MFGUPD-9999999"/>
     </TcPattern>
   </TcNamingRule>
   <TcNamingRuleAttach ruleName="Ng5_MCNNamingRule" typeName="Ng5_MfgCN" propertyName="item_id"
       case="Mix" conditionName="isTrue" override="false" ruleType="NamingRule" description=""/>
   <TcLOV name="Ng5_Blank_LOV" lovType="ListOfValuesString" usage="Exhaustive" description=""/>
   <TcNamingRuleAttach ruleName="Ng5_MassUpdateNamingRule" typeName="Ng5_MassUpdate"
       propertyName="item_id" case="Mix" conditionName="isTrue" override="false" ruleType="NamingRule"
       description=""/>
   <TcLOV name="Ng5_Mass_Update_Type" lovType="ListOfValuesString" usage="Exhaustive"
       description="">
     <TcLOVValue value="Add" description="" conditionName="isTrue"/>
     <TcLOVValue value="Add with Sibling" description="" conditionName="isTrue"/>
     <TcLOVValue value="Effect Out" description="" conditionName="isTrue"/>
     <TcLOVValue value="Effect Out Part2 where Part1 Exist" description="" conditionName="isTrue"/>
     <TcLOVValue value="Replace" description="" conditionName="isTrue"/>
     <TcLOVValue value="Modify" description="" conditionName="isTrue"/>
   </TcLOV>
   <LOVDynamic name="Ng5_MfgPartPlantRevision_DLOV" description="" usage="Exhaustive"
       queryClause="SELECT qid FROM Ng5_PlantRevision WHERE &quot;ng5_is_active&quot; = &quot;true&quot; AND &quot;active_seq&quot; != &quot;0&quot;"
       dataType="PROP_string" queryType="Ng5_PlantRevision" lovValueAttribute="ng5_me_complexobjstr"
       lovValueDescriptionAttribute="object_name"/>
   <TcLOV name="Ng5_MfgPartType_LOV" lovType="ListOfValuesString" usage="Exhaustive"
       description="" isManagedExternally="true"/>
   <TcLOV name="Ng5_Mfg_YES_NO_LOV" lovType="ListOfValuesString" usage="Exhaustive"
       description="">
     <TcLOVValue value="Yes" description="Yes" conditionName="isTrue"/>
     <TcLOVValue value="No" description="No" conditionName="isTrue"/>
   </TcLOV>
   <TcLOV name="Ng5_Plant_Usage_LOV" lovType="ListOfValuesString" usage="Exhaustive"
       description="" isManagedExternally="true"/>
   <TcLOVValueSubLOVAttach targetLOVName="Ng5_Mfg_YES_NO_LOV" targetValue="No" subLOVName="Ng5_Blank_LOV"
       conditionName="isTrue"/>
   <TcLOVValueSubLOVAttach targetLOVName="Ng5_Mfg_YES_NO_LOV" targetValue="Yes" subLOVName="Ng5_Customer_DLOV"
       conditionName="isTrue"/>
   <TcLOVAttach lovName="Ng5_MfgPartPlantRevision_DLOV" typeName="Ng5_MfgCNRevision">
     <TcLOVAttachPropertyInfo valuePropertyName="ng5_plants" conditionName="isTrue"
         override="false" level="0"/>
   </TcLOVAttach>
   <TcLOVAttach lovName="Ng5_Mass_Update_Type" typeName="Ng5_MassUpdateRevision">
     <TcLOVAttachPropertyInfo valuePropertyName="ng5_Mass_Update_Type" conditionName="isTrue"
         override="false" level="0"/>
   </TcLOVAttach>
   <TcLOVAttach lovName="Ng5_MfgPartPlantRevision_DLOV" typeName="Ng5_MfgPartRevision">
     <TcLOVAttachPropertyInfo valuePropertyName="ng5_plants" conditionName="isTrue"
         override="false" level="0"/>
   </TcLOVAttach>
   <TcLOVAttach lovName="Ng5_MfgPartType_LOV" typeName="Ng5_MfgPartRevision">
     <TcLOVAttachPropertyInfo valuePropertyName="ng5_mfgpart_type" conditionName="isTrue"
         override="false" level="0"/>
   </TcLOVAttach>
   <TcLOVAttach lovName="Ng5_Mfg_YES_NO_LOV" typeName="Ng5_MfgPartRevision">
     <TcLOVAttachPropertyInfo valuePropertyName="ng5_reqcustpartno" conditionName="isTrue"
         override="false" level="1"/>


     <TcLOVAttachPropertyInfo valuePropertyName="ng5_customer" conditionName="isTrue"
         override="false" level="2" parentPropertyName="ng5_reqcustpartno"/>
   </TcLOVAttach>
   
   <TcLOVAttach lovName="Ng5_PopulatePlant_DLOV" typeName="Ng5_MassUpdateRevision">
     <TcLOVAttachPropertyInfo valuePropertyName="ng5_Plants" conditionName="isTrue"
         override="false" level="0"/>
   </TcLOVAttach>
   
   <TcLOVAttach lovName="Ng5_Plant_Usage_LOV" typeName="BOMLine">
     <TcLOVAttachPropertyInfo valuePropertyName="Ng5_Plant_Usage" conditionName="isTrue"
         override="false" level="0"/>
   </TcLOVAttach>
   <TcNoteType noteTypeName="Ng5_Plant_Usage" lovName="Ng5_Plant_Usage_LOV" description="Plant Usage"/>
   <VerificationRule functionality="Fnd0OccurrenceConditionValidation" typeName="Ng5_MfgPartRevision"
       context="isTrue" conditionName="Ng5_isValidChildforMBOM"/>
   <VerificationRule functionality="Fnd0OccurrenceConditionValidation" typeName="Ng5_MfgPartRevision"
       context="isTrue" conditionName="Ng5_isValidTypeforMBOM"/>
   <PropertyRenderer name="Ng5_Mass_Update_Validation_Indicator" script="&lt;?xml version=&quot;1.0&quot; encoding=&quot;UTF-8&quot;?&gt;&#x0A;&lt;icons Version=&quot;1.0&quot;&gt; &#x0A;&lt;propertyMap name=&quot;muValidationMap&quot;&gt;&#x0A; &lt;item key  =&quot;Passed&quot; value =&quot;Ng5_MassUpdate_Pass.png&quot;/&gt;&#x0A; &lt;item key  =&quot;Failed&quot; value=&quot;Ng5_MassUpdate_Fail.png&quot;/&gt;&#x0A;&lt;/propertyMap&gt;&#x0A;&lt;primaryIcon source=&quot;Ng5_MassUpdateRev.png&quot;/&gt;&#x0A;&lt;overlayIcon source=&quot;ng5_Mass_Update_State&quot; mapName=&quot;muValidationMap&quot;/&gt; &#x0A;&lt;/icons&gt;"
       description="Ng5_Mass_Update_Validation_Indicator"/>
   <PropertyRendererAttach rendererName="Ng5_Mass_Update_Validation_Indicator" typeName="Ng5_MassUpdateRevision"
       propertyName="object_string" conditionName="isTrue"/>
</Add>
</TcBusinessData>
