<?xml version="1.0" encoding="UTF-8"?>
<TcBusinessData xmlns="http://teamcenter.com/BusinessModel/TcBusinessData" Date="">
<Add>
   <TcClass className="Ng5_PackagingPrt" parentClassName="Ng5_AbsItem" isExportable="false"
       isUninstantiable="false" isUninheritable="false" description="">
     <TcAttribute attributeName="ng5_org_program" description="" attributeType="POM_typed_reference"
         maxStringLength="0" isArray="false" followOnExport="false" isNullsAllowed="true"
         isUnique="false" isPublicRead="true" isPublicWrite="true" isCandidateKey="false"
         isTransient="false" exportAsString="false" noBackpointer="false" typedRefClassName="Ng5_MasterPrg"/>
     <TcAttribute attributeName="ng5_mfg_desc" description="" attributeType="POM_long_string"
         maxStringLength="0" isArray="false" followOnExport="false" isNullsAllowed="true"
         isUnique="false" isPublicRead="true" isPublicWrite="true" isCandidateKey="false"
         isTransient="false" exportAsString="false" noBackpointer="false" lowerBoundValue=""
         upperBoundValue=""/>
     <TcAttribute attributeName="ng5_tdm_env" description="" attributeType="POM_string"
         maxStringLength="128" isArray="false" followOnExport="false" isNullsAllowed="true"
         isUnique="false" isPublicRead="true" isPublicWrite="true" isCandidateKey="false"
         isTransient="false" exportAsString="false" noBackpointer="false" lowerBoundValue=""
         upperBoundValue=""/>
     <TcAttribute attributeName="ng5_freeform_text" description="" attributeType="POM_long_string"
         maxStringLength="0" isArray="false" followOnExport="false" isNullsAllowed="true"
         isUnique="false" isPublicRead="true" isPublicWrite="true" isCandidateKey="false"
         isTransient="false" exportAsString="false" noBackpointer="false" lowerBoundValue=""
         upperBoundValue=""/>
     <TcAttribute attributeName="ng5_program_number" description="" attributeType="POM_string"
         maxStringLength="128" isArray="false" followOnExport="false" isNullsAllowed="true"
         isUnique="false" isPublicRead="true" isPublicWrite="true" isCandidateKey="false"
         isTransient="false" exportAsString="false" noBackpointer="false" lowerBoundValue=""
         upperBoundValue=""/>
     <TcAttribute attributeName="ng5_adnt_plantnumber" description="" attributeType="POM_string"
         maxStringLength="128" isArray="false" followOnExport="false" isNullsAllowed="true"
         isUnique="false" isPublicRead="true" isPublicWrite="true" isCandidateKey="false"
         isTransient="false" exportAsString="false" noBackpointer="false" lowerBoundValue=""
         upperBoundValue=""/>
     <TcAttribute attributeName="ng5_adnt_customer" description="" attributeType="POM_string"
         maxStringLength="128" isArray="false" followOnExport="false" isNullsAllowed="true"
         isUnique="false" isPublicRead="true" isPublicWrite="true" isCandidateKey="false"
         isTransient="false" exportAsString="false" noBackpointer="false" lowerBoundValue=""
         upperBoundValue=""/>
     <TcAttribute attributeName="ng5_region_authority" description="" attributeType="POM_string"
         maxStringLength="128" isArray="false" followOnExport="false" isNullsAllowed="true"
         isUnique="false" isPublicRead="true" isPublicWrite="true" isCandidateKey="false"
         isTransient="false" exportAsString="false" noBackpointer="false" initialValue="NULL"
         lowerBoundValue="" upperBoundValue=""/>
     <TcAttribute attributeName="ng5_returnable_packaging" description="" attributeType="POM_string"
         maxStringLength="128" isArray="false" followOnExport="false" isNullsAllowed="true"
         isUnique="false" isPublicRead="true" isPublicWrite="true" isCandidateKey="false"
         isTransient="false" exportAsString="false" noBackpointer="false" initialValue="NULL"
         lowerBoundValue="" upperBoundValue=""/>
     <TcAttribute attributeName="ng5_legacy_number" description="" attributeType="POM_string"
         maxStringLength="128" isArray="false" followOnExport="false" isNullsAllowed="true"
         isUnique="false" isPublicRead="true" isPublicWrite="true" isCandidateKey="false"
         isTransient="false" exportAsString="false" noBackpointer="false" lowerBoundValue=""
         upperBoundValue=""/>
   </TcClass>
   <TcClass className="Ng5_PackagingPrtMasterS" parentClassName="Ng5_AbsItemMasterS"
       isExportable="false" isUninstantiable="false" isUninheritable="false" description=""/>
   <TcClass className="Ng5_PackagingPrtRevMasterS" parentClassName="Ng5_AbsItemRevMasterS"
       isExportable="false" isUninstantiable="false" isUninheritable="false" description=""/>
   <TcClass className="Ng5_PackagingPrtRevision" parentClassName="Ng5_AbsItemRevision"
       isExportable="false" isUninstantiable="false" isUninheritable="false" description=""/>
   <OperationInputType typeName="Ng5_PackagingPrtCreI" parentTypeName="Ng5_AbsItemCreI"
       typeClassName="Ng5_PackagingPrtCreI" description="CreateInput object for &quot;Ng5_PackagingPrt&quot; business object"
       isAbstract="false" artifactName="Ng5_PackagingPrtCreI">
     <OperationInputProperty propName="ng5_org_program" compoundObjectConstant=""
         srcPropName="ng5_org_program" compoundObjectType="" fieldType="SimpleProperty"
         description=""/>
     <OperationInputProperty propName="ng5_mfg_desc" compoundObjectConstant="" srcPropName="ng5_mfg_desc"
         compoundObjectType="" fieldType="SimpleProperty" description=""/>
     <OperationInputProperty propName="ng5_tdm_env" compoundObjectConstant="" srcPropName="ng5_tdm_env"
         compoundObjectType="" fieldType="SimpleProperty" description=""/>
     <OperationInputProperty propName="ng5_freeform_text" compoundObjectConstant=""
         srcPropName="ng5_freeform_text" compoundObjectType="" fieldType="SimpleProperty"
         description=""/>
     <OperationInputProperty propName="ng5_program_number" compoundObjectConstant=""
         srcPropName="ng5_program_number" compoundObjectType="" fieldType="SimpleProperty"
         description=""/>
     <OperationInputProperty propName="ng5_adnt_plantnumber" compoundObjectConstant=""
         srcPropName="ng5_adnt_plantnumber" compoundObjectType="" fieldType="SimpleProperty"
         description=""/>
     <OperationInputProperty propName="ng5_adnt_customer" compoundObjectConstant=""
         srcPropName="ng5_adnt_customer" compoundObjectType="" fieldType="SimpleProperty"
         description=""/>
     <OperationInputProperty propName="ng5_region_authority" compoundObjectConstant=""
         srcPropName="ng5_region_authority" compoundObjectType="" fieldType="SimpleProperty"
         description=""/>
     <OperationInputProperty propName="ng5_returnable_packaging" compoundObjectConstant=""
         srcPropName="ng5_returnable_packaging" compoundObjectType="" fieldType="SimpleProperty"
         description=""/>
     <OperationInputProperty propName="ng5_legacy_number" compoundObjectConstant=""
         srcPropName="ng5_legacy_number" compoundObjectType="" fieldType="SimpleProperty"
         description=""/>
     <OperationInputProperty propName="ng5Ng5_rHasMatlMstr" compoundObjectConstant=""
         srcPropName="Ng5_rHasMatlMstr" compoundObjectType="" fieldType="SimpleProperty"
         description=""/>
     <OperationInputProperty propName="ng5Ng5_rHasICEPartForm" compoundObjectConstant=""
         srcPropName="Ng5_rHasICEPartForm" compoundObjectType="" fieldType="SimpleProperty"
         description=""/>
     <OperationInputProperty propName="ng5Ng5_rHasPlantMBOM" compoundObjectConstant=""
         srcPropName="Ng5_rHasPlantMBOM" compoundObjectType="" fieldType="SimpleProperty"
         description=""/>
   </OperationInputType>
   <OperationInputType typeName="Ng5_PackagingPrtMasterCreI" parentTypeName="Ng5_AbsItemMasterCreI"
       typeClassName="Ng5_PackagingPrtMasterCreI" description="CreateInput object for &quot;Ng5_PackagingPrtMaster&quot; business object"
       isAbstract="false" artifactName="Ng5_PackagingPrtMasterCreI"/>
   <OperationInputType typeName="Ng5_PackagingPrtMasterSCreI" parentTypeName="Ng5_AbsItemMasterSCreI"
       typeClassName="Ng5_PackagingPrtMasterSCreI" description="CreateInput object for &quot;Ng5_PackagingPrtMasterS&quot; business object"
       isAbstract="false" artifactName="Ng5_PackagingPrtMasterSCreI"/>
   <OperationInputType typeName="Ng5_PackagingPrtMasterSSvAI" parentTypeName="Ng5_AbsItemMasterSSvAI"
       typeClassName="Ng5_PackagingPrtMasterSSvAI" description="SaveAsInput object for &quot;Ng5_PackagingPrtMasterS&quot; business object"
       isAbstract="false" artifactName="Ng5_PackagingPrtMasterSSvAI"/>
   <OperationInputType typeName="Ng5_PackagingPrtMasterSvAI" parentTypeName="Ng5_AbsItemMasterSvAI"
       typeClassName="Ng5_PackagingPrtMasterSvAI" description="SaveAsInput object for &quot;Ng5_PackagingPrtMaster&quot; business object"
       isAbstract="false" artifactName="Ng5_PackagingPrtMasterSvAI"/>
   <OperationInputType typeName="Ng5_PackagingPrtRevMasterSCreI" parentTypeName="Ng5_AbsItemRevMasterSCreI"
       typeClassName="Ng5_PackagingPrtRevMasterSCreI" description="CreateInput object for &quot;Ng5_PackagingPrtRevMasterS&quot; business object"
       isAbstract="false" artifactName="Ng5_PackagingPrtRevMasterSCreI"/>
   <OperationInputType typeName="Ng5_PackagingPrtRevMasterSSvAI" parentTypeName="Ng5_AbsItemRevMasterSSvAI"
       typeClassName="Ng5_PackagingPrtRevMasterSSvAI" description="SaveAsInput object for &quot;Ng5_PackagingPrtRevMasterS&quot; business object"
       isAbstract="false" artifactName="Ng5_PackagingPrtRevMasterSSvAI"/>
   <OperationInputType typeName="Ng5_PackagingPrtRevisi_alt0CreI" parentTypeName="Ng5_AbsItemRevisionMasterCreI"
       typeClassName="Ng5_PackagingPrtRevisi_alt0CreI" description="CreateInput object for &quot;Ng5_PackagingPrtRevisionMaster&quot; business object"
       isAbstract="false" artifactName="Ng5_PackagingPrtRevisi_alt0CreI"/>
   <OperationInputType typeName="Ng5_PackagingPrtRevisi_alt0SvAI" parentTypeName="Ng5_AbsItemRevisionMasterSvAI"
       typeClassName="Ng5_PackagingPrtRevisi_alt0SvAI" description="SaveAsInput object for &quot;Ng5_PackagingPrtRevisionMaster&quot; business object"
       isAbstract="false" artifactName="Ng5_PackagingPrtRevisi_alt0SvAI"/>
   <OperationInputType typeName="Ng5_PackagingPrtRevisionCreI" parentTypeName="Ng5_AbsItemRevisionCreI"
       typeClassName="Ng5_PackagingPrtRevisionCreI" description="CreateInput object for &quot;Ng5_PackagingPrtRevision&quot; business object"
       isAbstract="false" artifactName="Ng5_PackagingPrtRevisionCreI">
     <OperationInputProperty propName="ng5Ng5_rHasPlantMBOM" compoundObjectConstant=""
         srcPropName="Ng5_rHasPlantMBOM" compoundObjectType="" fieldType="SimpleProperty"
         description=""/>
   </OperationInputType>
   <OperationInputType typeName="Ng5_PackagingPrtRevisionRevI" parentTypeName="Ng5_AbsItemRevisionRevI"
       typeClassName="Ng5_PackagingPrtRevisionRevI" description="ReviseInput object for &quot;Ng5_PackagingPrtRevision&quot; business object"
       isAbstract="false" artifactName="Ng5_PackagingPrtRevisionRevI"/>
   <OperationInputType typeName="Ng5_PackagingPrtRevisionSvAI" parentTypeName="Ng5_AbsItemRevisionSvAI"
       typeClassName="Ng5_PackagingPrtRevisionSvAI" description="SaveAsInput object for &quot;Ng5_PackagingPrtRevision&quot; business object"
       isAbstract="false" artifactName="Ng5_PackagingPrtRevisionSvAI"/>
   <OperationInputType typeName="Ng5_PackagingPrtSvAI" parentTypeName="Ng5_AbsItemSvAI"
       typeClassName="Ng5_PackagingPrtSvAI" description="SaveAsInput object for &quot;Ng5_PackagingPrt&quot; business object"
       isAbstract="false" artifactName="Ng5_PackagingPrtSvAI"/>
   <TcForm typeName="Ng5_PackagingPrtMaster" parentTypeName="Ng5_AbsItemMaster" typeClassName="Form"
       description="MasterForm object for &quot;Ng5_PackagingPrt&quot; business object"
       isAbstract="false" artifactName="Ng5_PackagingPrtMaster" functionality="Ng5newgeneration"
       formStorageClassName="Ng5_PackagingPrtMasterS"/>
   <TcForm typeName="Ng5_PackagingPrtRevisionMaster" parentTypeName="Ng5_AbsItemRevisionMaster"
       typeClassName="Form" description="MasterForm object for &quot;Ng5_PackagingPrtRevision&quot; business object"
       isAbstract="false" artifactName="Ng5_PackagingPrtRevisionMaster" functionality="Ng5newgeneration"
       formStorageClassName="Ng5_PackagingPrtRevMasterS"/>
   <TcStandardType typeName="Ng5_PackagingPrt" parentTypeName="Ng5_AbsItem" typeClassName="Ng5_PackagingPrt"
       description="" isAbstract="false" artifactName="Ng5_PackagingPrt" functionality="Ng5newgeneration">
     <TcProperty propName="Ng5_rPartHasCustomerPrtForm" propTypeName="Relation" propValueType="PROP_untyped_relation"
         propMaxStringLength="0" isArray="true" arrayLength="-1" description="Part Has Customer Part Form"
         referencedTypeConstant="" referencedType=""/>
     <TcProperty propName="Ng5_rHasMatlMstr" propTypeName="Relation" propValueType="PROP_untyped_relation"
         propMaxStringLength="0" isArray="true" arrayLength="-1" description="" referencedTypeConstant=""
         referencedType=""/>
     <TcProperty propName="Ng5_rHasICEPartForm" propTypeName="Relation" propValueType="PROP_untyped_relation"
         propMaxStringLength="0" isArray="true" arrayLength="-1" description="" referencedTypeConstant=""
         referencedType=""/>
     <TcProperty propName="Ng5_rHasPlantMBOM" propTypeName="Relation" propValueType="PROP_untyped_relation"
         propMaxStringLength="0" isArray="true" arrayLength="-1" description="" referencedTypeConstant=""
         referencedType=""/>
   </TcStandardType>
   <TcStandardType typeName="Ng5_PackagingPrtMasterS" parentTypeName="Ng5_AbsItemMasterS"
       typeClassName="Ng5_PackagingPrtMasterS" description="Form Storage object for &quot;Ng5_PackagingPrtMaster&quot; business object"
       isAbstract="false" artifactName="Ng5_PackagingPrtMasterS" functionality="Ng5newgeneration"/>
   <TcStandardType typeName="Ng5_PackagingPrtRevMasterS" parentTypeName="Ng5_AbsItemRevMasterS"
       typeClassName="Ng5_PackagingPrtRevMasterS" description="Form Storage object for &quot;Ng5_PackagingPrtRevMaster&quot; business object"
       isAbstract="false" artifactName="Ng5_PackagingPrtRevMasterS" functionality="Ng5newgeneration"/>
   <TcStandardType typeName="Ng5_PackagingPrtRevision" parentTypeName="Ng5_AbsItemRevision"
       typeClassName="Ng5_PackagingPrtRevision" description="ItemRevision object for &quot;Ng5_PackagingPrt&quot;  business object"
       isAbstract="false" artifactName="Ng5_PackagingPrtRevision" functionality="Ng5newgeneration">
     <TcProperty propName="Ng5_rHasPlantMBOM" propTypeName="Relation" propValueType="PROP_untyped_relation"
         propMaxStringLength="0" isArray="true" arrayLength="-1" description="" referencedTypeConstant=""
         referencedType=""/>
   </TcStandardType>
   <Condition name="Ng5_isPackagingPrt" expression="1=0" secured="false" description="Packaging Parts cannot be added to BOM Structure">
     <ConditionParameter name="parent" parameterTypeName="Ng5_AbsItemRevision"/>
     <ConditionParameter name="child" parameterTypeName="Ng5_PackagingPrtRevision"/>
   </Condition>
   <TcTypeConstantAttach constantName="Awp0SearchClassifySearchEnabled" typeName="WorkspaceObject"
       value="true"/>
   <TcTypeConstantAttach constantName="Awp0SearchIsClassifyDataIndexed" typeName="Item"
       value="true"/>
   <TcTypeConstantAttach constantName="Awp0SearchIsIndexed" typeName="Item" value="true"/>
   <TcTypeConstantAttach constantName="CreateInput" typeName="Ng5_PackagingPrt" value="Ng5_PackagingPrtCreI"/>
   <TcTypeConstantAttach constantName="CreateInput" typeName="Ng5_PackagingPrtMaster"
       value="Ng5_PackagingPrtMasterCreI"/>
   <TcTypeConstantAttach constantName="CreateInput" typeName="Ng5_PackagingPrtMasterS"
       value="Ng5_PackagingPrtMasterSCreI"/>
   <TcTypeConstantAttach constantName="CreateInput" typeName="Ng5_PackagingPrtRevision"
       value="Ng5_PackagingPrtRevisionCreI"/>
   <TcTypeConstantAttach constantName="CreateInput" typeName="Ng5_PackagingPrtRevisionMaster"
       value="Ng5_PackagingPrtRevisi_alt0CreI"/>
   <TcTypeConstantAttach constantName="CreateInput" typeName="Ng5_PackagingPrtRevMasterS"
       value="Ng5_PackagingPrtRevMasterSCreI"/>
   <TcTypeConstantAttach constantName="Fnd0AllowReviseOperation" typeName="Ng5_PackagingPrtRevision"
       value="false"/>
   <TcTypeConstantAttach constantName="Fnd0Icon" typeName="Ng5_PackagingPrt" value="Ng5_Packaging.png"/>
   <TcTypeConstantAttach constantName="Fnd0Icon" typeName="Ng5_PackagingPrtRevision"
       value="Ng5_Packaging.png"/>
   <TcTypeConstantAttach constantName="ItemRevision" typeName="Ng5_PackagingPrt" value="Ng5_PackagingPrtRevision"/>
   <TcTypeConstantAttach constantName="MasterForm" typeName="Ng5_PackagingPrt" value="Ng5_PackagingPrtMaster"/>
   <TcTypeConstantAttach constantName="MasterForm" typeName="Ng5_PackagingPrtRevision"
       value="Ng5_PackagingPrtRevisionMaster"/>
   <TcTypeConstantAttach constantName="ReviseInput" typeName="Ng5_PackagingPrtRevision"
       value="Ng5_PackagingPrtRevisionRevI"/>
   <TcTypeConstantAttach constantName="SaveAsInput" typeName="Ng5_PackagingPrt" value="Ng5_PackagingPrtSvAI"/>
   <TcTypeConstantAttach constantName="SaveAsInput" typeName="Ng5_PackagingPrtMaster"
       value="Ng5_PackagingPrtMasterSvAI"/>
   <TcTypeConstantAttach constantName="SaveAsInput" typeName="Ng5_PackagingPrtMasterS"
       value="Ng5_PackagingPrtMasterSSvAI"/>
   <TcTypeConstantAttach constantName="SaveAsInput" typeName="Ng5_PackagingPrtRevision"
       value="Ng5_PackagingPrtRevisionSvAI"/>
   <TcTypeConstantAttach constantName="SaveAsInput" typeName="Ng5_PackagingPrtRevisionMaster"
       value="Ng5_PackagingPrtRevisi_alt0SvAI"/>
   <TcTypeConstantAttach constantName="SaveAsInput" typeName="Ng5_PackagingPrtRevMasterS"
       value="Ng5_PackagingPrtRevMasterSSvAI"/>
   <TcPropertyConstantAttach constantName="Enabled" typeName="Ng5_PackagingPrt" propertyName="ng5_adnt_customer"
       value="true"/>
   <TcPropertyConstantAttach constantName="Enabled" typeName="Ng5_PackagingPrt" propertyName="ng5_adnt_plantnumber"
       value="true"/>
   <TcPropertyConstantAttach constantName="Enabled" typeName="Ng5_PackagingPrt" propertyName="ng5_freeform_text"
       value="true"/>
   <TcPropertyConstantAttach constantName="Enabled" typeName="Ng5_PackagingPrt" propertyName="ng5_legacy_number"
       value="true"/>
   <TcPropertyConstantAttach constantName="Enabled" typeName="Ng5_PackagingPrt" propertyName="ng5_mfg_desc"
       value="true"/>
   <TcPropertyConstantAttach constantName="Enabled" typeName="Ng5_PackagingPrt" propertyName="ng5_org_program"
       value="true"/>
   <TcPropertyConstantAttach constantName="Enabled" typeName="Ng5_PackagingPrt" propertyName="ng5_program_number"
       value="true"/>
   <TcPropertyConstantAttach constantName="Enabled" typeName="Ng5_PackagingPrt" propertyName="ng5_region_authority"
       value="true"/>
   <TcPropertyConstantAttach constantName="Enabled" typeName="Ng5_PackagingPrt" propertyName="ng5_returnable_packaging"
       value="true"/>
   <TcPropertyConstantAttach constantName="Enabled" typeName="Ng5_PackagingPrt" propertyName="Ng5_rHasICEPartForm"
       value="true"/>
   <TcPropertyConstantAttach constantName="Enabled" typeName="Ng5_PackagingPrt" propertyName="Ng5_rHasMatlMstr"
       value="true"/>
   <TcPropertyConstantAttach constantName="Enabled" typeName="Ng5_PackagingPrt" propertyName="Ng5_rPartHasCustomerPrtForm"
       value="true"/>
   <TcPropertyConstantAttach constantName="Enabled" typeName="Ng5_PackagingPrt" propertyName="ng5_tdm_env"
       value="true"/>
   <TcPropertyConstantAttach constantName="InitialValue" typeName="Ng5_PackagingPrt"
       propertyName="ng5_tdm_env" value="NONE"/>
   <TcPropertyConstantAttach constantName="Modifiable" typeName="Ng5_PackagingPrt"
       propertyName="ng5_adnt_customer" value="Write"/>
   <TcPropertyConstantAttach constantName="Modifiable" typeName="Ng5_PackagingPrt"
       propertyName="ng5_adnt_plantnumber" value="Write"/>
   <TcPropertyConstantAttach constantName="Modifiable" typeName="Ng5_PackagingPrt"
       propertyName="ng5_freeform_text" value="Write"/>
   <TcPropertyConstantAttach constantName="Modifiable" typeName="Ng5_PackagingPrt"
       propertyName="ng5_legacy_number" value="Write"/>
   <TcPropertyConstantAttach constantName="Modifiable" typeName="Ng5_PackagingPrt"
       propertyName="ng5_mfg_desc" value="Write"/>
   <TcPropertyConstantAttach constantName="Modifiable" typeName="Ng5_PackagingPrt"
       propertyName="ng5_org_program" value="Write"/>
   <TcPropertyConstantAttach constantName="Modifiable" typeName="Ng5_PackagingPrt"
       propertyName="ng5_program_number" value="Write"/>
   <TcPropertyConstantAttach constantName="Modifiable" typeName="Ng5_PackagingPrt"
       propertyName="ng5_region_authority" value="Write"/>
   <TcPropertyConstantAttach constantName="Modifiable" typeName="Ng5_PackagingPrt"
       propertyName="ng5_returnable_packaging" value="Write"/>
   <TcPropertyConstantAttach constantName="Modifiable" typeName="Ng5_PackagingPrt"
       propertyName="Ng5_rHasICEPartForm" value="Write"/>
   <TcPropertyConstantAttach constantName="Modifiable" typeName="Ng5_PackagingPrt"
       propertyName="Ng5_rHasMatlMstr" value="Write"/>
   <TcPropertyConstantAttach constantName="Modifiable" typeName="Ng5_PackagingPrt"
       propertyName="Ng5_rPartHasCustomerPrtForm" value="Write"/>
   <TcPropertyConstantAttach constantName="Modifiable" typeName="Ng5_PackagingPrt"
       propertyName="ng5_tdm_env" value="Write"/>
   <TcPropertyConstantAttach constantName="Required" typeName="Ng5_PackagingPrt" propertyName="ng5_region_authority"
       value="true"/>
   <TcPropertyConstantAttach constantName="Required" typeName="Ng5_PackagingPrt" propertyName="ng5_returnable_packaging"
       value="true"/>
   <TcDeepCopyRule typeName="Ng5_PackagingPrt" relRefPropName="Ng5_rHasICEPartForm"
       propertyType="Relation" objectTypeName="Ng5_ICEPartForm" conditionName="isTrue"
       operationName="ITEM_create_from_rev" copyType="NoCopy" isTargetPrimary="true"
       secured="true" copyRelationAttributes="true" isRequired="false" description=""/>
   <TcDeepCopyRule typeName="Ng5_PackagingPrt" relRefPropName="Ng5_rHasMatlMstr" propertyType="Relation"
       objectTypeName="Ng5_MatlMaster" conditionName="isTrue" operationName="ITEM_create_from_rev"
       copyType="NoCopy" isTargetPrimary="true" secured="true" copyRelationAttributes="true"
       isRequired="false" description=""/>
   <TcDeepCopyRule typeName="Ng5_PackagingPrt" relRefPropName="Ng5_rPartHasCustomerPrtForm"
       propertyType="Relation" objectTypeName="Ng5_CustomerPartForm" conditionName="isTrue"
       operationName="ITEM_create_from_rev" copyType="NoCopy" isTargetPrimary="true"
       secured="true" copyRelationAttributes="true" isRequired="false" description=""/>
   <TcGRMRule primaryTypeName="Ng5_PackagingPrt" secondaryTypeName="Dataset" relationTypeName="IMAN_reference"
       conditionName="isTrue" primaryCardinality="-1" secondaryCardinality="-1" secured="false"
       attachability="WriteAccessReq" changeability="Changeable" detachability="WriteAccessReq"
       description=""/>
   <TcGRMRule primaryTypeName="Ng5_PackagingPrt" secondaryTypeName="Ng5_CustomerPartForm"
       relationTypeName="Ng5_rPartHasCustomerPrtForm" conditionName="isTrue" primaryCardinality="-1"
       secondaryCardinality="-1" secured="false" attachability="WriteAccessReq" changeability="Changeable"
       detachability="Unrestricted" description=""/>
   <TcGRMRule primaryTypeName="Ng5_PackagingPrt" secondaryTypeName="Ng5_ICEPartForm"
       relationTypeName="Ng5_rHasICEPartForm" conditionName="Ng5_isMMRole" primaryCardinality="1"
       secondaryCardinality="1" secured="false" attachability="Unrestricted" changeability="Changeable"
       detachability="Unrestricted" description=""/>
   <TcGRMRule primaryTypeName="Ng5_PackagingPrt" secondaryTypeName="Ng5_MatlMaster"
       relationTypeName="Ng5_rHasMatlMstr" conditionName="Ng5_isMMRole" primaryCardinality="1"
       secondaryCardinality="-1" secured="false" attachability="Unrestricted" changeability="Changeable"
       detachability="Unrestricted" description=""/>
   <TcTypeDisplayRule hiddenTypeName="Ng5_CustomerPartForm" accessorName="Packaging Engineer in Supply Chain Management.Internal"
       accessorType="RoleInGroup" conditionName="isFalse" description=""/>
   <TcTypeDisplayRule hiddenTypeName="Ng5_PackagingPrt" accessorName="Admin" accessorType="Group"
       conditionName="isFalse" description=""/>
   <TcTypeDisplayRule hiddenTypeName="Ng5_PackagingPrt" accessorName="dba" accessorType="Group"
       conditionName="isFalse" description=""/>
   <TcTypeDisplayRule hiddenTypeName="Ng5_PackagingPrt" accessorName="Organization"
       accessorType="Organization" conditionName="isTrue" description=""/>
   <TcTypeDisplayRule hiddenTypeName="Ng5_PackagingPrt" accessorName="Packaging Engineer in Supply Chain Management.Internal"
       accessorType="RoleInGroup" conditionName="isFalse" description=""/>
   <TcNamingRule name="Ng5_PackagingPrt_ItemId_NR">
     <TcPattern generateCounters="true" patternString="nnnnnnn" description="7 digit number">
       <TcCounter initialValue="0000001" maximumValue="9999999"/>
     </TcPattern>
   </TcNamingRule>
   <TcNamingRuleAttach ruleName="Ng5_PackagingPrt_ItemId_NR" typeName="Ng5_PackagingPrt"
       propertyName="item_id" case="Mix" conditionName="isTrue" override="false" ruleType="NamingRule"
       description=""/>
   <LOVDynamic name="Ng5_PackagingProgram" description="" usage="Exhaustive" queryClause="SELECT qid FROM Ng5_MasterPrg WHERE &quot;object_desc&quot; = &quot;NA Standard Containers&quot;"
       dataType="PROP_typed_reference" queryType="Ng5_MasterPrg" lovValueAttribute="item_id"
       lovValueDescriptionAttribute="object_name"/>
   <TcLOV name="Ng5_PackagingPrt_Name_LOV" lovType="ListOfValuesString" usage="Exhaustive"
       description="" isManagedExternally="true"/>
   <TcLOV name="Ng5_PackagingPrt_RegionAuth_LOV" lovType="ListOfValuesString" usage="Exhaustive"
       description="">
     <TcLOVValue value="Americas" description="" conditionName="isTrue"/>
     <TcLOVValue value="Europe" description="" conditionName="isTrue"/>
   </TcLOV>
   <TcLOV name="Ng5_PackagingPrt_ReturnPack_LOV" lovType="ListOfValuesString" usage="Exhaustive"
       description="">
     <TcLOVValue value="Yes" description="" conditionName="isTrue"/>
     <TcLOVValue value="No" description="" conditionName="isTrue"/>
   </TcLOV>
   <TcLOVAttach lovName="Ng5_OEM_Name_LOV" typeName="Ng5_PackagingPrt">
     <TcLOVAttachPropertyInfo valuePropertyName="ng5_adnt_customer" conditionName="isTrue"
         override="false" level="0"/>
   </TcLOVAttach>
   <TcLOVAttach lovName="Ng5_PackagingProgram" typeName="Ng5_PackagingPrt">
     <TcLOVAttachPropertyInfo valuePropertyName="ng5_org_program" conditionName="isTrue"
         override="false" level="0"/>
   </TcLOVAttach>
   <TcLOVAttach lovName="Ng5_PackagingPrt_Name_LOV" typeName="Ng5_PackagingPrt">
     <TcLOVAttachPropertyInfo valuePropertyName="object_name" conditionName="isTrue"
         override="false" level="0"/>
   </TcLOVAttach>
   <TcLOVAttach lovName="Ng5_PackagingPrt_RegionAuth_LOV" typeName="Ng5_PackagingPrt">
     <TcLOVAttachPropertyInfo valuePropertyName="ng5_region_authority" conditionName="isTrue"
         override="false" level="0"/>
   </TcLOVAttach>
   <TcLOVAttach lovName="Ng5_PackagingPrt_ReturnPack_LOV" typeName="Ng5_PackagingPrt">
     <TcLOVAttachPropertyInfo valuePropertyName="ng5_returnable_packaging" conditionName="isTrue"
         override="false" level="0"/>
   </TcLOVAttach>
   <VerificationRule functionality="Fnd0OccurrenceConditionValidation" typeName="Ng5_AbsItemRevision"
       context="isTrue" conditionName="Ng5_isPackagingPrt"/>
</Add>
</TcBusinessData>
