<?xml version="1.0" encoding="UTF-8"?>
<TcBusinessData xmlns="http://teamcenter.com/BusinessModel/TcBusinessData" Date="">
<Add>
   <TcClass className="Ng5_rHas150BOM" parentClassName="Ng5_rAbsRelation" isExportable="true"
       isUninstantiable="false" isUninheritable="false" description=""/>
   <TcClass className="Ng5_rHasConfigContext" parentClassName="Ng5_rAbsRelation" isExportable="false"
       isUninstantiable="false" isUninheritable="false" description=""/>
   <TcClass className="Ng5_rHasConfiguredBOM" parentClassName="Ng5_rAbsRelation" isExportable="false"
       isUninstantiable="false" isUninheritable="false" description=""/>
   <TcAttributeAttach className="ProjectObjectRelation">
     <TcAttribute attributeName="ng5_is_150bom" description="" attributeType="POM_string"
         maxStringLength="128" isArray="false" followOnExport="false" isNullsAllowed="true"
         isUnique="false" isPublicRead="true" isPublicWrite="true" isCandidateKey="false"
         isTransient="false" exportAsString="false" noBackpointer="false" initialValue=""
         lowerBoundValue="" upperBoundValue=""/>
   </TcAttributeAttach>
   <OperationInputType typeName="Ng5_rHas150BOMCreI" parentTypeName="Ng5_rAbsRelationCreI"
       typeClassName="Ng5_rHas150BOMCreI" description="CreateInput object for &quot;Ng5_rHas150BOM&quot; business object"
       isAbstract="false" artifactName="Ng5_rHas150BOMCreI"/>
   <OperationInputType typeName="Ng5_rHas150BOMSvAI" parentTypeName="Ng5_rAbsRelationSvAI"
       typeClassName="Ng5_rHas150BOMSvAI" description="SaveAsInput object for &quot;Ng5_rHas150BOM&quot; business object"
       isAbstract="false" artifactName="Ng5_rHas150BOMSvAI"/>
   <OperationInputType typeName="Ng5_rHasConfigContextCreI" parentTypeName="Ng5_rAbsRelationCreI"
       typeClassName="Ng5_rHasConfigContextCreI" description="CreateInput object for &quot;Ng5_rHasConfigContext&quot; business object"
       isAbstract="false" artifactName="Ng5_rHasConfigContextCreI"/>
   <OperationInputType typeName="Ng5_rHasConfigContextSvAI" parentTypeName="Ng5_rAbsRelationSvAI"
       typeClassName="Ng5_rHasConfigContextSvAI" description="SaveAsInput object for &quot;Ng5_rHasConfigContext&quot; business object"
       isAbstract="false" artifactName="Ng5_rHasConfigContextSvAI"/>
   <OperationInputType typeName="Ng5_rHasConfiguredBOMCreI" parentTypeName="Ng5_rAbsRelationCreI"
       typeClassName="Ng5_rHasConfiguredBOMCreI" description="CreateInput object for &quot;Ng5_rHasConfiguredBOM&quot; business object"
       isAbstract="false" artifactName="Ng5_rHasConfiguredBOMCreI"/>
   <OperationInputType typeName="Ng5_rHasConfiguredBOMSvAI" parentTypeName="Ng5_rAbsRelationSvAI"
       typeClassName="Ng5_rHasConfiguredBOMSvAI" description="SaveAsInput object for &quot;Ng5_rHasConfiguredBOM&quot; business object"
       isAbstract="false" artifactName="Ng5_rHasConfiguredBOMSvAI"/>
   <TcStandardType typeName="Ng5_rHas150BOM" parentTypeName="Ng5_rAbsRelation" typeClassName="Ng5_rHas150BOM"
       description="" isAbstract="false" artifactName="Ng5_rHas150BOM" functionality="Ng5newgeneration"/>
   <TcStandardType typeName="Ng5_rHasConfigContext" parentTypeName="Ng5_rAbsRelation"
       typeClassName="Ng5_rHasConfigContext" description="" isAbstract="false" artifactName="Ng5_rHasConfigContext"
       functionality="Ng5newgeneration"/>
   <TcStandardType typeName="Ng5_rHasConfiguredBOM" parentTypeName="Ng5_rAbsRelation"
       typeClassName="Ng5_rHasConfiguredBOM" description="" isAbstract="false" artifactName="Ng5_rHasConfiguredBOM"/>
   <Condition name="Ng5_NonPCUser" expression="!((u.role_name=&quot;Product Configurator Engineer&quot;) OR (u.role_name=&quot;Product Configurator Specialist&quot;))"
       secured="false" description="check  if user does not belongs to role  Product Configurator Engineer or Specialist">
     <ConditionParameter name="u" parameterTypeName="UserSession"/>
   </Condition>
   <Condition name="Ng5_WF_SetPropOnEnggPartByPC" expression="(u.fnd0ConditionHelper.fnd0isSubTypeOf(w,&quot;Ng5_EngPartRevision&quot;) AND w.object_type=&quot;Ng5_EngPartRevision&quot; AND (w.fnd0CheckIfPropertyValueMatches(&quot;ng5_is_150bom&quot;,&quot;Yes&quot;,true)=true) AND ((Condition::Ng5_isPCUser(u)) OR (Condition::Ng5_isAdminGroup(u))) )"
       secured="false" description="Template filter for PC user to set property on Engineering Part">
     <ConditionParameter name="w" parameterTypeName="WorkspaceObject"/>
     <ConditionParameter name="t" parameterTypeName="ImanType"/>
     <ConditionParameter name="u" parameterTypeName="UserSession"/>
   </Condition>
   <Condition name="Ng5_isPCUser" expression="(u.role_name=&quot;Product Configurator Engineer&quot;) OR (u.role_name=&quot;Product Configurator Specialist&quot;)"
       secured="false" description="Allows this operation only if user has role as Product Configurator Engineer/Specialist  user">
     <ConditionParameter name="u" parameterTypeName="UserSession"/>
   </Condition>
   <TcTypeConstantAttach constantName="CreateInput" typeName="Ng5_rHas150BOM" value="Ng5_rHas150BOMCreI"/>
   <TcTypeConstantAttach constantName="CreateInput" typeName="Ng5_rHasConfigContext"
       value="Ng5_rHasConfigContextCreI"/>
   <TcTypeConstantAttach constantName="CreateInput" typeName="Ng5_rHasConfiguredBOM"
       value="Ng5_rHasConfiguredBOMCreI"/>
   <TcTypeConstantAttach constantName="Fnd0Icon" typeName="Ng5_EngPart" value="Ng5_EngPart.png"/>
   <TcTypeConstantAttach constantName="SaveAsInput" typeName="Ng5_rHas150BOM" value="Ng5_rHas150BOMSvAI"/>
   <TcTypeConstantAttach constantName="SaveAsInput" typeName="Ng5_rHasConfigContext"
       value="Ng5_rHasConfigContextSvAI"/>
   <TcTypeConstantAttach constantName="SaveAsInput" typeName="Ng5_rHasConfiguredBOM"
       value="Ng5_rHasConfiguredBOMSvAI"/>
   <TcPropertyConstantAttach constantName="Enabled" typeName="Ng5_EngPart" propertyName="ng5_is_150bom"
       value="true"/>
   <TcPropertyConstantAttach constantName="Enabled" typeName="Ng5_EngPartRevision"
       propertyName="ng5_is_150bom" value="false"/>
   <TcPropertyConstantAttach constantName="Enabled" typeName="Ng5_EngPartRevision"
       propertyName="Ng5_rHasConfiguredBOM" value="true"/>
   <TcPropertyConstantAttach constantName="Enabled" typeName="Ng5_MasterPrg" propertyName="Ng5_rHas150BOM"
       value="true"/>
   <TcPropertyConstantAttach constantName="Enabled" typeName="Ng5_MasterPrg" propertyName="Ng5_rHasConfigContext"
       value="true"/>
   <TcPropertyConstantAttach constantName="Enabled" typeName="ProjectObjectRelation"
       propertyName="ng5_is_150bom" value="true"/>
   <TcPropertyConstantAttach constantName="Fnd0PropagationGroup" typeName="Ng5_EngPart"
       propertyName="ng5_is_150bom" value="Security Group IV"/>
   <TcPropertyConstantAttach constantName="Modifiable" typeName="Ng5_EngPart" propertyName="ng5_is_150bom"
       value="Write"/>
   <TcPropertyConstantAttach constantName="Modifiable" typeName="Ng5_EngPartRevision"
       propertyName="ng5_is_150bom" value="Write"/>
   <TcPropertyConstantAttach constantName="Modifiable" typeName="Ng5_EngPartRevision"
       propertyName="Ng5_rHasConfiguredBOM" value="Write"/>
   <TcPropertyConstantAttach constantName="Modifiable" typeName="Ng5_MasterPrg" propertyName="Ng5_rHas150BOM"
       value="Write"/>
   <TcPropertyConstantAttach constantName="Modifiable" typeName="Ng5_MasterPrg" propertyName="Ng5_rHasConfigContext"
       value="Write"/>
   <TcPropertyConstantAttach constantName="Modifiable" typeName="ProjectObjectRelation"
       propertyName="ng5_is_150bom" value="Write"/>
   <TcDeepCopyRule typeName="Ng5_EngPartRevision" relRefPropName="Ng5_rHasConfiguredBOM"
       propertyType="Relation" objectTypeName="Ng5_EngPartRevision" conditionName="isTrue"
       operationName="ITEM_copy_rev" copyType="NoCopy" isTargetPrimary="true" secured="true"
       copyRelationAttributes="true" isRequired="false" description=""/>
   <TcDeepCopyRule typeName="Ng5_EngPartRevision" relRefPropName="Ng5_rHasConfiguredBOM"
       propertyType="Relation" objectTypeName="Ng5_EngPartRevision" conditionName="isTrue"
       operationName="ITEM_create_from_rev" copyType="NoCopy" isTargetPrimary="true"
       secured="true" copyRelationAttributes="true" isRequired="false" description=""/>
   <TcGRMRule primaryTypeName="Ng5_EngPartRevision" secondaryTypeName="Ng5_EngPartRevision"
       relationTypeName="Ng5_rHasConfiguredBOM" conditionName="isTrue" primaryCardinality="1"
       secondaryCardinality="-1" secured="false" attachability="WriteAccessReq" changeability="Changeable"
       detachability="WriteAccessReq" description=""/>
   <TcGRMRule primaryTypeName="Ng5_MasterPrg" secondaryTypeName="Cfg0ProductItem"
       relationTypeName="Ng5_rHasConfigContext" conditionName="isTrue" primaryCardinality="-1"
       secondaryCardinality="1" secured="false" attachability="Unrestricted" changeability="Changeable"
       detachability="Unrestricted" description=""/>
   <TcGRMRule primaryTypeName="Ng5_MasterPrg" secondaryTypeName="Ng5_EngPart" relationTypeName="Ng5_rHas150BOM"
       conditionName="isTrue" primaryCardinality="-1" secondaryCardinality="1" secured="false"
       attachability="Unrestricted" changeability="Changeable" detachability="Unrestricted"
       description=""/>
   <TcNamingRule name="Ng5_PC_IdPrefixSiteName_NR">
     <TcPattern generateCounters="true" patternString="&quot;${SITENAME}-&quot;nnnnnnn">
       <TcCounter initialValue="${SITENAME}-0000000" maximumValue="${SITENAME}-9999999"/>
     </TcPattern>
   </TcNamingRule>
   <TcNamingRule name="Ng5_Product_Config_ID_NR">
     <TcPattern generateCounters="true" patternString="nnnnnnn" description="This pattern is used for below Product Configuration Objects , it allows user to follow 7 digit number to create below  objects :&#x0A;Configurator Context&#x0A;Configurator Dictionary">
       <TcCounter initialValue="0000001" maximumValue="9999999"/>
     </TcPattern>
   </TcNamingRule>
   <TcNamingRuleAttach ruleName="Ng5_Product_Config_ID_NR" typeName="Cfg0ConfContext"
       propertyName="item_id" case="Mix" conditionName="isTrue" override="false" ruleType="NamingRule"
       description=""/>
   <TcNamingRuleAttach ruleName="Ng5_PC_IdPrefixSiteName_NR" typeName="Cfg0AbsRuleThread"
       propertyName="fnd0ThreadId" case="Mix" conditionName="isTrue" override="false"
       ruleType="NamingRule" description=""/>
   <TcLOVAttach lovName="Ng5_No_LOV" typeName="Ng5_EngPart">
     <TcLOVAttachPropertyInfo valuePropertyName="ng5_is_150bom" conditionName="Ng5_NonPCUser"
         override="false" level="0"/>
   </TcLOVAttach>
   <TcLOVAttach lovName="Ng5_No_LOV" typeName="Ng5_EngPartRevision">
     <TcLOVAttachPropertyInfo valuePropertyName="ng5_is_150bom" conditionName="Ng5_NonPCUser"
         override="false" level="0"/>
   </TcLOVAttach>
   <TcLOVAttach lovName="Ng5_YesNo_LOV" typeName="Ng5_EngPart">
     <TcLOVAttachPropertyInfo valuePropertyName="ng5_is_color_part" conditionName="isTrue"
         override="false" level="0"/>
   </TcLOVAttach>
   <TcLOVAttach lovName="Ng5_YesNo_LOV" typeName="Ng5_EngPart">
     <TcLOVAttachPropertyInfo valuePropertyName="ng5_flammability_compliance" conditionName="isTrue"
         override="false" level="0"/>
   </TcLOVAttach>
   <TcLOVAttach lovName="Ng5_YesNo_LOV" typeName="Ng5_EngPart">
     <TcLOVAttachPropertyInfo valuePropertyName="ng5_formed_composite" conditionName="isTrue"
         override="false" level="0"/>
   </TcLOVAttach>
   <TcLOVAttach lovName="Ng5_YesNo_LOV" typeName="Ng5_EngPart">
     <TcLOVAttachPropertyInfo valuePropertyName="ng5_is_150bom" conditionName="Ng5_isPCUser"
         override="false" level="0"/>
   </TcLOVAttach>
   <TcLOVAttach lovName="Ng5_YesNo_LOV" typeName="Ng5_EngPartRevision">
     <TcLOVAttachPropertyInfo valuePropertyName="ng5_design_required" conditionName="isTrue"
         override="false" level="0"/>
   </TcLOVAttach>
   <TcLOVAttach lovName="Ng5_YesNo_LOV" typeName="Ng5_EngPartRevision">
     <TcLOVAttachPropertyInfo valuePropertyName="ng5_is_color_part" conditionName="isTrue"
         override="false" level="0"/>
   </TcLOVAttach>
   <TcLOVAttach lovName="Ng5_YesNo_LOV" typeName="Ng5_EngPartRevision">
     <TcLOVAttachPropertyInfo valuePropertyName="ng5_design_responsible" conditionName="isTrue"
         override="false" level="0"/>
   </TcLOVAttach>
   <TcLOVAttach lovName="Ng5_YesNo_LOV" typeName="Ng5_EngPartRevision">
     <TcLOVAttachPropertyInfo valuePropertyName="ng5_type_approval" conditionName="isTrue"
         override="false" level="0"/>
   </TcLOVAttach>
   <TcLOVAttach lovName="Ng5_YesNo_LOV" typeName="Ng5_EngPartRevision">
     <TcLOVAttachPropertyInfo valuePropertyName="ng5_is_150bom" conditionName="Ng5_isPCUser"
         override="false" level="0"/>
   </TcLOVAttach>
   <PropertyRenderer name="Ng5_Engg_Part_OverlayIcon" script="&lt;?xml version=&quot;1.0&quot; encoding=&quot;UTF-8&quot;?&gt;&#x0A;&lt;icons Version=&quot;1.0&quot;&gt;&#x0A; &lt;propertyMap name=&quot;150bom_map&quot;&gt;&#x0A;            &lt;item key=&quot;Yes&quot; value=&quot;Ng5_EngPart_150.png&quot;/&gt;       &#x0A;    &lt;/propertyMap&gt;&#x0A;    &lt;primaryIcon source=&quot;Fnd0Icon&quot;/&gt;&#x0A;      &lt;overlayIcon source=&quot;ng5_is_150bom&quot; mapName=&quot;150bom_map&quot; /&gt;&#x0A;&lt;/icons&gt;"
       description="Sets Icon for Engineering Part if it is 150 % BOM"/>
   <PropertyRendererAttach rendererName="Ng5_Engg_Part_OverlayIcon" typeName="Ng5_EngPart"
       propertyName="object_string" conditionName="isTrue"/>
   <PropagationRule sourceType="Ng5_EngPart" relRefPropName="revision_list" referenceType="ReferenceProperty"
       destinationType="*" operation="All" traversalCondition="isTrue" actionCondition="isTrue"
       propagationGroup="Security Group IV" direction="Forward" propagationStyle="Overwrite"
       background="false" secured="false"/>
</Add>
</TcBusinessData>
