<?xml version="1.0" encoding="UTF-8"?>
<TcBusinessData xmlns="http://teamcenter.com/BusinessModel/TcBusinessData" Date="">
<Add>
   <TcClass className="Ng5_SSOFolders" parentClassName="Folder" isExportable="false"
       isUninstantiable="false" isUninheritable="false" description=""/>
   <TcClass className="Ng5_SSOPkg" parentClassName="Ng5_AbsDoc" isExportable="false"
       isUninstantiable="false" isUninheritable="false" description="">
     <TcAttribute attributeName="ng5_retention_date" description="" attributeType="POM_date"
         maxStringLength="0" isArray="false" followOnExport="false" isNullsAllowed="true"
         isUnique="false" isPublicRead="true" isPublicWrite="true" isCandidateKey="false"
         isTransient="false" exportAsString="false" noBackpointer="false" initialValue=""
         lowerBoundValue="" upperBoundValue=""/>
     <TcAttribute attributeName="ng5_retention_hold" description="" attributeType="POM_logical"
         maxStringLength="0" isArray="false" followOnExport="false" isNullsAllowed="true"
         isUnique="false" isPublicRead="true" isPublicWrite="true" isCandidateKey="false"
         isTransient="false" exportAsString="false" noBackpointer="false"/>
   </TcClass>
   <TcClass className="Ng5_SSOPkgMasterS" parentClassName="Ng5_AbsDocMasterS" isExportable="false"
       isUninstantiable="false" isUninheritable="false" description=""/>
   <TcClass className="Ng5_SSOPkgRevMasterS" parentClassName="Ng5_AbsDocRevMasterS"
       isExportable="false" isUninstantiable="false" isUninheritable="false" description=""/>
   <TcClass className="Ng5_SSOPkgRevision" parentClassName="Ng5_AbsDocRevision" isExportable="false"
       isUninstantiable="false" isUninheritable="false" description="">
     <TcAttribute attributeName="ng5_retention_hold" description="" attributeType="POM_logical"
         maxStringLength="0" isArray="false" followOnExport="false" isNullsAllowed="true"
         isUnique="false" isPublicRead="true" isPublicWrite="true" isCandidateKey="false"
         isTransient="false" exportAsString="false" noBackpointer="false" initialValue="NULL"/>
     <TcAttribute attributeName="ng5_retention_date" description="" attributeType="POM_date"
         maxStringLength="0" isArray="false" followOnExport="false" isNullsAllowed="true"
         isUnique="false" isPublicRead="true" isPublicWrite="true" isCandidateKey="false"
         isTransient="false" exportAsString="false" noBackpointer="false" initialValue=""
         lowerBoundValue="" upperBoundValue=""/>
     <TcAttribute attributeName="ng5_retention_extn_date" description="" attributeType="POM_date"
         maxStringLength="0" isArray="false" followOnExport="false" isNullsAllowed="true"
         isUnique="false" isPublicRead="true" isPublicWrite="true" isCandidateKey="false"
         isTransient="false" exportAsString="false" noBackpointer="false" lowerBoundValue=""
         upperBoundValue=""/>
     <TcAttribute attributeName="ng5_retention_end_date" description="" attributeType="POM_date"
         maxStringLength="0" isArray="false" followOnExport="false" isNullsAllowed="true"
         isUnique="false" isPublicRead="true" isPublicWrite="true" isCandidateKey="false"
         isTransient="false" exportAsString="false" noBackpointer="false" lowerBoundValue=""
         upperBoundValue=""/>
     <TcAttribute attributeName="ng5_sso_purge" description="" attributeType="POM_logical"
         maxStringLength="0" isArray="false" followOnExport="false" isNullsAllowed="true"
         isUnique="false" isPublicRead="true" isPublicWrite="true" isCandidateKey="false"
         isTransient="false" exportAsString="false" noBackpointer="false" initialValue="NULL"/>
     <TcAttribute attributeName="ng5_retn_date" description="" attributeType="POM_string"
         maxStringLength="128" isArray="false" followOnExport="false" isNullsAllowed="true"
         isUnique="false" isPublicRead="true" isPublicWrite="true" isCandidateKey="false"
         isTransient="false" exportAsString="false" noBackpointer="false" lowerBoundValue=""
         upperBoundValue=""/>
   </TcClass>
   <TcClass className="Ng5_rHasSSOFolders" parentClassName="Ng5_rAbsRelation" isExportable="false"
       isUninstantiable="false" isUninheritable="false" description=""/>
   <TcClass className="Ng5_rHasSSOPackage" parentClassName="Ng5_rAbsRelation" isExportable="false"
       isUninstantiable="false" isUninheritable="false" description=""/>
   <OperationInputType typeName="Ng5_SSOFoldersCreI" parentTypeName="FolderCreI" typeClassName="Ng5_SSOFoldersCreI"
       description="CreateInput object for &quot;Ng5_SSOFolders&quot; business object"
       isAbstract="false" artifactName="Ng5_SSOFoldersCreI"/>
   <OperationInputType typeName="Ng5_SSOFoldersSvAI" parentTypeName="FolderSvAI" typeClassName="Ng5_SSOFoldersSvAI"
       description="SaveAsInput object for &quot;Ng5_SSOFolders&quot; business object"
       isAbstract="false" artifactName="Ng5_SSOFoldersSvAI"/>
   <OperationInputType typeName="Ng5_SSOPkgCreI" parentTypeName="Ng5_AbsDocCreI" typeClassName="Ng5_SSOPkgCreI"
       description="CreateInput object for &quot;Ng5_SSOPkg&quot; business object"
       isAbstract="false" artifactName="Ng5_SSOPkgCreI">
     <OperationInputProperty propName="ng5_retention_date" compoundObjectConstant=""
         srcPropName="ng5_retention_date" compoundObjectType="" fieldType="SimpleProperty"
         description=""/>
     <OperationInputProperty propName="ng5_retention_hold" compoundObjectConstant=""
         srcPropName="ng5_retention_hold" compoundObjectType="" fieldType="SimpleProperty"
         description=""/>
   </OperationInputType>
   <OperationInputType typeName="Ng5_SSOPkgMasterCreI" parentTypeName="Ng5_AbsDocMasterCreI"
       typeClassName="Ng5_SSOPkgMasterCreI" description="CreateInput object for &quot;Ng5_SSOPkgMaster&quot; business object"
       isAbstract="false" artifactName="Ng5_SSOPkgMasterCreI"/>
   <OperationInputType typeName="Ng5_SSOPkgMasterSCreI" parentTypeName="Ng5_AbsDocMasterSCreI"
       typeClassName="Ng5_SSOPkgMasterSCreI" description="CreateInput object for &quot;Ng5_SSOPkgMasterS&quot; business object"
       isAbstract="false" artifactName="Ng5_SSOPkgMasterSCreI"/>
   <OperationInputType typeName="Ng5_SSOPkgMasterSSvAI" parentTypeName="Ng5_AbsDocMasterSSvAI"
       typeClassName="Ng5_SSOPkgMasterSSvAI" description="SaveAsInput object for &quot;Ng5_SSOPkgMasterS&quot; business object"
       isAbstract="false" artifactName="Ng5_SSOPkgMasterSSvAI"/>
   <OperationInputType typeName="Ng5_SSOPkgMasterSvAI" parentTypeName="Ng5_AbsDocMasterSvAI"
       typeClassName="Ng5_SSOPkgMasterSvAI" description="SaveAsInput object for &quot;Ng5_SSOPkgMaster&quot; business object"
       isAbstract="false" artifactName="Ng5_SSOPkgMasterSvAI"/>
   <OperationInputType typeName="Ng5_SSOPkgRevMasterSCreI" parentTypeName="Ng5_AbsDocRevMasterSCreI"
       typeClassName="Ng5_SSOPkgRevMasterSCreI" description="CreateInput object for &quot;Ng5_SSOPkgRevMasterS&quot; business object"
       isAbstract="false" artifactName="Ng5_SSOPkgRevMasterSCreI"/>
   <OperationInputType typeName="Ng5_SSOPkgRevMasterSSvAI" parentTypeName="Ng5_AbsDocRevMasterSSvAI"
       typeClassName="Ng5_SSOPkgRevMasterSSvAI" description="SaveAsInput object for &quot;Ng5_SSOPkgRevMasterS&quot; business object"
       isAbstract="false" artifactName="Ng5_SSOPkgRevMasterSSvAI"/>
   <OperationInputType typeName="Ng5_SSOPkgRevisionCreI" parentTypeName="Ng5_AbsDocRevisionCreI"
       typeClassName="Ng5_SSOPkgRevisionCreI" description="CreateInput object for &quot;Ng5_SSOPkgRevision&quot; business object"
       isAbstract="false" artifactName="Ng5_SSOPkgRevisionCreI">
     <OperationInputProperty propName="ng5Ng5_rHasSSOFolders" compoundObjectConstant=""
         srcPropName="Ng5_rHasSSOFolders" compoundObjectType="" fieldType="SimpleProperty"
         description=""/>
     <OperationInputProperty propName="ng5_retention_hold" compoundObjectConstant=""
         srcPropName="ng5_retention_hold" compoundObjectType="" fieldType="SimpleProperty"
         description=""/>
     <OperationInputProperty propName="ng5_sso_purge" compoundObjectConstant="" srcPropName="ng5_sso_purge"
         compoundObjectType="" fieldType="SimpleProperty" description=""/>
     <OperationInputProperty propName="ng5_retention_date" compoundObjectConstant=""
         srcPropName="ng5_retention_date" compoundObjectType="" fieldType="SimpleProperty"
         description=""/>
     <OperationInputProperty propName="ng5_retention_extn_date" compoundObjectConstant=""
         srcPropName="ng5_retention_extn_date" compoundObjectType="" fieldType="SimpleProperty"
         description=""/>
     <OperationInputProperty propName="ng5_retention_end_date" compoundObjectConstant=""
         srcPropName="ng5_retention_end_date" compoundObjectType="" fieldType="SimpleProperty"
         description=""/>
     <OperationInputProperty propName="ng5_retn_date" compoundObjectConstant="" srcPropName="ng5_retn_date"
         compoundObjectType="" fieldType="SimpleProperty" description=""/>
   </OperationInputType>
   <OperationInputType typeName="Ng5_SSOPkgRevisionMasterCreI" parentTypeName="Ng5_AbsDocRevisionMasterCreI"
       typeClassName="Ng5_SSOPkgRevisionMasterCreI" description="CreateInput object for &quot;Ng5_SSOPkgRevisionMaster&quot; business object"
       isAbstract="false" artifactName="Ng5_SSOPkgRevisionMasterCreI"/>
   <OperationInputType typeName="Ng5_SSOPkgRevisionMasterSvAI" parentTypeName="Ng5_AbsDocRevisionMasterSvAI"
       typeClassName="Ng5_SSOPkgRevisionMasterSvAI" description="SaveAsInput object for &quot;Ng5_SSOPkgRevisionMaster&quot; business object"
       isAbstract="false" artifactName="Ng5_SSOPkgRevisionMasterSvAI"/>
   <OperationInputType typeName="Ng5_SSOPkgRevisionRevI" parentTypeName="Ng5_AbsDocRevisionRevI"
       typeClassName="Ng5_SSOPkgRevisionRevI" description="ReviseInput object for &quot;Ng5_SSOPkgRevision&quot; business object"
       isAbstract="false" artifactName="Ng5_SSOPkgRevisionRevI"/>
   <OperationInputType typeName="Ng5_SSOPkgRevisionSvAI" parentTypeName="Ng5_AbsDocRevisionSvAI"
       typeClassName="Ng5_SSOPkgRevisionSvAI" description="SaveAsInput object for &quot;Ng5_SSOPkgRevision&quot; business object"
       isAbstract="false" artifactName="Ng5_SSOPkgRevisionSvAI"/>
   <OperationInputType typeName="Ng5_SSOPkgSvAI" parentTypeName="Ng5_AbsDocSvAI" typeClassName="Ng5_SSOPkgSvAI"
       description="SaveAsInput object for &quot;Ng5_SSOPkg&quot; business object"
       isAbstract="false" artifactName="Ng5_SSOPkgSvAI"/>
   <OperationInputType typeName="Ng5_rHasSSOFoldersCreI" parentTypeName="Ng5_rAbsRelationCreI"
       typeClassName="Ng5_rHasSSOFoldersCreI" description="CreateInput object for &quot;Ng5_rHasSSOFolders&quot; business object"
       isAbstract="false" artifactName="Ng5_rHasSSOFoldersCreI"/>
   <OperationInputType typeName="Ng5_rHasSSOFoldersSvAI" parentTypeName="Ng5_rAbsRelationSvAI"
       typeClassName="Ng5_rHasSSOFoldersSvAI" description="SaveAsInput object for &quot;Ng5_rHasSSOFolders&quot; business object"
       isAbstract="false" artifactName="Ng5_rHasSSOFoldersSvAI"/>
   <OperationInputType typeName="Ng5_rHasSSOPackageCreI" parentTypeName="Ng5_rAbsRelationCreI"
       typeClassName="Ng5_rHasSSOPackageCreI" description="CreateInput object for &quot;Ng5_rHasSSOPackage&quot; business object"
       isAbstract="false" artifactName="Ng5_rHasSSOPackageCreI"/>
   <OperationInputType typeName="Ng5_rHasSSOPackageSvAI" parentTypeName="Ng5_rAbsRelationSvAI"
       typeClassName="Ng5_rHasSSOPackageSvAI" description="SaveAsInput object for &quot;Ng5_rHasSSOPackage&quot; business object"
       isAbstract="false" artifactName="Ng5_rHasSSOPackageSvAI"/>
   <TcForm typeName="Ng5_SSOPkgMaster" parentTypeName="Ng5_AbsDocMaster" typeClassName="Form"
       description="MasterForm object for &quot;Ng5_SSOPkg&quot; business object"
       isAbstract="false" artifactName="Ng5_SSOPkgMaster" formStorageClassName="Ng5_SSOPkgMasterS"/>
   <TcForm typeName="Ng5_SSOPkgRevisionMaster" parentTypeName="Ng5_AbsDocRevisionMaster"
       typeClassName="Form" description="MasterForm object for &quot;Ng5_SSOPkgRevision&quot; business object"
       isAbstract="false" artifactName="Ng5_SSOPkgRevisionMaster" formStorageClassName="Ng5_SSOPkgRevMasterS"/>
   <TcStandardType typeName="Ng5_SSOFolders" parentTypeName="Folder" typeClassName="Ng5_SSOFolders"
       description="" isAbstract="false" artifactName="Ng5_SSOFolders"/>
   <TcStandardType typeName="Ng5_SSOPkg" parentTypeName="Ng5_AbsDoc" typeClassName="Ng5_SSOPkg"
       description="" isAbstract="false" artifactName="Ng5_SSOPkg"/>
   <TcStandardType typeName="Ng5_SSOPkgMasterS" parentTypeName="Ng5_AbsDocMasterS"
       typeClassName="Ng5_SSOPkgMasterS" description="Form Storage object for &quot;Ng5_SSOPkgMaster&quot; business object"
       isAbstract="false" artifactName="Ng5_SSOPkgMasterS"/>
   <TcStandardType typeName="Ng5_SSOPkgRevMasterS" parentTypeName="Ng5_AbsDocRevMasterS"
       typeClassName="Ng5_SSOPkgRevMasterS" description="Form Storage object for &quot;Ng5_SSOPkgRevMaster&quot; business object"
       isAbstract="false" artifactName="Ng5_SSOPkgRevMasterS"/>
   <TcStandardType typeName="Ng5_SSOPkgRevision" parentTypeName="Ng5_AbsDocRevision"
       typeClassName="Ng5_SSOPkgRevision" description="ItemRevision object for &quot;Ng5_SSOPkg&quot;  business object"
       isAbstract="false" artifactName="Ng5_SSOPkgRevision">
     <TcProperty propName="Ng5_rHasSSOFolders" propTypeName="Relation" propValueType="PROP_untyped_relation"
         propMaxStringLength="0" isArray="true" arrayLength="-1" description="" referencedTypeConstant=""
         referencedType=""/>
   </TcStandardType>
   <TcStandardType typeName="Ng5_rHasSSOFolders" parentTypeName="Ng5_rAbsRelation"
       typeClassName="Ng5_rHasSSOFolders" description="" isAbstract="false" artifactName="Ng5_rHasSSOFolders"/>
   <TcStandardType typeName="Ng5_rHasSSOPackage" parentTypeName="Ng5_rAbsRelation"
       typeClassName="Ng5_rHasSSOPackage" description="" isAbstract="false" artifactName="Ng5_rHasSSOPackage"/>
   <Condition name="Ng5_WF_SSO" expression="(u.role_name=&quot;Engineering Executive&quot;) AND (w.object_type=&quot;Ng5_SSOPkgRevision&quot;) AND ((w.object_name=&quot;Development Start&quot;) OR (w.object_name=&quot;DV Release&quot;) OR (w.object_name=&quot;Go&quot;) OR (w.object_name=&quot;Design Verification Release&quot;) OR (w.object_name=&quot;Final Production Release&quot;) OR (w.object_name=&quot;Customer Part Approval&quot;))"
       secured="false" description="">
     <ConditionParameter name="w" parameterTypeName="WorkspaceObject"/>
     <ConditionParameter name="t" parameterTypeName="ImanType"/>
     <ConditionParameter name="u" parameterTypeName="UserSession"/>
   </Condition>
   <Condition name="Ng5_WF_SSOFolder" expression="(u.role_name=&quot;Product Safety Manager&quot;) AND (w.object_type=&quot;Ng5_SSOFolders&quot;)"
       secured="false" description="">
     <ConditionParameter name="w" parameterTypeName="WorkspaceObject"/>
     <ConditionParameter name="t" parameterTypeName="ImanType"/>
     <ConditionParameter name="u" parameterTypeName="UserSession"/>
   </Condition>
   <TcTypeConstantAttach constantName="Awp0WorkflowSubmittable" typeName="Ng5_SSOFolders"
       value="true"/>
   <TcTypeConstantAttach constantName="CreateInput" typeName="Ng5_rHasSSOFolders"
       value="Ng5_rHasSSOFoldersCreI"/>
   <TcTypeConstantAttach constantName="CreateInput" typeName="Ng5_rHasSSOPackage"
       value="Ng5_rHasSSOPackageCreI"/>
   <TcTypeConstantAttach constantName="CreateInput" typeName="Ng5_SSOFolders" value="Ng5_SSOFoldersCreI"/>
   <TcTypeConstantAttach constantName="CreateInput" typeName="Ng5_SSOPkg" value="Ng5_SSOPkgCreI"/>
   <TcTypeConstantAttach constantName="CreateInput" typeName="Ng5_SSOPkgMaster" value="Ng5_SSOPkgMasterCreI"/>
   <TcTypeConstantAttach constantName="CreateInput" typeName="Ng5_SSOPkgMasterS" value="Ng5_SSOPkgMasterSCreI"/>
   <TcTypeConstantAttach constantName="CreateInput" typeName="Ng5_SSOPkgRevision"
       value="Ng5_SSOPkgRevisionCreI"/>
   <TcTypeConstantAttach constantName="CreateInput" typeName="Ng5_SSOPkgRevisionMaster"
       value="Ng5_SSOPkgRevisionMasterCreI"/>
   <TcTypeConstantAttach constantName="CreateInput" typeName="Ng5_SSOPkgRevMasterS"
       value="Ng5_SSOPkgRevMasterSCreI"/>
   <TcTypeConstantAttach constantName="ItemRevision" typeName="Ng5_SSOPkg" value="Ng5_SSOPkgRevision"/>
   <TcTypeConstantAttach constantName="MasterForm" typeName="Ng5_SSOPkg" value="Ng5_SSOPkgMaster"/>
   <TcTypeConstantAttach constantName="MasterForm" typeName="Ng5_SSOPkgRevision" value="Ng5_SSOPkgRevisionMaster"/>
   <TcTypeConstantAttach constantName="ReviseInput" typeName="Ng5_SSOPkgRevision"
       value="Ng5_SSOPkgRevisionRevI"/>
   <TcTypeConstantAttach constantName="SaveAsInput" typeName="Ng5_rHasSSOFolders"
       value="Ng5_rHasSSOFoldersSvAI"/>
   <TcTypeConstantAttach constantName="SaveAsInput" typeName="Ng5_rHasSSOPackage"
       value="Ng5_rHasSSOPackageSvAI"/>
   <TcTypeConstantAttach constantName="SaveAsInput" typeName="Ng5_SSOFolders" value="Ng5_SSOFoldersSvAI"/>
   <TcTypeConstantAttach constantName="SaveAsInput" typeName="Ng5_SSOPkg" value="Ng5_SSOPkgSvAI"/>
   <TcTypeConstantAttach constantName="SaveAsInput" typeName="Ng5_SSOPkgMaster" value="Ng5_SSOPkgMasterSvAI"/>
   <TcTypeConstantAttach constantName="SaveAsInput" typeName="Ng5_SSOPkgMasterS" value="Ng5_SSOPkgMasterSSvAI"/>
   <TcTypeConstantAttach constantName="SaveAsInput" typeName="Ng5_SSOPkgRevision"
       value="Ng5_SSOPkgRevisionSvAI"/>
   <TcTypeConstantAttach constantName="SaveAsInput" typeName="Ng5_SSOPkgRevisionMaster"
       value="Ng5_SSOPkgRevisionMasterSvAI"/>
   <TcTypeConstantAttach constantName="SaveAsInput" typeName="Ng5_SSOPkgRevMasterS"
       value="Ng5_SSOPkgRevMasterSSvAI"/>
   <TcPropertyConstantAttach constantName="Enabled" typeName="Ng5_LaunchPrg" propertyName="Ng5_rHasSSOPackage"
       value="true"/>
   <TcPropertyConstantAttach constantName="Enabled" typeName="Ng5_MasterPrg" propertyName="Ng5_rHasSSOPackage"
       value="true"/>
   <TcPropertyConstantAttach constantName="Enabled" typeName="Ng5_SSOPkg" propertyName="ng5_retention_date"
       value="true"/>
   <TcPropertyConstantAttach constantName="Enabled" typeName="Ng5_SSOPkg" propertyName="ng5_retention_hold"
       value="true"/>
   <TcPropertyConstantAttach constantName="Enabled" typeName="Ng5_SSOPkgRevision"
       propertyName="ng5_retention_date" value="false"/>
   <TcPropertyConstantAttach constantName="Enabled" typeName="Ng5_SSOPkgRevision"
       propertyName="ng5_retention_end_date" value="false"/>
   <TcPropertyConstantAttach constantName="Enabled" typeName="Ng5_SSOPkgRevision"
       propertyName="ng5_retention_extn_date" value="false"/>
   <TcPropertyConstantAttach constantName="Enabled" typeName="Ng5_SSOPkgRevision"
       propertyName="ng5_retention_hold" value="false"/>
   <TcPropertyConstantAttach constantName="Enabled" typeName="Ng5_SSOPkgRevision"
       propertyName="ng5_retn_date" value="false"/>
   <TcPropertyConstantAttach constantName="Enabled" typeName="Ng5_SSOPkgRevision"
       propertyName="Ng5_rHasSSOFolders" value="true"/>
   <TcPropertyConstantAttach constantName="Enabled" typeName="Ng5_SSOPkgRevision"
       propertyName="ng5_sso_purge" value="true"/>
   <TcPropertyConstantAttach constantName="Modifiable" typeName="Ng5_LaunchPrg" propertyName="Ng5_rHasSSOPackage"
       value="Write"/>
   <TcPropertyConstantAttach constantName="Modifiable" typeName="Ng5_MasterPrg" propertyName="Ng5_rHasSSOPackage"
       value="Write"/>
   <TcPropertyConstantAttach constantName="Modifiable" typeName="Ng5_SSOPkg" propertyName="ng5_retention_date"
       value="Write"/>
   <TcPropertyConstantAttach constantName="Modifiable" typeName="Ng5_SSOPkg" propertyName="ng5_retention_hold"
       value="Write"/>
   <TcPropertyConstantAttach constantName="Modifiable" typeName="Ng5_SSOPkgRevision"
       propertyName="ng5_retention_date" value="Write"/>
   <TcPropertyConstantAttach constantName="Modifiable" typeName="Ng5_SSOPkgRevision"
       propertyName="ng5_retention_end_date" value="Write"/>
   <TcPropertyConstantAttach constantName="Modifiable" typeName="Ng5_SSOPkgRevision"
       propertyName="ng5_retention_extn_date" value="Write"/>
   <TcPropertyConstantAttach constantName="Modifiable" typeName="Ng5_SSOPkgRevision"
       propertyName="ng5_retention_hold" value="Write"/>
   <TcPropertyConstantAttach constantName="Modifiable" typeName="Ng5_SSOPkgRevision"
       propertyName="ng5_retn_date" value="Write"/>
   <TcPropertyConstantAttach constantName="Modifiable" typeName="Ng5_SSOPkgRevision"
       propertyName="Ng5_rHasSSOFolders" value="Write"/>
   <TcPropertyConstantAttach constantName="Modifiable" typeName="Ng5_SSOPkgRevision"
       propertyName="ng5_sso_purge" value="Write"/>
   <TcGRMRule primaryTypeName="Ng5_LaunchPrg" secondaryTypeName="Ng5_SSOPkgRevision"
       relationTypeName="Ng5_rHasSSOPackage" conditionName="isTrue" primaryCardinality="1"
       secondaryCardinality="-1" secured="false" attachability="WriteAccessReq" changeability="Changeable"
       detachability="WriteAccessReq" description=""/>
   <TcGRMRule primaryTypeName="Ng5_MasterPrg" secondaryTypeName="Ng5_SSOPkgRevision"
       relationTypeName="Ng5_rHasSSOPackage" conditionName="isTrue" primaryCardinality="0"
       secondaryCardinality="0" secured="false" attachability="Unrestricted" changeability="Changeable"
       detachability="Unrestricted" description=""/>
   <TcGRMRule primaryTypeName="Ng5_MasterPrg" secondaryTypeName="Ng5_SSOPkgRevision"
       relationTypeName="Ng5_rHasSSOPackage" conditionName="Ng5_isAdminGroup" primaryCardinality="1"
       secondaryCardinality="-1" secured="false" attachability="Unrestricted" changeability="Changeable"
       detachability="Unrestricted" description=""/>
   <TcGRMRule primaryTypeName="Ng5_SSOPkgRevision" secondaryTypeName="Ng5_SSOFolders"
       relationTypeName="Ng5_rHasSSOFolders" conditionName="isTrue" primaryCardinality="1"
       secondaryCardinality="-1" secured="false" attachability="WriteAccessReq" changeability="Changeable"
       detachability="WriteAccessReq" description=""/>
   <TcExtension name="Ng5_Create_SSOFolders" internal="false" cannedExtension="true"
       languageType="CPlusPlus" libraryName="libNg5Core" description="This extension is to create SSO Folders based on SSO Package created.">
     <TcExtensionValidity parameter="TYPE:Ng5_SSOPkgRevision:ITEM_create_rev:3"/>
   </TcExtension>
   <TcExtension name="Ng5_LaunchPrg_Iman_Save_PostAction" internal="false" cannedExtension="true"
       languageType="CPlusPlus" libraryName="libNg5Core" description="This extension is added on Launch Program to create SSO Package automatically when Product Launch is created.">
     <TcExtensionValidity parameter="TYPE:Ng5_LaunchPrg:IMAN_save:3"/>
   </TcExtension>
   <TcExtension name="Ng5_rHasSSOPackage_Create_PostAction" internal="false" cannedExtension="true"
       languageType="CPlusPlus" libraryName="libNg5Core" description="">
     <TcExtensionValidity parameter="TYPE:Ng5_rHasSSOPackage:GRM_create:3"/>
   </TcExtension>
   <TcExtension name="Ng5_rHasSSOPackage_Create_PreCondition" internal="false" cannedExtension="true"
       languageType="CPlusPlus" libraryName="libNg5Core" description="">
     <TcExtensionValidity parameter="TYPE:Ng5_rHasSSOPackage:GRM_create:1"/>
   </TcExtension>
   <TcExtension name="Ng5_SSOPkg_IMANSave_PreAction" internal="false" cannedExtension="true"
       functionality="Ng5newgeneration" languageType="CPlusPlus" libraryName="libNg5Core"
       description="">
     <TcExtensionValidity parameter="TYPE:Ng5_SSOPkgRevision:IMAN_save:2"/>
   </TcExtension>
   <TcExtensionAttach extensionName="Ng5_Create_SSOFolders" operationName="ITEM_create_rev"
       isActive="true" extendableElementName="Ng5_SSOPkgRevision" extendableElementType="Type"
       extensionPointType="PostAction" conditionName="isTrue" description=""/>
   <TcExtensionAttach extensionName="Ng5_LaunchPrg_Iman_Save_PostAction" operationName="IMAN_save"
       isActive="true" extendableElementName="Ng5_LaunchPrg" extendableElementType="Type"
       extensionPointType="PostAction" conditionName="isTrue" description=""/>
   <TcExtensionAttach extensionName="Ng5_rHasSSOPackage_Create_PostAction" operationName="GRM_create"
       isActive="true" extendableElementName="Ng5_rHasSSOPackage" extendableElementType="Type"
       extensionPointType="PostAction" conditionName="isTrue" description=""/>
   <TcExtensionAttach extensionName="Ng5_rHasSSOPackage_Create_PreCondition" operationName="GRM_create"
       isActive="true" extendableElementName="Ng5_rHasSSOPackage" extendableElementType="Type"
       extensionPointType="PreCondition" conditionName="isTrue" description=""/>
   <TcExtensionAttach extensionName="Ng5_SSOPkg_IMANSave_PreAction" operationName="IMAN_save"
       isActive="true" extendableElementName="Ng5_SSOPkgRevision" extendableElementType="Type"
       extensionPointType="PreAction" conditionName="isTrue" description=""/>
   <TcLOV name="Ng5_FolderContent_LOV" lovType="ListOfValuesString" usage="Exhaustive"
       description="" isManagedExternally="true"/>
   <TcLOV name="Ng5_SSOPackage_LOV" lovType="ListOfValuesString" usage="Exhaustive"
       description="" isManagedExternally="true"/>
   <TcLOVAttach lovName="Ng5_SSOPackage_LOV" typeName="Ng5_SSOPkg">
     <TcLOVAttachPropertyInfo valuePropertyName="object_name" conditionName="isTrue"
         override="false" level="0"/>
   </TcLOVAttach>
   <TcStatus statusName="Ng5_SSOClose" description=""/>
   <PropagationRule sourceType="Ng5_SSOFolders" relRefPropName="contents" referenceType="ReferenceProperty"
       destinationType="Ng5_SSOFolders" operation="All" traversalCondition="isTrue"
       actionCondition="isTrue" propagationGroup="Security Group I" direction="Forward"
       propagationStyle="Merge" background="true" secured="false"/>
   <PropagationRule sourceType="Ng5_SSOPkgRevision" relRefPropName="Ng5_rHasSSOFolders"
       referenceType="Relation" destinationType="Ng5_SSOFolders" operation="All" traversalCondition="isTrue"
       actionCondition="isTrue" propagationGroup="Security Group I" direction="Forward"
       propagationStyle="Merge" background="true" secured="false"/>
</Add>
<Change>
   <Condition name="Cm0isCMHasProblemItemCreatableForSecondary" expression="Condition::isTrue ()"
       secured="false" description="This condition determines if relations of type CMHasProblemItem are creatable for the given secondary object.">
     <ConditionParameter name="o" parameterTypeName="WorkspaceObject"/>
     <ConditionParameter name="u" parameterTypeName="UserSession"/>
   </Condition>
   <Condition name="Cm0isCMHasSolutionItemCreatableForSecondary" expression="(u.role_name=&quot;Product Engineer&quot; OR u.role_name=&quot;Engineering Manager&quot; OR u.role_name=&quot;Program Manager&quot; OR u.role_name=&quot;Engineering Executive&quot;) OR (Condition::Ng5_isAdminGroup(u))"
       secured="false" description="This condition determines if relations of type CMHasSolutionItem are creatable for the given secondary object.">
     <ConditionParameter name="o" parameterTypeName="WorkspaceObject"/>
     <ConditionParameter name="u" parameterTypeName="UserSession"/>
   </Condition>
   <Condition name="isCMHasProblemItemCreatableForPrimary" expression="((o.object_type= &quot;Ng5_PRRevision&quot;) AND (o.is_modifiable = true) AND (o.ng5_ChangeState = &quot;Initiated&quot;) ) OR ((o.object_type= &quot;Ng5_CNRevision&quot;) AND (o.is_modifiable = true) AND ((o.ng5_ChangeState = &quot;Engineering Review&quot;) OR (o.ng5_ChangeState = &quot;Initiated&quot;))) OR ((o.object_type= &quot;Ng5_CRRevision&quot;) AND (o.is_modifiable = true) AND ((o.ng5_ChangeState = &quot;Engineering Review&quot;) OR (o.ng5_ChangeState = &quot;Initiated&quot;))) OR ((o.object_type= &quot;Ng5_DARevision&quot;) AND (o.is_modifiable = true) AND ((o.ng5_ChangeState = &quot;Engineering Review&quot;) OR (o.ng5_ChangeState = &quot;Initiated&quot;))) OR ((o.object_type=&quot;Ng5_MfgCNRevision&quot;) AND (o.is_modifiable = true) AND (o.ng5_ChangeState=&quot;Initiated&quot;))"
       secured="false" description="This condition determines if relations of type CMHasProblemItem are creatable for the given primary object.">
     <ConditionParameter name="o" parameterTypeName="ChangeItemRevision"/>
     <ConditionParameter name="u" parameterTypeName="UserSession"/>
   </Condition>
   <Condition name="isCMHasSolutionItemCreatableForPrimary" expression="((o.object_type= &quot;Ng5_CNRevision&quot;) AND (o.is_modifiable = true) AND ((o.ng5_ChangeState = &quot;Engineering Review&quot;) OR (o.ng5_ChangeState = &quot;Initiated&quot;))) OR((o.object_type= &quot;Ng5_CRRevision&quot;) AND (o.is_modifiable = true) AND ((o.ng5_ChangeState = &quot;Engineering Review&quot;) OR (o.ng5_ChangeState = &quot;Initiated&quot;))) OR((o.object_type= &quot;Ng5_DRRevision&quot;) AND (o.is_modifiable = true) AND ((o.ng5_ChangeState = &quot;Engineering Review&quot;) OR (o.ng5_ChangeState = &quot;Initiated&quot;)))"
       secured="false" description="This condition determines if relations of type CMHasSolutionItem are creatable for the given primary object.">
     <ConditionParameter name="o" parameterTypeName="ChangeItemRevision"/>
     <ConditionParameter name="u" parameterTypeName="UserSession"/>
   </Condition>
   <Condition name="isCMReferencesCreatableForPrimary" expression="(o.ng5_ChangeState != &quot;Approved&quot;) AND (o.ng5_ChangeState != &quot;Rejected&quot;) AND (o.ng5_ChangeState != &quot;Canceled&quot;)  AND (Function::INLIST(&quot;Ng5_Frozen&quot;,o.release_status_list,&quot;name&quot;))!=true"
       secured="false" description="This condition determines if relations of type CMReferences are creatable for the given primary object.">
     <ConditionParameter name="o" parameterTypeName="ChangeItemRevision"/>
     <ConditionParameter name="u" parameterTypeName="UserSession"/>
   </Condition>
   <AuditDefinition primaryType="AM_ACL" eventType="__Create" condition="isTrue" isActive="true"
       eventTypeMapping="AM_ACL:__Create" trackOldValues="false" auditPropertyChangeOnly="false"
       description=""/>
   <AuditDefinition primaryType="AM_ACL" eventType="__Delete" condition="isTrue" isActive="true"
       eventTypeMapping="AM_ACL:__Delete" trackOldValues="false" auditPropertyChangeOnly="false"
       description=""/>
   <AuditDefinition primaryType="AM_ACL" eventType="__Modify" condition="isTrue" isActive="true"
       eventTypeMapping="AM_ACL:__Modify" trackOldValues="false" auditPropertyChangeOnly="false"
       description=""/>
   <AuditDefinition primaryType="AM_tree" eventType="__Create" condition="isTrue"
       isActive="true" eventTypeMapping="AM_tree:__Create" trackOldValues="false"
       auditPropertyChangeOnly="false" description=""/>
   <AuditDefinition primaryType="AM_tree" eventType="__Delete" condition="isTrue"
       isActive="true" eventTypeMapping="AM_tree:__Delete" trackOldValues="false"
       auditPropertyChangeOnly="false" description=""/>
   <AuditDefinition primaryType="AM_tree" eventType="__Modify" condition="isTrue"
       isActive="true" eventTypeMapping="AM_tree:__Modify" trackOldValues="false"
       auditPropertyChangeOnly="false" description=""/>
   <AuditDefinition primaryType="BOMView Revision" eventType="__Component_Add" condition="isTrue"
       isActive="false" eventTypeMapping="BOMView Revision:__Component_Add" trackOldValues="false"
       auditPropertyChangeOnly="false" description=""/>
   <AuditDefinition primaryType="BOMView Revision" eventType="__Component_Remove"
       condition="isTrue" isActive="false" eventTypeMapping="BOMView Revision:__Component_Remove"
       trackOldValues="false" auditPropertyChangeOnly="false" description=""/>
   <AuditDefinition primaryType="Dataset" eventType="__Cancel_Check_Out" condition="isTrue"
       isActive="false" eventTypeMapping="Dataset:__Cancel_Check_Out" trackOldValues="false"
       auditPropertyChangeOnly="false" description=""/>
   <AuditDefinition primaryType="Dataset" eventType="__Check_In" condition="isTrue"
       isActive="false" eventTypeMapping="Dataset:__Check_In" trackOldValues="false"
       auditPropertyChangeOnly="false" description=""/>
   <AuditDefinition primaryType="Dataset" eventType="__Check_Out" condition="isTrue"
       isActive="false" eventTypeMapping="Dataset:__Check_Out" trackOldValues="false"
       auditPropertyChangeOnly="false" description=""/>
   <AuditDefinition primaryType="Dataset" eventType="__Remote_Cancel_Check_Out" condition="isTrue"
       isActive="false" eventTypeMapping="Dataset:__Remote_Cancel_Check_Out" trackOldValues="false"
       auditPropertyChangeOnly="false" description=""/>
   <AuditDefinition primaryType="Dataset" eventType="__Remote_Check_In" condition="isTrue"
       isActive="false" eventTypeMapping="Dataset:__Remote_Check_In" trackOldValues="false"
       auditPropertyChangeOnly="false" description=""/>
   <AuditDefinition primaryType="Dataset" eventType="__Remote_Check_Out" condition="isTrue"
       isActive="false" eventTypeMapping="Dataset:__Remote_Check_Out" trackOldValues="false"
       auditPropertyChangeOnly="false" description=""/>
   <AuditDefinition primaryType="Dataset" eventType="__Remote_Transfer_Check_Out"
       condition="isTrue" isActive="false" eventTypeMapping="Dataset:__Remote_Transfer_Check_Out"
       trackOldValues="false" auditPropertyChangeOnly="false" description=""/>
   <AuditDefinition primaryType="Dataset" eventType="__Transfer_Check_Out" condition="isTrue"
       isActive="false" eventTypeMapping="Dataset:__Transfer_Check_Out" trackOldValues="false"
       auditPropertyChangeOnly="false" description=""/>
   <AuditDefinition primaryType="EPMJob" eventType="__Delete" condition="isTrue" isActive="false"
       eventTypeMapping="EPMJob:__Delete" trackOldValues="false" auditPropertyChangeOnly="false"
       description=""/>
   <AuditDefinition primaryType="EPMJob" eventType="__End" condition="isTrue" isActive="false"
       eventTypeMapping="EPMJob:__End" trackOldValues="false" auditPropertyChangeOnly="false"
       description=""/>
   <AuditDefinition primaryType="EPMJob" eventType="__Process_Initiated" condition="isTrue"
       isActive="false" eventTypeMapping="EPMJob:__Process_Initiated" trackOldValues="false"
       auditPropertyChangeOnly="false" description="Audit Definition for EPMJob __Process_Initiated event"/>
   <AuditDefinition primaryType="EPMJob" eventType="__Start" condition="isTrue" isActive="false"
       eventTypeMapping="EPMJob:__Start" trackOldValues="false" auditPropertyChangeOnly="false"
       description=""/>
   <AuditDefinition primaryType="EPMJob" eventType="__Update_Process" condition="isTrue"
       isActive="false" eventTypeMapping="EPMJob:__Update_Process" trackOldValues="false"
       auditPropertyChangeOnly="false" description="Audit Definition for EPMJob __Update_Process event"/>
   <AuditDefinition primaryType="EPMTask" eventType="Fnd0PKI_Authentication" condition="isTrue"
       isActive="false" eventTypeMapping="EPMTask:Fnd0PKI_Authentication" trackOldValues="false"
       auditPropertyChangeOnly="false" description="Audit definition for EPMTask and PKI Authentication"/>
   <AuditDefinition primaryType="EPMTask" eventType="__Abort" condition="isTrue" isActive="false"
       eventTypeMapping="EPMTask:__Abort" trackOldValues="false" auditPropertyChangeOnly="false"
       description=""/>
   <AuditDefinition primaryType="EPMTask" eventType="__Add_Attachment" condition="isTrue"
       isActive="false" eventTypeMapping="EPMTask:__Add_Attachment" trackOldValues="false"
       auditPropertyChangeOnly="false" description=""/>
   <AuditDefinition primaryType="EPMTask" eventType="__Approve" condition="isTrue"
       isActive="false" eventTypeMapping="EPMTask:__Approve" trackOldValues="false"
       auditPropertyChangeOnly="false" description=""/>
   <AuditDefinition primaryType="EPMTask" eventType="__Assign" condition="isTrue"
       isActive="false" eventTypeMapping="EPMTask:__Assign" trackOldValues="false"
       auditPropertyChangeOnly="false" description=""/>
   <AuditDefinition primaryType="EPMTask" eventType="__Assign_Approver" condition="isTrue"
       isActive="false" eventTypeMapping="EPMTask:__Assign_Approver" trackOldValues="false"
       auditPropertyChangeOnly="false" description=""/>
   <AuditDefinition primaryType="EPMTask" eventType="__Complete" condition="isTrue"
       isActive="false" eventTypeMapping="EPMTask:__Complete" trackOldValues="false"
       auditPropertyChangeOnly="false" description=""/>
   <AuditDefinition primaryType="EPMTask" eventType="__Demote" condition="isTrue"
       isActive="false" eventTypeMapping="EPMTask:__Demote" trackOldValues="false"
       auditPropertyChangeOnly="false" description=""/>
   <AuditDefinition primaryType="EPMTask" eventType="__Fail" condition="isTrue" isActive="false"
       eventTypeMapping="EPMTask:__Fail" trackOldValues="false" auditPropertyChangeOnly="false"
       description=""/>
   <AuditDefinition primaryType="EPMTask" eventType="__Notify" condition="isTrue"
       isActive="false" eventTypeMapping="EPMTask:__Notify" trackOldValues="false"
       auditPropertyChangeOnly="false" description=""/>
   <AuditDefinition primaryType="EPMTask" eventType="__Perform" condition="isTrue"
       isActive="false" eventTypeMapping="EPMTask:__Perform" trackOldValues="false"
       auditPropertyChangeOnly="false" description=""/>
   <AuditDefinition primaryType="EPMTask" eventType="__Promote" condition="isTrue"
       isActive="false" eventTypeMapping="EPMTask:__Promote" trackOldValues="false"
       auditPropertyChangeOnly="false" description=""/>
   <AuditDefinition primaryType="EPMTask" eventType="__Reject" condition="isTrue"
       isActive="false" eventTypeMapping="EPMTask:__Reject" trackOldValues="false"
       auditPropertyChangeOnly="false" description=""/>
   <AuditDefinition primaryType="EPMTask" eventType="__Remove_Attachment" condition="isTrue"
       isActive="false" eventTypeMapping="EPMTask:__Remove_Attachment" trackOldValues="false"
       auditPropertyChangeOnly="false" description=""/>
   <AuditDefinition primaryType="EPMTask" eventType="__Resume" condition="isTrue"
       isActive="false" eventTypeMapping="EPMTask:__Resume" trackOldValues="false"
       auditPropertyChangeOnly="false" description=""/>
   <AuditDefinition primaryType="EPMTask" eventType="__Stand_In" condition="isTrue"
       isActive="false" eventTypeMapping="EPMTask:__Stand_In" trackOldValues="false"
       auditPropertyChangeOnly="false" description=""/>
   <AuditDefinition primaryType="EPMTask" eventType="__Start" condition="isTrue" isActive="false"
       eventTypeMapping="EPMTask:__Start" trackOldValues="false" auditPropertyChangeOnly="false"
       description=""/>
   <AuditDefinition primaryType="EPMTask" eventType="__Suspend" condition="isTrue"
       isActive="false" eventTypeMapping="EPMTask:__Suspend" trackOldValues="false"
       auditPropertyChangeOnly="false" description=""/>
   <AuditDefinition primaryType="Folder" eventType="__Cancel_Check_Out" condition="isTrue"
       isActive="false" eventTypeMapping="Folder:__Cancel_Check_Out" trackOldValues="false"
       auditPropertyChangeOnly="false" description=""/>
   <AuditDefinition primaryType="Folder" eventType="__Check_In" condition="isTrue"
       isActive="false" eventTypeMapping="Folder:__Check_In" trackOldValues="false"
       auditPropertyChangeOnly="false" description=""/>
   <AuditDefinition primaryType="Folder" eventType="__Check_Out" condition="isTrue"
       isActive="false" eventTypeMapping="Folder:__Check_Out" trackOldValues="false"
       auditPropertyChangeOnly="false" description=""/>
   <AuditDefinition primaryType="Folder" eventType="__Remote_Cancel_Check_Out" condition="isTrue"
       isActive="false" eventTypeMapping="Folder:__Remote_Cancel_Check_Out" trackOldValues="false"
       auditPropertyChangeOnly="false" description="Auditdefinition"/>
   <AuditDefinition primaryType="Folder" eventType="__Remote_Check_In" condition="isTrue"
       isActive="false" eventTypeMapping="Folder:__Remote_Check_In" trackOldValues="false"
       auditPropertyChangeOnly="false" description=""/>
   <AuditDefinition primaryType="Folder" eventType="__Remote_Check_Out" condition="isTrue"
       isActive="false" eventTypeMapping="Folder:__Remote_Check_Out" trackOldValues="false"
       auditPropertyChangeOnly="false" description=""/>
   <AuditDefinition primaryType="Folder" eventType="__Remote_Transfer_Check_Out" condition="isTrue"
       isActive="false" eventTypeMapping="Folder:__Remote_Transfer_Check_Out" trackOldValues="false"
       auditPropertyChangeOnly="false" description=""/>
   <AuditDefinition primaryType="Folder" eventType="__Transfer_Check_Out" condition="isTrue"
       isActive="false" eventTypeMapping="Folder:__Transfer_Check_Out" trackOldValues="false"
       auditPropertyChangeOnly="false" description=""/>
   <AuditDefinition primaryType="Form" eventType="__Cancel_Check_Out" condition="isTrue"
       isActive="false" eventTypeMapping="Form:__Cancel_Check_Out" trackOldValues="false"
       auditPropertyChangeOnly="false" description=""/>
   <AuditDefinition primaryType="Form" eventType="__Check_In" condition="isTrue" isActive="false"
       eventTypeMapping="Form:__Check_In" trackOldValues="false" auditPropertyChangeOnly="false"
       description=""/>
   <AuditDefinition primaryType="Form" eventType="__Check_Out" condition="isTrue"
       isActive="false" eventTypeMapping="Form:__Check_Out" trackOldValues="false"
       auditPropertyChangeOnly="false" description=""/>
   <AuditDefinition primaryType="Form" eventType="__Remote_Cancel_Check_Out" condition="isTrue"
       isActive="false" eventTypeMapping="Form:__Remote_Cancel_Check_Out" trackOldValues="false"
       auditPropertyChangeOnly="false" description=""/>
   <AuditDefinition primaryType="Form" eventType="__Remote_Check_In" condition="isTrue"
       isActive="false" eventTypeMapping="Form:__Remote_Check_In" trackOldValues="false"
       auditPropertyChangeOnly="false" description="Auditdefinition"/>
   <AuditDefinition primaryType="Form" eventType="__Remote_Check_Out" condition="isTrue"
       isActive="false" eventTypeMapping="Form:__Remote_Check_Out" trackOldValues="false"
       auditPropertyChangeOnly="false" description=""/>
   <AuditDefinition primaryType="Form" eventType="__Remote_Transfer_Check_Out" condition="isTrue"
       isActive="false" eventTypeMapping="Form:__Remote_Transfer_Check_Out" trackOldValues="false"
       auditPropertyChangeOnly="false" description=""/>
   <AuditDefinition primaryType="Form" eventType="__Transfer_Check_Out" condition="isTrue"
       isActive="false" eventTypeMapping="Form:__Transfer_Check_Out" trackOldValues="false"
       auditPropertyChangeOnly="false" description=""/>
   <AuditDefinition primaryType="Group" eventType="__Create" condition="isTrue" isActive="true"
       eventTypeMapping="Group:__Create" trackOldValues="true" auditPropertyChangeOnly="false"
       description=""/>
   <AuditDefinition primaryType="Group" eventType="__Delete" condition="isTrue" isActive="true"
       eventTypeMapping="Group:__Delete" trackOldValues="true" auditPropertyChangeOnly="false"
       description=""/>
   <AuditDefinition primaryType="Group" eventType="__Modify" condition="isTrue" isActive="true"
       eventTypeMapping="Group:__Modify" trackOldValues="true" auditPropertyChangeOnly="false"
       description=""/>
   <AuditDefinition primaryType="GroupMember" eventType="__Create" condition="isTrue"
       isActive="true" eventTypeMapping="GroupMember:__Create" trackOldValues="true"
       auditPropertyChangeOnly="false" description=""/>
   <AuditDefinition primaryType="GroupMember" eventType="__Delete" condition="isTrue"
       isActive="true" eventTypeMapping="GroupMember:__Delete" trackOldValues="true"
       auditPropertyChangeOnly="false" description=""/>
   <AuditDefinition primaryType="GroupMember" eventType="__Modify" condition="isTrue"
       isActive="true" eventTypeMapping="GroupMember:__Modify" trackOldValues="true"
       auditPropertyChangeOnly="false" description="Audit Definition"/>
   <AuditDefinition primaryType="ImanVolume" eventType="__Create" condition="isTrue"
       isActive="true" eventTypeMapping="ImanVolume:__Create" trackOldValues="false"
       auditPropertyChangeOnly="false" description=""/>
   <AuditDefinition primaryType="ImanVolume" eventType="__Delete" condition="isTrue"
       isActive="true" eventTypeMapping="ImanVolume:__Delete" trackOldValues="false"
       auditPropertyChangeOnly="false" description=""/>
   <AuditDefinition primaryType="ImanVolume" eventType="__Modify" condition="isTrue"
       isActive="true" eventTypeMapping="ImanVolume:__Modify" trackOldValues="false"
       auditPropertyChangeOnly="false" description=""/>
   <AuditDefinition primaryType="Item" eventType="__Cancel_Check_Out" condition="isTrue"
       isActive="false" eventTypeMapping="Item:__Cancel_Check_Out" trackOldValues="false"
       auditPropertyChangeOnly="false" description=""/>
   <AuditDefinition primaryType="Item" eventType="__Check_In" condition="isTrue" isActive="false"
       eventTypeMapping="Item:__Check_In" trackOldValues="false" auditPropertyChangeOnly="false"
       description=""/>
   <AuditDefinition primaryType="Item" eventType="__Check_Out" condition="isTrue"
       isActive="false" eventTypeMapping="Item:__Check_Out" trackOldValues="false"
       auditPropertyChangeOnly="false" description=""/>
   <AuditDefinition primaryType="Item" eventType="__Remote_Cancel_Check_Out" condition="isTrue"
       isActive="false" eventTypeMapping="Item:__Remote_Cancel_Check_Out" trackOldValues="false"
       auditPropertyChangeOnly="false" description=""/>
   <AuditDefinition primaryType="Item" eventType="__Remote_Check_In" condition="isTrue"
       isActive="false" eventTypeMapping="Item:__Remote_Check_In" trackOldValues="false"
       auditPropertyChangeOnly="false" description=""/>
   <AuditDefinition primaryType="Item" eventType="__Remote_Check_Out" condition="isTrue"
       isActive="false" eventTypeMapping="Item:__Remote_Check_Out" trackOldValues="false"
       auditPropertyChangeOnly="false" description=""/>
   <AuditDefinition primaryType="Item" eventType="__Remote_Transfer_Check_Out" condition="isTrue"
       isActive="false" eventTypeMapping="Item:__Remote_Transfer_Check_Out" trackOldValues="false"
       auditPropertyChangeOnly="false" description=""/>
   <AuditDefinition primaryType="Item" eventType="__Transfer_Check_Out" condition="isTrue"
       isActive="false" eventTypeMapping="Item:__Transfer_Check_Out" trackOldValues="false"
       auditPropertyChangeOnly="false" description=""/>
   <AuditDefinition primaryType="ItemRevision" eventType="__Cancel_Check_Out" condition="isTrue"
       isActive="false" eventTypeMapping="ItemRevision:__Cancel_Check_Out" trackOldValues="false"
       auditPropertyChangeOnly="false" description=""/>
   <AuditDefinition primaryType="ItemRevision" eventType="__Check_In" condition="isTrue"
       isActive="false" eventTypeMapping="ItemRevision:__Check_In" trackOldValues="false"
       auditPropertyChangeOnly="false" description=""/>
   <AuditDefinition primaryType="ItemRevision" eventType="__Check_Out" condition="isTrue"
       isActive="false" eventTypeMapping="ItemRevision:__Check_Out" trackOldValues="false"
       auditPropertyChangeOnly="false" description=""/>
   <AuditDefinition primaryType="ItemRevision" eventType="__Remote_Cancel_Check_Out"
       condition="isTrue" isActive="false" eventTypeMapping="ItemRevision:__Remote_Cancel_Check_Out"
       trackOldValues="false" auditPropertyChangeOnly="false" description=""/>
   <AuditDefinition primaryType="ItemRevision" eventType="__Remote_Check_In" condition="isTrue"
       isActive="false" eventTypeMapping="ItemRevision:__Remote_Check_In" trackOldValues="false"
       auditPropertyChangeOnly="false" description=""/>
   <AuditDefinition primaryType="ItemRevision" eventType="__Remote_Check_Out" condition="isTrue"
       isActive="false" eventTypeMapping="ItemRevision:__Remote_Check_Out" trackOldValues="false"
       auditPropertyChangeOnly="false" description=""/>
   <AuditDefinition primaryType="ItemRevision" eventType="__Remote_Transfer_Check_Out"
       condition="isTrue" isActive="false" eventTypeMapping="ItemRevision:__Remote_Transfer_Check_Out"
       trackOldValues="false" auditPropertyChangeOnly="false" description=""/>
   <AuditDefinition primaryType="ItemRevision" eventType="__Transfer_Check_Out" condition="isTrue"
       isActive="false" eventTypeMapping="ItemRevision:__Transfer_Check_Out" trackOldValues="false"
       auditPropertyChangeOnly="false" description=""/>
   <AuditDefinition primaryType="POM_application_object" eventType="Fnd0Apply_Digital_Signature"
       condition="isTrue" isActive="false" eventTypeMapping="POM_application_object:Fnd0Apply_Digital_Signature"
       trackOldValues="false" auditPropertyChangeOnly="false" description="Audit definition for POM_application_object and Apply Digital Signature"/>
   <AuditDefinition primaryType="POM_application_object" eventType="Fnd0Delete_Digital_Signature"
       condition="isTrue" isActive="false" eventTypeMapping="POM_application_object:Fnd0Delete_Digital_Signature"
       trackOldValues="false" auditPropertyChangeOnly="false" description="Audit Definition for POM_application_object and Delete Digital Signature"/>
   <AuditDefinition primaryType="POM_application_object" eventType="Fnd0PKI_Authentication"
       condition="isTrue" isActive="false" eventTypeMapping="POM_application_object:Fnd0PKI_Authentication"
       trackOldValues="false" auditPropertyChangeOnly="false" description="Audit definition for POM_application_object and PKI Authentication"/>
   <AuditDefinition primaryType="POM_application_object" eventType="Fnd0Verify_Digital_Signature"
       condition="isTrue" isActive="false" eventTypeMapping="POM_application_object:Fnd0Verify_Digital_Signature"
       trackOldValues="false" auditPropertyChangeOnly="false" description="Audit definition for POM_application_object and Verify Digital Signature"/>
   <AuditDefinition primaryType="POM_application_object" eventType="Fnd0Void_Digital_Signature"
       condition="isTrue" isActive="false" eventTypeMapping="POM_application_object:Fnd0Void_Digital_Signature"
       trackOldValues="false" auditPropertyChangeOnly="false" description="Audit Definition for POM_application_object and Void Digital Signature"/>
   <AuditDefinition primaryType="PSBOMView" eventType="__Cancel_Check_Out" condition="isTrue"
       isActive="false" eventTypeMapping="PSBOMView:__Cancel_Check_Out" trackOldValues="false"
       auditPropertyChangeOnly="false" description=""/>
   <AuditDefinition primaryType="PSBOMView" eventType="__Check_In" condition="isTrue"
       isActive="false" eventTypeMapping="PSBOMView:__Check_In" trackOldValues="false"
       auditPropertyChangeOnly="false" description=""/>
   <AuditDefinition primaryType="PSBOMView" eventType="__Check_Out" condition="isTrue"
       isActive="false" eventTypeMapping="PSBOMView:__Check_Out" trackOldValues="false"
       auditPropertyChangeOnly="false" description=""/>
   <AuditDefinition primaryType="PSBOMView" eventType="__Remote_Cancel_Check_Out"
       condition="isTrue" isActive="false" eventTypeMapping="PSBOMView:__Remote_Cancel_Check_Out"
       trackOldValues="false" auditPropertyChangeOnly="false" description=""/>
   <AuditDefinition primaryType="PSBOMView" eventType="__Remote_Check_In" condition="isTrue"
       isActive="false" eventTypeMapping="PSBOMView:__Remote_Check_In" trackOldValues="false"
       auditPropertyChangeOnly="false" description=""/>
   <AuditDefinition primaryType="PSBOMView" eventType="__Remote_Check_Out" condition="isTrue"
       isActive="false" eventTypeMapping="PSBOMView:__Remote_Check_Out" trackOldValues="false"
       auditPropertyChangeOnly="false" description=""/>
   <AuditDefinition primaryType="PSBOMView" eventType="__Remote_Transfer_Check_Out"
       condition="isTrue" isActive="false" eventTypeMapping="PSBOMView:__Remote_Transfer_Check_Out"
       trackOldValues="false" auditPropertyChangeOnly="false" description=""/>
   <AuditDefinition primaryType="PSBOMView" eventType="__Transfer_Check_Out" condition="isTrue"
       isActive="false" eventTypeMapping="PSBOMView:__Transfer_Check_Out" trackOldValues="false"
       auditPropertyChangeOnly="false" description=""/>
   <AuditDefinition primaryType="PSBOMViewRevision" eventType="__Cancel_Check_Out"
       condition="isTrue" isActive="false" eventTypeMapping="PSBOMViewRevision:__Cancel_Check_Out"
       trackOldValues="false" auditPropertyChangeOnly="false" description=""/>
   <AuditDefinition primaryType="PSBOMViewRevision" eventType="__Check_In" condition="isTrue"
       isActive="false" eventTypeMapping="PSBOMViewRevision:__Check_In" trackOldValues="false"
       auditPropertyChangeOnly="false" description=""/>
   <AuditDefinition primaryType="PSBOMViewRevision" eventType="__Check_Out" condition="isTrue"
       isActive="false" eventTypeMapping="PSBOMViewRevision:__Check_Out" trackOldValues="false"
       auditPropertyChangeOnly="false" description=""/>
   <AuditDefinition primaryType="PSBOMViewRevision" eventType="__Remote_Cancel_Check_Out"
       condition="isTrue" isActive="false" eventTypeMapping="PSBOMViewRevision:__Remote_Cancel_Check_Out"
       trackOldValues="false" auditPropertyChangeOnly="false" description=""/>
   <AuditDefinition primaryType="PSBOMViewRevision" eventType="__Remote_Check_In"
       condition="isTrue" isActive="false" eventTypeMapping="PSBOMViewRevision:__Remote_Check_In"
       trackOldValues="false" auditPropertyChangeOnly="false" description=""/>
   <AuditDefinition primaryType="PSBOMViewRevision" eventType="__Remote_Check_Out"
       condition="isTrue" isActive="false" eventTypeMapping="PSBOMViewRevision:__Remote_Check_Out"
       trackOldValues="false" auditPropertyChangeOnly="false" description=""/>
   <AuditDefinition primaryType="PSBOMViewRevision" eventType="__Remote_Transfer_Check_Out"
       condition="isTrue" isActive="false" eventTypeMapping="PSBOMViewRevision:__Remote_Transfer_Check_Out"
       trackOldValues="false" auditPropertyChangeOnly="false" description=""/>
   <AuditDefinition primaryType="PSBOMViewRevision" eventType="__Transfer_Check_Out"
       condition="isTrue" isActive="false" eventTypeMapping="PSBOMViewRevision:__Transfer_Check_Out"
       trackOldValues="false" auditPropertyChangeOnly="false" description=""/>
   <AuditDefinition primaryType="PSOccurrence" eventType="__Modify" condition="isTrue"
       isActive="false" eventTypeMapping="PSOccurrence:__Modify" trackOldValues="false"
       auditPropertyChangeOnly="false" description=""/>
   <AuditDefinition primaryType="PSOccurrenceNotes" eventType="__Modify" condition="isTrue"
       isActive="false" eventTypeMapping="PSOccurrenceNotes:__Modify" trackOldValues="false"
       auditPropertyChangeOnly="false" description="Audit Definition"/>
   <AuditDefinition primaryType="Person" eventType="__Create" condition="isTrue" isActive="true"
       eventTypeMapping="Person:__Create" trackOldValues="false" auditPropertyChangeOnly="false"
       description=""/>
   <AuditDefinition primaryType="Person" eventType="__Delete" condition="isTrue" isActive="true"
       eventTypeMapping="Person:__Delete" trackOldValues="false" auditPropertyChangeOnly="false"
       description=""/>
   <AuditDefinition primaryType="Person" eventType="__Modify" condition="isTrue" isActive="true"
       eventTypeMapping="Person:__Modify" trackOldValues="false" auditPropertyChangeOnly="false"
       description=""/>
   <AuditDefinition primaryType="Role" eventType="__Create" condition="isTrue" isActive="true"
       eventTypeMapping="Role:__Create" trackOldValues="true" auditPropertyChangeOnly="false"
       description=""/>
   <AuditDefinition primaryType="Role" eventType="__Delete" condition="isTrue" isActive="true"
       eventTypeMapping="Role:__Delete" trackOldValues="true" auditPropertyChangeOnly="false"
       description=""/>
   <AuditDefinition primaryType="Role" eventType="__Modify" condition="isTrue" isActive="true"
       eventTypeMapping="Role:__Modify" trackOldValues="true" auditPropertyChangeOnly="false"
       description=""/>
   <AuditDefinition primaryType="SchDeliverable" eventType="__Modify" condition="isTrue"
       isActive="false" eventTypeMapping="SchDeliverable:__Modify" trackOldValues="false"
       auditPropertyChangeOnly="false" description="Schedule Deliverable Modify"/>
   <AuditDefinition primaryType="SchTaskDeliverable" eventType="__Modify" condition="isTrue"
       isActive="false" eventTypeMapping="SchTaskDeliverable:__Modify" trackOldValues="false"
       auditPropertyChangeOnly="false" description="ScheduleTask Deliverable Modify"/>
   <AuditDefinition primaryType="Schedule" eventType="__Modify" condition="isTrue"
       isActive="false" eventTypeMapping="Schedule:__Modify" trackOldValues="false"
       auditPropertyChangeOnly="false" description="Schedule Modify"/>
   <AuditDefinition primaryType="Schedule" eventType="__Sch_Baseline_Created" condition="isTrue"
       isActive="false" eventTypeMapping="Schedule:__Sch_Baseline_Created" trackOldValues="false"
       auditPropertyChangeOnly="false" description="Schedule Baseline Created"/>
   <AuditDefinition primaryType="Schedule" eventType="__State_Change" condition="isTrue"
       isActive="false" eventTypeMapping="Schedule:__State_Change" trackOldValues="false"
       auditPropertyChangeOnly="false" description="Schedule State Changed"/>
   <AuditDefinition primaryType="Schedule" eventType="__State_ChangeTo_Abort" condition="isTrue"
       isActive="false" eventTypeMapping="Schedule:__State_ChangeTo_Abort" trackOldValues="false"
       auditPropertyChangeOnly="false" description="Schedule State Changed To Abort"/>
   <AuditDefinition primaryType="Schedule" eventType="__State_ChangeTo_Closed" condition="isTrue"
       isActive="false" eventTypeMapping="Schedule:__State_ChangeTo_Closed" trackOldValues="false"
       auditPropertyChangeOnly="false" description="Schedule State Changed To Closed"/>
   <AuditDefinition primaryType="Schedule" eventType="__State_ChangeTo_Complete" condition="isTrue"
       isActive="false" eventTypeMapping="Schedule:__State_ChangeTo_Complete" trackOldValues="false"
       auditPropertyChangeOnly="false" description="Schedule State Changed To Complete"/>
   <AuditDefinition primaryType="Schedule" eventType="__State_ChangeTo_InProgress"
       condition="isTrue" isActive="false" eventTypeMapping="Schedule:__State_ChangeTo_InProgress"
       trackOldValues="false" auditPropertyChangeOnly="false" description="Schedule State Changed To InProgress"/>
   <AuditDefinition primaryType="Schedule" eventType="__State_ChangeTo_NotStarted"
       condition="isTrue" isActive="false" eventTypeMapping="Schedule:__State_ChangeTo_NotStarted"
       trackOldValues="false" auditPropertyChangeOnly="false" description="Schedule State Changed To NotStarted"/>
   <AuditDefinition primaryType="ScheduleMember" eventType="__Modify" condition="isTrue"
       isActive="false" eventTypeMapping="ScheduleMember:__Modify" trackOldValues="false"
       auditPropertyChangeOnly="false" description="Schedule Member Modify"/>
   <AuditDefinition primaryType="ScheduleTask" eventType="__Modify" condition="isTrue"
       isActive="false" eventTypeMapping="ScheduleTask:__Modify" trackOldValues="false"
       auditPropertyChangeOnly="false" description="Schedule Member Modify"/>
   <AuditDefinition primaryType="ScheduleTask" eventType="__ResourceAssignment_Create"
       condition="isTrue" isActive="false" eventTypeMapping="ScheduleTask:__ResourceAssignment_Create"
       trackOldValues="false" auditPropertyChangeOnly="false" description="ResourceAssignment Create"/>
   <AuditDefinition primaryType="ScheduleTask" eventType="__ResourceAssignment_Delete"
       condition="isTrue" isActive="false" eventTypeMapping="ScheduleTask:__ResourceAssignment_Delete"
       trackOldValues="false" auditPropertyChangeOnly="false" description="ResourceAssignment Delete"/>
   <AuditDefinition primaryType="ScheduleTask" eventType="__ResourceAssignment_Modify"
       condition="isTrue" isActive="false" eventTypeMapping="ScheduleTask:__ResourceAssignment_Modify"
       trackOldValues="false" auditPropertyChangeOnly="false" description="ResourceAssignment Modify"/>
   <AuditDefinition primaryType="ScheduleTask" eventType="__State_Change" condition="isTrue"
       isActive="false" eventTypeMapping="ScheduleTask:__State_Change" trackOldValues="false"
       auditPropertyChangeOnly="false" description="ScheduleTask State Changed"/>
   <AuditDefinition primaryType="ScheduleTask" eventType="__State_ChangeTo_Abort"
       condition="isTrue" isActive="false" eventTypeMapping="ScheduleTask:__State_ChangeTo_Abort"
       trackOldValues="false" auditPropertyChangeOnly="false" description="ScheduleTask State Changed To Abort"/>
   <AuditDefinition primaryType="ScheduleTask" eventType="__State_ChangeTo_Closed"
       condition="isTrue" isActive="false" eventTypeMapping="ScheduleTask:__State_ChangeTo_Closed"
       trackOldValues="false" auditPropertyChangeOnly="false" description="ScheduleTask State Changed To Closed"/>
   <AuditDefinition primaryType="ScheduleTask" eventType="__State_ChangeTo_Complete"
       condition="isTrue" isActive="false" eventTypeMapping="ScheduleTask:__State_ChangeTo_Complete"
       trackOldValues="false" auditPropertyChangeOnly="false" description="ScheduleTask State Changed To Complete"/>
   <AuditDefinition primaryType="ScheduleTask" eventType="__State_ChangeTo_InProgress"
       condition="isTrue" isActive="false" eventTypeMapping="ScheduleTask:__State_ChangeTo_InProgress"
       trackOldValues="false" auditPropertyChangeOnly="false" description="ScheduleTask State Changed To InProgress"/>
   <AuditDefinition primaryType="ScheduleTask" eventType="__State_ChangeTo_NotStarted"
       condition="isTrue" isActive="false" eventTypeMapping="ScheduleTask:__State_ChangeTo_NotStarted"
       trackOldValues="false" auditPropertyChangeOnly="false" description="ScheduleTask State Changed To NotStarted"/>
   <AuditDefinition primaryType="ScheduleTask" eventType="__TaskDependency_Create"
       condition="isTrue" isActive="false" eventTypeMapping="ScheduleTask:__TaskDependency_Create"
       trackOldValues="false" auditPropertyChangeOnly="false" description="TaskDependency Create"/>
   <AuditDefinition primaryType="ScheduleTask" eventType="__TaskDependency_Delete"
       condition="isTrue" isActive="false" eventTypeMapping="ScheduleTask:__TaskDependency_Delete"
       trackOldValues="false" auditPropertyChangeOnly="false" description="TaskDependency Delete"/>
   <AuditDefinition primaryType="ScheduleTask" eventType="__TaskDependency_Modify"
       condition="isTrue" isActive="false" eventTypeMapping="ScheduleTask:__TaskDependency_Modify"
       trackOldValues="false" auditPropertyChangeOnly="false" description="TaskDependency Modify"/>
   <AuditDefinition primaryType="ScheduleTask" eventType="__TaskStatus_Changed" condition="isTrue"
       isActive="false" eventTypeMapping="ScheduleTask:__TaskStatus_Changed" trackOldValues="false"
       auditPropertyChangeOnly="false" description="ScheduleTask Status Changed"/>
   <AuditDefinition primaryType="ScheduleTask" eventType="__Task_ExecutionData_Changed"
       condition="isTrue" isActive="false" eventTypeMapping="ScheduleTask:__Task_ExecutionData_Changed"
       trackOldValues="false" auditPropertyChangeOnly="false" description="ScheduleTask ExecutionData Changed"/>
   <AuditDefinition primaryType="ScheduleTask" eventType="__Task_SchedulingData_Changed"
       condition="isTrue" isActive="false" eventTypeMapping="ScheduleTask:__Task_SchedulingData_Changed"
       trackOldValues="false" auditPropertyChangeOnly="false" description="ScheduleTask SchedulingData Changed"/>
   <AuditDefinition primaryType="ScheduleTask" eventType="__WF_Changed" condition="isTrue"
       isActive="false" eventTypeMapping="ScheduleTask:__WF_Changed" trackOldValues="false"
       auditPropertyChangeOnly="false" description="ScheduleTask Workflow Changed"/>
   <AuditDefinition primaryType="ScheduleTask" eventType="__WF_Launch" condition="isTrue"
       isActive="false" eventTypeMapping="ScheduleTask:__WF_Launch" trackOldValues="false"
       auditPropertyChangeOnly="false" description="Schedule Task Workflow Launch"/>
   <AuditDefinition primaryType="TC_Project" eventType="Fnd0Assign_Group_To_Project"
       condition="isTrue" isActive="true" eventTypeMapping="TC_Project:Fnd0Assign_Group_To_Project"
       trackOldValues="true" auditPropertyChangeOnly="false" description="Assign groups of users to a project or program"/>
   <AuditDefinition primaryType="TC_Project" eventType="Fnd0Assign_User_To_Project"
       condition="isTrue" isActive="true" eventTypeMapping="TC_Project:Fnd0Assign_User_To_Project"
       trackOldValues="true" auditPropertyChangeOnly="false" description="Assign individual users to a project or program"/>
   <AuditDefinition primaryType="TC_Project" eventType="Fnd0Remove_Group_From_Project"
       condition="isTrue" isActive="true" eventTypeMapping="TC_Project:Fnd0Remove_Group_From_Project"
       trackOldValues="true" auditPropertyChangeOnly="false" description="Remove groups of users to a project or program"/>
   <AuditDefinition primaryType="TC_Project" eventType="Fnd0Remove_User_From_Project"
       condition="isTrue" isActive="true" eventTypeMapping="TC_Project:Fnd0Remove_User_From_Project"
       trackOldValues="true" auditPropertyChangeOnly="false" description="Remove individual users to a project or program"/>
   <AuditDefinition primaryType="TC_Project" eventType="Fnd0Set_Default_Project" condition="isTrue"
       isActive="true" eventTypeMapping="TC_Project:Fnd0Set_Default_Project" trackOldValues="true"
       auditPropertyChangeOnly="false" description="Set default project"/>
   <AuditDefinition primaryType="TC_Project" eventType="Fnd0Set_Privileged_User" condition="isTrue"
       isActive="true" eventTypeMapping="TC_Project:Fnd0Set_Privileged_User" trackOldValues="true"
       auditPropertyChangeOnly="false" description="Set privileged user"/>
   <AuditDefinition primaryType="TC_Project" eventType="Fnd0Set_Project_Admin" condition="isTrue"
       isActive="true" eventTypeMapping="TC_Project:Fnd0Set_Project_Admin" trackOldValues="true"
       auditPropertyChangeOnly="false" description="Set Project administrator"/>
   <AuditDefinition primaryType="TC_Project" eventType="Fnd0Set_Team_Admin" condition="isTrue"
       isActive="true" eventTypeMapping="TC_Project:Fnd0Set_Team_Admin" trackOldValues="true"
       auditPropertyChangeOnly="false" description="Set team administrator"/>
   <AuditDefinition primaryType="TC_Project" eventType="Fnd0Unset_Privileged_User"
       condition="isTrue" isActive="true" eventTypeMapping="TC_Project:Fnd0Unset_Privileged_User"
       trackOldValues="true" auditPropertyChangeOnly="false" description="Unset privileged user"/>
   <AuditDefinition primaryType="TC_Project" eventType="Fnd0Unset_Project_Admin" condition="isTrue"
       isActive="true" eventTypeMapping="TC_Project:Fnd0Unset_Project_Admin" trackOldValues="true"
       auditPropertyChangeOnly="false" description="Unset  Project administrator"/>
   <AuditDefinition primaryType="TC_Project" eventType="Fnd0Unset_Team_Admin" condition="isTrue"
       isActive="true" eventTypeMapping="TC_Project:Fnd0Unset_Team_Admin" trackOldValues="true"
       auditPropertyChangeOnly="false" description="Unset team administrator"/>
   <AuditDefinition primaryType="TC_Project" eventType="__Create" condition="isTrue"
       isActive="true" eventTypeMapping="TC_Project:__Create" trackOldValues="true"
       auditPropertyChangeOnly="false" description=""/>
   <AuditDefinition primaryType="TC_Project" eventType="__Delete" condition="isTrue"
       isActive="true" eventTypeMapping="TC_Project:__Delete" trackOldValues="true"
       auditPropertyChangeOnly="false" description=""/>
   <AuditDefinition primaryType="TC_Project" eventType="__Modify" condition="isTrue"
       isActive="true" eventTypeMapping="TC_Project:__Modify" trackOldValues="true"
       auditPropertyChangeOnly="false" description=""/>
   <AuditDefinition primaryType="User" eventType="__Create" condition="isTrue" isActive="true"
       eventTypeMapping="User:__Create" trackOldValues="true" auditPropertyChangeOnly="false"
       description=""/>
   <AuditDefinition primaryType="User" eventType="__Delete" condition="isTrue" isActive="true"
       eventTypeMapping="User:__Delete" trackOldValues="true" auditPropertyChangeOnly="false"
       description=""/>
   <AuditDefinition primaryType="User" eventType="__Modify" condition="isTrue" isActive="true"
       eventTypeMapping="User:__Modify" trackOldValues="true" auditPropertyChangeOnly="false"
       description=""/>
   <AuditDefPropAttach primaryType="Group" eventType="__Modify" condition="isTrue">
     <AuditDefProperty objectType="Group" propertyName="name" isSecondary="false"
         enableTracking="track_always" targetPropertyName="name" ovlTargetPropertyName="nameOvl"
         refDisplayPropertyName="" ovlRefDisplayPropertyName=""/>
   </AuditDefPropAttach>
   <AuditDefPropAttach primaryType="Role" eventType="__Modify" condition="isTrue">
     <AuditDefProperty objectType="Role" propertyName="role_name" isSecondary="false"
         enableTracking="track_always" targetPropertyName="role_name" ovlTargetPropertyName="role_nameOvl"
         refDisplayPropertyName="" ovlRefDisplayPropertyName=""/>
   </AuditDefPropAttach>
   <AuditDefPropAttach primaryType="TC_Project" eventType="__Modify" condition="isTrue">
     <AuditDefProperty objectType="TC_Project" propertyName="project_name" isSecondary="false"
         enableTracking="track_always" targetPropertyName="project_name" ovlTargetPropertyName="project_nameOvl"
         refDisplayPropertyName="" ovlRefDisplayPropertyName=""/>
   </AuditDefPropAttach>
   <AuditDefPropAttach primaryType="TC_Project" eventType="__Modify" condition="isTrue">
     <AuditDefProperty objectType="TC_Project" propertyName="project_id" isSecondary="false"
         enableTracking="track_always" targetPropertyName="project_id" ovlTargetPropertyName="project_idOvl"
         refDisplayPropertyName="" ovlRefDisplayPropertyName=""/>
   </AuditDefPropAttach>
</Change>
<Delete/>
</TcBusinessData>
