<?xml version="1.0" encoding="UTF-8"?>
<TcBusinessData xmlns="http://teamcenter.com/BusinessModel/TcBusinessData" Date="">
<Add>
   <Library name="Ng5SoaEQubeServices" createRelease="tc11000.2.2" serviceLibrary="true"
       namespace="Ng5::Soa::EQubeServices" isThirdParty="false"/>
   <TcClass className="Ng5_Fnd0StaticTable" parentClassName="Fnd0StaticTable" isExportable="false"
       isUninstantiable="false" isUninheritable="false" description="">
     <TcAttribute attributeName="ng5_logtableid" description="" attributeType="POM_string"
         maxStringLength="128" isArray="false" followOnExport="false" isNullsAllowed="true"
         isUnique="false" isPublicRead="true" isPublicWrite="true" isCandidateKey="false"
         isTransient="false" exportAsString="false" noBackpointer="false" lowerBoundValue=""
         upperBoundValue=""/>
   </TcClass>
   <TcClass className="Ng5_TableProperties" parentClassName="TableProperties" isExportable="false"
       isUninstantiable="false" isUninheritable="false" description="">
     <TcAttribute attributeName="ng5_trackingid" description="" attributeType="POM_string"
         maxStringLength="128" isArray="false" followOnExport="false" isNullsAllowed="true"
         isUnique="false" isPublicRead="true" isPublicWrite="true" isCandidateKey="false"
         isTransient="false" exportAsString="false" noBackpointer="false" lowerBoundValue=""
         upperBoundValue=""/>
     <TcAttribute attributeName="ng5_itemtype" description="" attributeType="POM_string"
         maxStringLength="128" isArray="false" followOnExport="false" isNullsAllowed="true"
         isUnique="false" isPublicRead="true" isPublicWrite="true" isCandidateKey="false"
         isTransient="false" exportAsString="false" noBackpointer="false" lowerBoundValue=""
         upperBoundValue=""/>
     <TcAttribute attributeName="ng5_itemid" description="" attributeType="POM_string"
         maxStringLength="128" isArray="false" followOnExport="false" isNullsAllowed="true"
         isUnique="false" isPublicRead="true" isPublicWrite="true" isCandidateKey="false"
         isTransient="false" exportAsString="false" noBackpointer="false" lowerBoundValue=""
         upperBoundValue=""/>
     <TcAttribute attributeName="ng5_revid" description="" attributeType="POM_string"
         maxStringLength="128" isArray="false" followOnExport="false" isNullsAllowed="true"
         isUnique="false" isPublicRead="true" isPublicWrite="true" isCandidateKey="false"
         isTransient="false" exportAsString="false" noBackpointer="false" lowerBoundValue=""
         upperBoundValue=""/>
     <TcAttribute attributeName="ng5_timestamp" description="" attributeType="POM_string"
         maxStringLength="128" isArray="false" followOnExport="false" isNullsAllowed="true"
         isUnique="false" isPublicRead="true" isPublicWrite="true" isCandidateKey="false"
         isTransient="false" exportAsString="false" noBackpointer="false" lowerBoundValue=""
         upperBoundValue=""/>
     <TcAttribute attributeName="ng5_operation" description="" attributeType="POM_string"
         maxStringLength="128" isArray="false" followOnExport="false" isNullsAllowed="true"
         isUnique="false" isPublicRead="true" isPublicWrite="true" isCandidateKey="false"
         isTransient="false" exportAsString="false" noBackpointer="false" lowerBoundValue=""
         upperBoundValue=""/>
     <TcAttribute attributeName="ng5_result" description="" attributeType="POM_string"
         maxStringLength="128" isArray="false" followOnExport="false" isNullsAllowed="true"
         isUnique="false" isPublicRead="true" isPublicWrite="true" isCandidateKey="false"
         isTransient="false" exportAsString="false" noBackpointer="false" lowerBoundValue=""
         upperBoundValue=""/>
     <TcAttribute attributeName="ng5_errorMsg" description="" attributeType="POM_string"
         maxStringLength="128" isArray="false" followOnExport="false" isNullsAllowed="true"
         isUnique="false" isPublicRead="true" isPublicWrite="true" isCandidateKey="false"
         isTransient="false" exportAsString="false" noBackpointer="false" lowerBoundValue=""
         upperBoundValue=""/>
   </TcClass>
   <OperationInputType typeName="Ng5_Fnd0StaticTableCreI" parentTypeName="Fnd0StaticTableCreI"
       typeClassName="Ng5_Fnd0StaticTableCreI" description="CreateInput object for &quot;Ng5_Fnd0StaticTable&quot; business object"
       isAbstract="false" artifactName="Ng5_Fnd0StaticTableCreI">
     <OperationInputProperty propName="ng5_logtableid" compoundObjectConstant="" srcPropName="ng5_logtableid"
         compoundObjectType="" fieldType="SimpleProperty" description=""/>
   </OperationInputType>
   <OperationInputType typeName="Ng5_Fnd0StaticTableSvAI" parentTypeName="Fnd0StaticTableSvAI"
       typeClassName="Ng5_Fnd0StaticTableSvAI" description="SaveAsInput object for &quot;Ng5_Fnd0StaticTable&quot; business object"
       isAbstract="false" artifactName="Ng5_Fnd0StaticTableSvAI"/>
   <OperationInputType typeName="Ng5_TablePropertiesCreI" parentTypeName="TablePropertiesCreI"
       typeClassName="Ng5_TablePropertiesCreI" description="CreateInput object for &quot;Ng5_TableProperties&quot; business object"
       isAbstract="false" artifactName="Ng5_TablePropertiesCreI">
     <OperationInputProperty propName="ng5_trackingid" compoundObjectConstant="" srcPropName="ng5_trackingid"
         compoundObjectType="" fieldType="SimpleProperty" description=""/>
     <OperationInputProperty propName="ng5_itemtype" compoundObjectConstant="" srcPropName="ng5_itemtype"
         compoundObjectType="" fieldType="SimpleProperty" description=""/>
     <OperationInputProperty propName="ng5_itemid" compoundObjectConstant="" srcPropName="ng5_itemid"
         compoundObjectType="" fieldType="SimpleProperty" description=""/>
     <OperationInputProperty propName="ng5_revid" compoundObjectConstant="" srcPropName="ng5_revid"
         compoundObjectType="" fieldType="SimpleProperty" description=""/>
     <OperationInputProperty propName="ng5_timestamp" compoundObjectConstant="" srcPropName="ng5_timestamp"
         compoundObjectType="" fieldType="SimpleProperty" description=""/>
     <OperationInputProperty propName="ng5_operation" compoundObjectConstant="" srcPropName="ng5_operation"
         compoundObjectType="" fieldType="SimpleProperty" description=""/>
     <OperationInputProperty propName="ng5_result" compoundObjectConstant="" srcPropName="ng5_result"
         compoundObjectType="" fieldType="SimpleProperty" description=""/>
     <OperationInputProperty propName="ng5_errorMsg" compoundObjectConstant="" srcPropName="ng5_errorMsg"
         compoundObjectType="" fieldType="SimpleProperty" description=""/>
   </OperationInputType>
   <OperationInputType typeName="Ng5_TablePropertiesSvAI" parentTypeName="TablePropertiesSvAI"
       typeClassName="Ng5_TablePropertiesSvAI" description="SaveAsInput object for &quot;Ng5_TableProperties&quot; business object"
       isAbstract="false" artifactName="Ng5_TablePropertiesSvAI"/>
   <TcStandardType typeName="Ng5_Fnd0StaticTable" parentTypeName="Fnd0StaticTable"
       typeClassName="Ng5_Fnd0StaticTable" description="" isAbstract="false" artifactName="Ng5_Fnd0StaticTable"
       functionality="Ng5newgeneration"/>
   <TcStandardType typeName="Ng5_TableProperties" parentTypeName="TableProperties"
       typeClassName="Ng5_TableProperties" description="" isAbstract="false" artifactName="Ng5_TableProperties"
       functionality="Ng5newgeneration"/>
   <TcTypeConstantAttach constantName="CreateInput" typeName="Ng5_Fnd0StaticTable"
       value="Ng5_Fnd0StaticTableCreI"/>
   <TcTypeConstantAttach constantName="CreateInput" typeName="Ng5_TableProperties"
       value="Ng5_TablePropertiesCreI"/>
   <TcTypeConstantAttach constantName="SaveAsInput" typeName="Ng5_Fnd0StaticTable"
       value="Ng5_Fnd0StaticTableSvAI"/>
   <TcTypeConstantAttach constantName="SaveAsInput" typeName="Ng5_TableProperties"
       value="Ng5_TablePropertiesSvAI"/>
   <TcPropertyConstantAttach constantName="Enabled" typeName="Ng5_Fnd0StaticTable"
       propertyName="ng5_logtableid" value="true"/>
   <TcPropertyConstantAttach constantName="Enabled" typeName="Ng5_TableProperties"
       propertyName="ng5_errorMsg" value="true"/>
   <TcPropertyConstantAttach constantName="Enabled" typeName="Ng5_TableProperties"
       propertyName="ng5_itemid" value="true"/>
   <TcPropertyConstantAttach constantName="Enabled" typeName="Ng5_TableProperties"
       propertyName="ng5_itemtype" value="true"/>
   <TcPropertyConstantAttach constantName="Enabled" typeName="Ng5_TableProperties"
       propertyName="ng5_operation" value="true"/>
   <TcPropertyConstantAttach constantName="Enabled" typeName="Ng5_TableProperties"
       propertyName="ng5_result" value="true"/>
   <TcPropertyConstantAttach constantName="Enabled" typeName="Ng5_TableProperties"
       propertyName="ng5_revid" value="true"/>
   <TcPropertyConstantAttach constantName="Enabled" typeName="Ng5_TableProperties"
       propertyName="ng5_timestamp" value="true"/>
   <TcPropertyConstantAttach constantName="Enabled" typeName="Ng5_TableProperties"
       propertyName="ng5_trackingid" value="true"/>
   <TcPropertyConstantAttach constantName="Modifiable" typeName="Ng5_Fnd0StaticTable"
       propertyName="ng5_logtableid" value="Write"/>
   <TcPropertyConstantAttach constantName="Modifiable" typeName="Ng5_TableProperties"
       propertyName="ng5_errorMsg" value="Write"/>
   <TcPropertyConstantAttach constantName="Modifiable" typeName="Ng5_TableProperties"
       propertyName="ng5_itemid" value="Write"/>
   <TcPropertyConstantAttach constantName="Modifiable" typeName="Ng5_TableProperties"
       propertyName="ng5_itemtype" value="Write"/>
   <TcPropertyConstantAttach constantName="Modifiable" typeName="Ng5_TableProperties"
       propertyName="ng5_operation" value="Write"/>
   <TcPropertyConstantAttach constantName="Modifiable" typeName="Ng5_TableProperties"
       propertyName="ng5_result" value="Write"/>
   <TcPropertyConstantAttach constantName="Modifiable" typeName="Ng5_TableProperties"
       propertyName="ng5_revid" value="Write"/>
   <TcPropertyConstantAttach constantName="Modifiable" typeName="Ng5_TableProperties"
       propertyName="ng5_timestamp" value="Write"/>
   <TcPropertyConstantAttach constantName="Modifiable" typeName="Ng5_TableProperties"
       propertyName="ng5_trackingid" value="Write"/>
   <TcExtension name="Ng5_TriggereQubeMIProcess" internal="false" cannedExtension="true"
       languageType="CPlusPlus" libraryName="libNg5SoaEQubeServices" description="trigger eQube MI process">
     <TcExtensionValidity parameter="TYPE:Ng5_EngPart:IMAN_save:3"/>
     <TcExtensionValidity parameter="TYPE:Ng5_ICEPartForm:IMAN_save:3"/>
     <TcExtensionValidity parameter="TYPE:Ng5_PlantForm:IMAN_save:3"/>
     <TcExtensionValidity parameter="TYPE:Ng5_MatlMaster:IMAN_save:3"/>
   </TcExtension>
   <TcExtensionAttach extensionName="Ng5_TriggereQubeMIProcess" operationName="IMAN_save"
       isActive="true" extendableElementName="Ng5_EngPart" extendableElementType="Type"
       extensionPointType="PostAction" conditionName="isTrue" description=""/>
   <TcExtensionAttach extensionName="Ng5_TriggereQubeMIProcess" operationName="IMAN_save"
       isActive="true" extendableElementName="Ng5_ICEPartForm" extendableElementType="Type"
       extensionPointType="PostAction" conditionName="isTrue" description=""/>
   <TcExtensionAttach extensionName="Ng5_TriggereQubeMIProcess" operationName="IMAN_save"
       isActive="true" extendableElementName="Ng5_MatlMaster" extendableElementType="Type"
       extensionPointType="PostAction" conditionName="isTrue" description=""/>
   <TcExtensionAttach extensionName="Ng5_TriggereQubeMIProcess" operationName="IMAN_save"
       isActive="true" extendableElementName="Ng5_PlantForm" extendableElementType="Type"
       extensionPointType="PostAction" conditionName="isTrue" description=""/>
</Add>
</TcBusinessData>
