<?xml version="1.0" encoding="UTF-8"?>
<TcBusinessData xmlns="http://teamcenter.com/BusinessModel/TcBusinessData" Date="">
<Add>
   <TcClass className="Ng5_AbsVendor" parentClassName="Vendor" isExportable="true"
       isUninstantiable="false" isUninheritable="false" description=""/>
   <TcClass className="Ng5_AbsVendorMasterS" parentClassName="VendorMaster" isExportable="true"
       isUninstantiable="false" isUninheritable="false" description=""/>
   <TcClass className="Ng5_AbsVendorRevMasterS" parentClassName="VendorVerMaster"
       isExportable="true" isUninstantiable="false" isUninheritable="false" description=""/>
   <TcClass className="Ng5_AbsVendorRevision" parentClassName="VendorRevision" isExportable="true"
       isUninstantiable="false" isUninheritable="false" description=""/>
   <TcClass className="Ng5_Customer" parentClassName="Ng5_AbsVendor" isExportable="true"
       isUninstantiable="false" isUninheritable="false" description=""/>
   <TcClass className="Ng5_CustomerMasterS" parentClassName="Ng5_AbsVendorMasterS"
       isExportable="true" isUninstantiable="false" isUninheritable="false" description=""/>
   <TcClass className="Ng5_CustomerRevMasterS" parentClassName="Ng5_AbsVendorRevMasterS"
       isExportable="true" isUninstantiable="false" isUninheritable="false" description=""/>
   <TcClass className="Ng5_CustomerRevision" parentClassName="Ng5_AbsVendorRevision"
       isExportable="true" isUninstantiable="false" isUninheritable="false" description="">
     <TcAttribute attributeName="ng5_isactive" description="" attributeType="POM_string"
         maxStringLength="32" isArray="false" followOnExport="false" isNullsAllowed="true"
         isUnique="false" isPublicRead="true" isPublicWrite="true" isCandidateKey="false"
         isTransient="false" exportAsString="false" noBackpointer="false" lowerBoundValue=""
         upperBoundValue=""/>
     <TcAttribute attributeName="ng5_complexobjstring" description="Complex property to hold name(As per ASP)"
         attributeType="POM_string" maxStringLength="300" isArray="false" followOnExport="false"
         isNullsAllowed="true" isUnique="false" isPublicRead="true" isPublicWrite="true"
         isCandidateKey="false" isTransient="false" exportAsString="false" noBackpointer="false"
         lowerBoundValue="" upperBoundValue=""/>
   </TcClass>
   <TcClass className="Ng5_Vendor" parentClassName="Ng5_AbsVendor" isExportable="true"
       isUninstantiable="false" isUninheritable="false" description=""/>
   <TcClass className="Ng5_VendorMasterS" parentClassName="Ng5_AbsVendorMasterS" isExportable="true"
       isUninstantiable="false" isUninheritable="false" description=""/>
   <TcClass className="Ng5_VendorRevMasterS" parentClassName="Ng5_AbsVendorRevMasterS"
       isExportable="true" isUninstantiable="false" isUninheritable="false" description=""/>
   <TcClass className="Ng5_VendorRevision" parentClassName="Ng5_AbsVendorRevision"
       isExportable="true" isUninstantiable="false" isUninheritable="false" description=""/>
   <OperationInputType typeName="Ng5_AbsVendorCreI" parentTypeName="VendorCreI" typeClassName="Ng5_AbsVendorCreI"
       description="CreateInput object for &quot;Ng5_AbsVendor&quot; business object"
       isAbstract="true" artifactName="Ng5_AbsVendorCreI"/>
   <OperationInputType typeName="Ng5_AbsVendorMasterCreI" parentTypeName="Vendor MasterCreI"
       typeClassName="Ng5_AbsVendorMasterCreI" description="CreateInput object for &quot;Ng5_AbsVendorMaster&quot; business object"
       isAbstract="false" artifactName="Ng5_AbsVendorMasterCreI"/>
   <OperationInputType typeName="Ng5_AbsVendorMasterSCreI" parentTypeName="VendorMasterCreI"
       typeClassName="Ng5_AbsVendorMasterSCreI" description="CreateInput object for &quot;Ng5_AbsVendorMasterS&quot; business object"
       isAbstract="false" artifactName="Ng5_AbsVendorMasterSCreI"/>
   <OperationInputType typeName="Ng5_AbsVendorMasterSSvAI" parentTypeName="VendorMasterSvAI"
       typeClassName="Ng5_AbsVendorMasterSSvAI" description="SaveAsInput object for &quot;Ng5_AbsVendorMasterS&quot; business object"
       isAbstract="false" artifactName="Ng5_AbsVendorMasterSSvAI"/>
   <OperationInputType typeName="Ng5_AbsVendorMasterSvAI" parentTypeName="Vendor MasterSvAI"
       typeClassName="Ng5_AbsVendorMasterSvAI" description="SaveAsInput object for &quot;Ng5_AbsVendorMaster&quot; business object"
       isAbstract="false" artifactName="Ng5_AbsVendorMasterSvAI"/>
   <OperationInputType typeName="Ng5_AbsVendorRevMasterSCreI" parentTypeName="VendorVerMasterCreI"
       typeClassName="Ng5_AbsVendorRevMasterSCreI" description="CreateInput object for &quot;Ng5_AbsVendorRevMasterS&quot; business object"
       isAbstract="false" artifactName="Ng5_AbsVendorRevMasterSCreI"/>
   <OperationInputType typeName="Ng5_AbsVendorRevMasterSSvAI" parentTypeName="VendorVerMasterSvAI"
       typeClassName="Ng5_AbsVendorRevMasterSSvAI" description="SaveAsInput object for &quot;Ng5_AbsVendorRevMasterS&quot; business object"
       isAbstract="false" artifactName="Ng5_AbsVendorRevMasterSSvAI"/>
   <OperationInputType typeName="Ng5_AbsVendorRevisionCreI" parentTypeName="VendorRevisionCreI"
       typeClassName="Ng5_AbsVendorRevisionCreI" description="CreateInput object for &quot;Ng5_AbsVendorRevision&quot; business object"
       isAbstract="true" artifactName="Ng5_AbsVendorRevisionCreI"/>
   <OperationInputType typeName="Ng5_AbsVendorRevisionM_alt0CreI" parentTypeName="VendorRevision MasterCreI"
       typeClassName="Ng5_AbsVendorRevisionM_alt0CreI" description="CreateInput object for &quot;Ng5_AbsVendorRevisionMaster&quot; business object"
       isAbstract="false" artifactName="Ng5_AbsVendorRevisionM_alt0CreI"/>
   <OperationInputType typeName="Ng5_AbsVendorRevisionM_alt0SvAI" parentTypeName="VendorRevision MasterSvAI"
       typeClassName="Ng5_AbsVendorRevisionM_alt0SvAI" description="SaveAsInput object for &quot;Ng5_AbsVendorRevisionMaster&quot; business object"
       isAbstract="false" artifactName="Ng5_AbsVendorRevisionM_alt0SvAI"/>
   <OperationInputType typeName="Ng5_AbsVendorRevisionRevI" parentTypeName="VendorRevisionRevI"
       typeClassName="Ng5_AbsVendorRevisionRevI" description="ReviseInput object for &quot;Ng5_AbsVendorRevision&quot; business object"
       isAbstract="true" artifactName="Ng5_AbsVendorRevisionRevI"/>
   <OperationInputType typeName="Ng5_AbsVendorRevisionSvAI" parentTypeName="VendorRevisionSvAI"
       typeClassName="Ng5_AbsVendorRevisionSvAI" description="SaveAsInput object for &quot;Ng5_AbsVendorRevision&quot; business object"
       isAbstract="true" artifactName="Ng5_AbsVendorRevisionSvAI"/>
   <OperationInputType typeName="Ng5_AbsVendorSvAI" parentTypeName="VendorSvAI" typeClassName="Ng5_AbsVendorSvAI"
       description="SaveAsInput object for &quot;Ng5_AbsVendor&quot; business object"
       isAbstract="true" artifactName="Ng5_AbsVendorSvAI"/>
   <OperationInputType typeName="Ng5_CustomerCreI" parentTypeName="Ng5_AbsVendorCreI"
       typeClassName="Ng5_CustomerCreI" description="CreateInput object for &quot;Ng5_Customer&quot; business object"
       isAbstract="false" artifactName="Ng5_CustomerCreI"/>
   <OperationInputType typeName="Ng5_CustomerMasterCreI" parentTypeName="Ng5_AbsVendorMasterCreI"
       typeClassName="Ng5_CustomerMasterCreI" description="CreateInput object for &quot;Ng5_CustomerMaster&quot; business object"
       isAbstract="false" artifactName="Ng5_CustomerMasterCreI"/>
   <OperationInputType typeName="Ng5_CustomerMasterSCreI" parentTypeName="Ng5_AbsVendorMasterSCreI"
       typeClassName="Ng5_CustomerMasterSCreI" description="CreateInput object for &quot;Ng5_CustomerMasterS&quot; business object"
       isAbstract="false" artifactName="Ng5_CustomerMasterSCreI"/>
   <OperationInputType typeName="Ng5_CustomerMasterSSvAI" parentTypeName="Ng5_AbsVendorMasterSSvAI"
       typeClassName="Ng5_CustomerMasterSSvAI" description="SaveAsInput object for &quot;Ng5_CustomerMasterS&quot; business object"
       isAbstract="false" artifactName="Ng5_CustomerMasterSSvAI"/>
   <OperationInputType typeName="Ng5_CustomerMasterSvAI" parentTypeName="Ng5_AbsVendorMasterSvAI"
       typeClassName="Ng5_CustomerMasterSvAI" description="SaveAsInput object for &quot;Ng5_CustomerMaster&quot; business object"
       isAbstract="false" artifactName="Ng5_CustomerMasterSvAI"/>
   <OperationInputType typeName="Ng5_CustomerRevMasterSCreI" parentTypeName="Ng5_AbsVendorRevMasterSCreI"
       typeClassName="Ng5_CustomerRevMasterSCreI" description="CreateInput object for &quot;Ng5_CustomerRevMasterS&quot; business object"
       isAbstract="false" artifactName="Ng5_CustomerRevMasterSCreI"/>
   <OperationInputType typeName="Ng5_CustomerRevMasterSSvAI" parentTypeName="Ng5_AbsVendorRevMasterSSvAI"
       typeClassName="Ng5_CustomerRevMasterSSvAI" description="SaveAsInput object for &quot;Ng5_CustomerRevMasterS&quot; business object"
       isAbstract="false" artifactName="Ng5_CustomerRevMasterSSvAI"/>
   <OperationInputType typeName="Ng5_CustomerRevisionCreI" parentTypeName="Ng5_AbsVendorRevisionCreI"
       typeClassName="Ng5_CustomerRevisionCreI" description="CreateInput object for &quot;Ng5_CustomerRevision&quot; business object"
       isAbstract="false" artifactName="Ng5_CustomerRevisionCreI">
     <OperationInputProperty propName="ng5_isactive" compoundObjectConstant="" srcPropName="ng5_isactive"
         compoundObjectType="" fieldType="SimpleProperty" description=""/>
   </OperationInputType>
   <OperationInputType typeName="Ng5_CustomerRevisionMasterCreI" parentTypeName="Ng5_AbsVendorRevisionM_alt0CreI"
       typeClassName="Ng5_CustomerRevisionMasterCreI" description="CreateInput object for &quot;Ng5_CustomerRevisionMaster&quot; business object"
       isAbstract="false" artifactName="Ng5_CustomerRevisionMasterCreI"/>
   <OperationInputType typeName="Ng5_CustomerRevisionMasterSvAI" parentTypeName="Ng5_AbsVendorRevisionM_alt0SvAI"
       typeClassName="Ng5_CustomerRevisionMasterSvAI" description="SaveAsInput object for &quot;Ng5_CustomerRevisionMaster&quot; business object"
       isAbstract="false" artifactName="Ng5_CustomerRevisionMasterSvAI"/>
   <OperationInputType typeName="Ng5_CustomerRevisionRevI" parentTypeName="Ng5_AbsVendorRevisionRevI"
       typeClassName="Ng5_CustomerRevisionRevI" description="ReviseInput object for &quot;Ng5_CustomerRevision&quot; business object"
       isAbstract="false" artifactName="Ng5_CustomerRevisionRevI"/>
   <OperationInputType typeName="Ng5_CustomerRevisionSvAI" parentTypeName="Ng5_AbsVendorRevisionSvAI"
       typeClassName="Ng5_CustomerRevisionSvAI" description="SaveAsInput object for &quot;Ng5_CustomerRevision&quot; business object"
       isAbstract="false" artifactName="Ng5_CustomerRevisionSvAI"/>
   <OperationInputType typeName="Ng5_CustomerSvAI" parentTypeName="Ng5_AbsVendorSvAI"
       typeClassName="Ng5_CustomerSvAI" description="SaveAsInput object for &quot;Ng5_Customer&quot; business object"
       isAbstract="false" artifactName="Ng5_CustomerSvAI"/>
   <OperationInputType typeName="Ng5_VendorCreI" parentTypeName="Ng5_AbsVendorCreI"
       typeClassName="Ng5_VendorCreI" description="CreateInput object for &quot;Ng5_Vendor&quot; business object"
       isAbstract="false" artifactName="Ng5_VendorCreI"/>
   <OperationInputType typeName="Ng5_VendorMasterCreI" parentTypeName="Ng5_AbsVendorMasterCreI"
       typeClassName="Ng5_VendorMasterCreI" description="CreateInput object for &quot;Ng5_VendorMaster&quot; business object"
       isAbstract="false" artifactName="Ng5_VendorMasterCreI"/>
   <OperationInputType typeName="Ng5_VendorMasterSCreI" parentTypeName="Ng5_AbsVendorMasterSCreI"
       typeClassName="Ng5_VendorMasterSCreI" description="CreateInput object for &quot;Ng5_VendorMasterS&quot; business object"
       isAbstract="false" artifactName="Ng5_VendorMasterSCreI"/>
   <OperationInputType typeName="Ng5_VendorMasterSSvAI" parentTypeName="Ng5_AbsVendorMasterSSvAI"
       typeClassName="Ng5_VendorMasterSSvAI" description="SaveAsInput object for &quot;Ng5_VendorMasterS&quot; business object"
       isAbstract="false" artifactName="Ng5_VendorMasterSSvAI"/>
   <OperationInputType typeName="Ng5_VendorMasterSvAI" parentTypeName="Ng5_AbsVendorMasterSvAI"
       typeClassName="Ng5_VendorMasterSvAI" description="SaveAsInput object for &quot;Ng5_VendorMaster&quot; business object"
       isAbstract="false" artifactName="Ng5_VendorMasterSvAI"/>
   <OperationInputType typeName="Ng5_VendorRevMasterSCreI" parentTypeName="Ng5_AbsVendorRevMasterSCreI"
       typeClassName="Ng5_VendorRevMasterSCreI" description="CreateInput object for &quot;Ng5_VendorRevMasterS&quot; business object"
       isAbstract="false" artifactName="Ng5_VendorRevMasterSCreI"/>
   <OperationInputType typeName="Ng5_VendorRevMasterSSvAI" parentTypeName="Ng5_AbsVendorRevMasterSSvAI"
       typeClassName="Ng5_VendorRevMasterSSvAI" description="SaveAsInput object for &quot;Ng5_VendorRevMasterS&quot; business object"
       isAbstract="false" artifactName="Ng5_VendorRevMasterSSvAI"/>
   <OperationInputType typeName="Ng5_VendorRevisionCreI" parentTypeName="Ng5_AbsVendorRevisionCreI"
       typeClassName="Ng5_VendorRevisionCreI" description="CreateInput object for &quot;Ng5_VendorRevision&quot; business object"
       isAbstract="false" artifactName="Ng5_VendorRevisionCreI"/>
   <OperationInputType typeName="Ng5_VendorRevisionMasterCreI" parentTypeName="Ng5_AbsVendorRevisionM_alt0CreI"
       typeClassName="Ng5_VendorRevisionMasterCreI" description="CreateInput object for &quot;Ng5_VendorRevisionMaster&quot; business object"
       isAbstract="false" artifactName="Ng5_VendorRevisionMasterCreI"/>
   <OperationInputType typeName="Ng5_VendorRevisionMasterSvAI" parentTypeName="Ng5_AbsVendorRevisionM_alt0SvAI"
       typeClassName="Ng5_VendorRevisionMasterSvAI" description="SaveAsInput object for &quot;Ng5_VendorRevisionMaster&quot; business object"
       isAbstract="false" artifactName="Ng5_VendorRevisionMasterSvAI"/>
   <OperationInputType typeName="Ng5_VendorRevisionRevI" parentTypeName="Ng5_AbsVendorRevisionRevI"
       typeClassName="Ng5_VendorRevisionRevI" description="ReviseInput object for &quot;Ng5_VendorRevision&quot; business object"
       isAbstract="false" artifactName="Ng5_VendorRevisionRevI"/>
   <OperationInputType typeName="Ng5_VendorRevisionSvAI" parentTypeName="Ng5_AbsVendorRevisionSvAI"
       typeClassName="Ng5_VendorRevisionSvAI" description="SaveAsInput object for &quot;Ng5_VendorRevision&quot; business object"
       isAbstract="false" artifactName="Ng5_VendorRevisionSvAI"/>
   <OperationInputType typeName="Ng5_VendorSvAI" parentTypeName="Ng5_AbsVendorSvAI"
       typeClassName="Ng5_VendorSvAI" description="SaveAsInput object for &quot;Ng5_Vendor&quot; business object"
       isAbstract="false" artifactName="Ng5_VendorSvAI"/>
   <TcForm typeName="Ng5_AbsVendorMaster" parentTypeName="Vendor Master" typeClassName="Form"
       description="MasterForm object for &quot;Ng5_AbsVendor&quot; business object"
       isAbstract="false" artifactName="Ng5_AbsVendorMaster" functionality="Ng5newgeneration"
       formStorageClassName="Ng5_AbsVendorMasterS"/>
   <TcForm typeName="Ng5_AbsVendorRevisionMaster" parentTypeName="VendorRevision Master"
       typeClassName="Form" description="MasterForm object for &quot;Ng5_AbsVendorRevision&quot; business object"
       isAbstract="false" artifactName="Ng5_AbsVendorRevisionMaster" functionality="Ng5newgeneration"
       formStorageClassName="Ng5_AbsVendorRevMasterS"/>
   <TcForm typeName="Ng5_CustomerMaster" parentTypeName="Ng5_AbsVendorMaster" typeClassName="Form"
       description="MasterForm object for &quot;Ng5_Customer&quot; business object"
       isAbstract="false" artifactName="Ng5_CustomerMaster" functionality="Ng5newgeneration"
       formStorageClassName="Ng5_CustomerMasterS"/>
   <TcForm typeName="Ng5_CustomerRevisionMaster" parentTypeName="Ng5_AbsVendorRevisionMaster"
       typeClassName="Form" description="MasterForm object for &quot;Ng5_CustomerRevision&quot; business object"
       isAbstract="false" artifactName="Ng5_CustomerRevisionMaster" functionality="Ng5newgeneration"
       formStorageClassName="Ng5_CustomerRevMasterS"/>
   <TcForm typeName="Ng5_VendorMaster" parentTypeName="Ng5_AbsVendorMaster" typeClassName="Form"
       description="MasterForm object for &quot;Ng5_Vendor&quot; business object"
       isAbstract="false" artifactName="Ng5_VendorMaster" functionality="Ng5newgeneration"
       formStorageClassName="Ng5_VendorMasterS"/>
   <TcForm typeName="Ng5_VendorRevisionMaster" parentTypeName="Ng5_AbsVendorRevisionMaster"
       typeClassName="Form" description="MasterForm object for &quot;Ng5_VendorRevision&quot; business object"
       isAbstract="false" artifactName="Ng5_VendorRevisionMaster" functionality="Ng5newgeneration"
       formStorageClassName="Ng5_VendorRevMasterS"/>
   <TcStandardType typeName="Ng5_AbsVendor" parentTypeName="Vendor" typeClassName="Ng5_AbsVendor"
       description="" isAbstract="true" artifactName="Ng5_AbsVendor" functionality="Ng5newgeneration"/>
   <TcStandardType typeName="Ng5_AbsVendorMasterS" parentTypeName="VendorMaster" typeClassName="Ng5_AbsVendorMasterS"
       description="Form Storage object for &quot;Ng5_AbsVendorMaster&quot; business object"
       isAbstract="false" artifactName="Ng5_AbsVendorMasterS" functionality="Ng5newgeneration"/>
   <TcStandardType typeName="Ng5_AbsVendorRevMasterS" parentTypeName="VendorVerMaster"
       typeClassName="Ng5_AbsVendorRevMasterS" description="Form Storage object for &quot;Ng5_AbsVendorRevMaster&quot; business object"
       isAbstract="false" artifactName="Ng5_AbsVendorRevMasterS" functionality="Ng5newgeneration"/>
   <TcStandardType typeName="Ng5_AbsVendorRevision" parentTypeName="VendorRevision"
       typeClassName="Ng5_AbsVendorRevision" description="ItemRevision object for &quot;Ng5_AbsVendor&quot;  business object"
       isAbstract="true" artifactName="Ng5_AbsVendorRevision" functionality="Ng5newgeneration"/>
   <TcStandardType typeName="Ng5_Customer" parentTypeName="Ng5_AbsVendor" typeClassName="Ng5_Customer"
       description="" isAbstract="false" artifactName="Ng5_Customer" functionality="Ng5newgeneration"/>
   <TcStandardType typeName="Ng5_CustomerMasterS" parentTypeName="Ng5_AbsVendorMasterS"
       typeClassName="Ng5_CustomerMasterS" description="Form Storage object for &quot;Ng5_CustomerMaster&quot; business object"
       isAbstract="false" artifactName="Ng5_CustomerMasterS" functionality="Ng5newgeneration"/>
   <TcStandardType typeName="Ng5_CustomerRevMasterS" parentTypeName="Ng5_AbsVendorRevMasterS"
       typeClassName="Ng5_CustomerRevMasterS" description="Form Storage object for &quot;Ng5_CustomerRevMaster&quot; business object"
       isAbstract="false" artifactName="Ng5_CustomerRevMasterS" functionality="Ng5newgeneration"/>
   <TcStandardType typeName="Ng5_CustomerRevision" parentTypeName="Ng5_AbsVendorRevision"
       typeClassName="Ng5_CustomerRevision" description="ItemRevision object for &quot;Ng5_Customer&quot;  business object"
       isAbstract="false" artifactName="Ng5_CustomerRevision" functionality="Ng5newgeneration"/>
   <TcStandardType typeName="Ng5_Vendor" parentTypeName="Ng5_AbsVendor" typeClassName="Ng5_Vendor"
       description="" isAbstract="false" artifactName="Ng5_Vendor" functionality="Ng5newgeneration"/>
   <TcStandardType typeName="Ng5_VendorMasterS" parentTypeName="Ng5_AbsVendorMasterS"
       typeClassName="Ng5_VendorMasterS" description="Form Storage object for &quot;Ng5_VendorMaster&quot; business object"
       isAbstract="false" artifactName="Ng5_VendorMasterS" functionality="Ng5newgeneration"/>
   <TcStandardType typeName="Ng5_VendorRevMasterS" parentTypeName="Ng5_AbsVendorRevMasterS"
       typeClassName="Ng5_VendorRevMasterS" description="Form Storage object for &quot;Ng5_VendorRevMaster&quot; business object"
       isAbstract="false" artifactName="Ng5_VendorRevMasterS" functionality="Ng5newgeneration"/>
   <TcStandardType typeName="Ng5_VendorRevision" parentTypeName="Ng5_AbsVendorRevision"
       typeClassName="Ng5_VendorRevision" description="ItemRevision object for &quot;Ng5_Vendor&quot;  business object"
       isAbstract="false" artifactName="Ng5_VendorRevision" functionality="Ng5newgeneration"/>
   <TcTypeConstantAttach constantName="CreateInput" typeName="Ng5_AbsVendor" value="Ng5_AbsVendorCreI"/>
   <TcTypeConstantAttach constantName="CreateInput" typeName="Ng5_AbsVendorMaster"
       value="Ng5_AbsVendorMasterCreI"/>
   <TcTypeConstantAttach constantName="CreateInput" typeName="Ng5_AbsVendorMasterS"
       value="Ng5_AbsVendorMasterSCreI"/>
   <TcTypeConstantAttach constantName="CreateInput" typeName="Ng5_AbsVendorRevision"
       value="Ng5_AbsVendorRevisionCreI"/>
   <TcTypeConstantAttach constantName="CreateInput" typeName="Ng5_AbsVendorRevisionMaster"
       value="Ng5_AbsVendorRevisionM_alt0CreI"/>
   <TcTypeConstantAttach constantName="CreateInput" typeName="Ng5_AbsVendorRevMasterS"
       value="Ng5_AbsVendorRevMasterSCreI"/>
   <TcTypeConstantAttach constantName="CreateInput" typeName="Ng5_Customer" value="Ng5_CustomerCreI"/>
   <TcTypeConstantAttach constantName="CreateInput" typeName="Ng5_CustomerMaster"
       value="Ng5_CustomerMasterCreI"/>
   <TcTypeConstantAttach constantName="CreateInput" typeName="Ng5_CustomerMasterS"
       value="Ng5_CustomerMasterSCreI"/>
   <TcTypeConstantAttach constantName="CreateInput" typeName="Ng5_CustomerRevision"
       value="Ng5_CustomerRevisionCreI"/>
   <TcTypeConstantAttach constantName="CreateInput" typeName="Ng5_CustomerRevisionMaster"
       value="Ng5_CustomerRevisionMasterCreI"/>
   <TcTypeConstantAttach constantName="CreateInput" typeName="Ng5_CustomerRevMasterS"
       value="Ng5_CustomerRevMasterSCreI"/>
   <TcTypeConstantAttach constantName="CreateInput" typeName="Ng5_Vendor" value="Ng5_VendorCreI"/>
   <TcTypeConstantAttach constantName="CreateInput" typeName="Ng5_VendorMaster" value="Ng5_VendorMasterCreI"/>
   <TcTypeConstantAttach constantName="CreateInput" typeName="Ng5_VendorMasterS" value="Ng5_VendorMasterSCreI"/>
   <TcTypeConstantAttach constantName="CreateInput" typeName="Ng5_VendorRevision"
       value="Ng5_VendorRevisionCreI"/>
   <TcTypeConstantAttach constantName="CreateInput" typeName="Ng5_VendorRevisionMaster"
       value="Ng5_VendorRevisionMasterCreI"/>
   <TcTypeConstantAttach constantName="CreateInput" typeName="Ng5_VendorRevMasterS"
       value="Ng5_VendorRevMasterSCreI"/>
   <TcTypeConstantAttach constantName="ItemRevision" typeName="Ng5_AbsVendor" value="Ng5_AbsVendorRevision"/>
   <TcTypeConstantAttach constantName="ItemRevision" typeName="Ng5_Customer" value="Ng5_CustomerRevision"/>
   <TcTypeConstantAttach constantName="ItemRevision" typeName="Ng5_Vendor" value="Ng5_VendorRevision"/>
   <TcTypeConstantAttach constantName="MasterForm" typeName="Ng5_AbsVendor" value="Ng5_AbsVendorMaster"/>
   <TcTypeConstantAttach constantName="MasterForm" typeName="Ng5_AbsVendorRevision"
       value="Ng5_AbsVendorRevisionMaster"/>
   <TcTypeConstantAttach constantName="MasterForm" typeName="Ng5_Customer" value="Ng5_CustomerMaster"/>
   <TcTypeConstantAttach constantName="MasterForm" typeName="Ng5_CustomerRevision"
       value="Ng5_CustomerRevisionMaster"/>
   <TcTypeConstantAttach constantName="MasterForm" typeName="Ng5_Vendor" value="Ng5_VendorMaster"/>
   <TcTypeConstantAttach constantName="MasterForm" typeName="Ng5_VendorRevision" value="Ng5_VendorRevisionMaster"/>
   <TcTypeConstantAttach constantName="ReviseInput" typeName="Ng5_AbsVendorRevision"
       value="Ng5_AbsVendorRevisionRevI"/>
   <TcTypeConstantAttach constantName="ReviseInput" typeName="Ng5_CustomerRevision"
       value="Ng5_CustomerRevisionRevI"/>
   <TcTypeConstantAttach constantName="ReviseInput" typeName="Ng5_VendorRevision"
       value="Ng5_VendorRevisionRevI"/>
   <TcTypeConstantAttach constantName="SaveAsInput" typeName="Ng5_AbsVendor" value="Ng5_AbsVendorSvAI"/>
   <TcTypeConstantAttach constantName="SaveAsInput" typeName="Ng5_AbsVendorMaster"
       value="Ng5_AbsVendorMasterSvAI"/>
   <TcTypeConstantAttach constantName="SaveAsInput" typeName="Ng5_AbsVendorMasterS"
       value="Ng5_AbsVendorMasterSSvAI"/>
   <TcTypeConstantAttach constantName="SaveAsInput" typeName="Ng5_AbsVendorRevision"
       value="Ng5_AbsVendorRevisionSvAI"/>
   <TcTypeConstantAttach constantName="SaveAsInput" typeName="Ng5_AbsVendorRevisionMaster"
       value="Ng5_AbsVendorRevisionM_alt0SvAI"/>
   <TcTypeConstantAttach constantName="SaveAsInput" typeName="Ng5_AbsVendorRevMasterS"
       value="Ng5_AbsVendorRevMasterSSvAI"/>
   <TcTypeConstantAttach constantName="SaveAsInput" typeName="Ng5_Customer" value="Ng5_CustomerSvAI"/>
   <TcTypeConstantAttach constantName="SaveAsInput" typeName="Ng5_CustomerMaster"
       value="Ng5_CustomerMasterSvAI"/>
   <TcTypeConstantAttach constantName="SaveAsInput" typeName="Ng5_CustomerMasterS"
       value="Ng5_CustomerMasterSSvAI"/>
   <TcTypeConstantAttach constantName="SaveAsInput" typeName="Ng5_CustomerRevision"
       value="Ng5_CustomerRevisionSvAI"/>
   <TcTypeConstantAttach constantName="SaveAsInput" typeName="Ng5_CustomerRevisionMaster"
       value="Ng5_CustomerRevisionMasterSvAI"/>
   <TcTypeConstantAttach constantName="SaveAsInput" typeName="Ng5_CustomerRevMasterS"
       value="Ng5_CustomerRevMasterSSvAI"/>
   <TcTypeConstantAttach constantName="SaveAsInput" typeName="Ng5_Vendor" value="Ng5_VendorSvAI"/>
   <TcTypeConstantAttach constantName="SaveAsInput" typeName="Ng5_VendorMaster" value="Ng5_VendorMasterSvAI"/>
   <TcTypeConstantAttach constantName="SaveAsInput" typeName="Ng5_VendorMasterS" value="Ng5_VendorMasterSSvAI"/>
   <TcTypeConstantAttach constantName="SaveAsInput" typeName="Ng5_VendorRevision"
       value="Ng5_VendorRevisionSvAI"/>
   <TcTypeConstantAttach constantName="SaveAsInput" typeName="Ng5_VendorRevisionMaster"
       value="Ng5_VendorRevisionMasterSvAI"/>
   <TcTypeConstantAttach constantName="SaveAsInput" typeName="Ng5_VendorRevMasterS"
       value="Ng5_VendorRevMasterSSvAI"/>
   <TcPropertyConstantAttach constantName="ComplexProperty" typeName="Ng5_CustomerRevision"
       propertyName="ng5_complexobjstring" value="$item_id+&quot;/&quot;+$item_revision_id+&quot;;&quot;+$sequence_id+&quot;-&quot;+$object_name"/>
   <TcPropertyConstantAttach constantName="Enabled" typeName="Ng5_CustomerRevision"
       propertyName="ng5_complexobjstring" value="true"/>
   <TcPropertyConstantAttach constantName="Enabled" typeName="Ng5_CustomerRevision"
       propertyName="ng5_isactive" value="true"/>
   <TcPropertyConstantAttach constantName="Modifiable" typeName="Ng5_CustomerRevision"
       propertyName="ng5_complexobjstring" value="Write"/>
   <TcPropertyConstantAttach constantName="Modifiable" typeName="Ng5_CustomerRevision"
       propertyName="ng5_isactive" value="Write"/>
   <TcLOVAttach lovName="Ng5_YesNo_LOV" typeName="Ng5_CustomerRevision">
     <TcLOVAttachPropertyInfo valuePropertyName="ng5_isactive" conditionName="isTrue"
         override="false" level="0"/>
   </TcLOVAttach>
   <TcStatus statusName="Ng5_Frozen" description=""/>
   <TcStatus statusName="Ng5_Imported" description=""/>
   <TcStatus statusName="Ng5_Invalid" description=""/>
   <TcStatus statusName="Ng5_Released" description=""/>
</Add>
<Change>
   <TcLOV name="Fnd0PropertyGroupNames" lovType="ListOfValuesString" usage="Exhaustive"
       description="LOV for Propagation Group">
     <TcLOVValue value="No Group" description="Represents the logical grouping of  properties not assigned to any group. Properties assigned to this group will not be propagated."
         conditionName="isTrue"/>
     <TcLOVValue value="Security Group I" description="Security group defined on project_list and license_list properties."
         conditionName="isTrue"/>
     <TcLOVValue value="Security Group II" description="Security group defined on owning_project property."
         conditionName="isTrue"/>
     <TcLOVValue value="Security Group III" description="Security group defined on gov_classification and ip_classification properties."
         conditionName="isTrue"/>
     <TcLOVValue value="Security Group IV" description="Propagation property group for custom propagation enabled properties."
         conditionName="isTrue"/>
     <TcLOVValue value="Propagation Disabled Group" description="Propagation will be disabled for properties assigned to this group. Do not add any propagation rule for this group."
         conditionName="isTrue"/>
   </TcLOV>
   <TcLOV name="Group Security Values" lovType="ListOfValuesString" usage="Exhaustive"
       description="List of group security values" packageName="com.teamcenter.core.lov.listofvalues">
     <TcLOVValue value="Internal" description="" conditionName="isTrue" packageName="com.teamcenter.core.lov.listofvalues"/>
     <TcLOVValue value="External" description="" conditionName="isTrue" packageName="com.teamcenter.core.lov.listofvalues"/>
     <TcLOVValue value="Customer" description="Security for OEM Groups" conditionName="isTrue"/>
     <TcLOVValue value="External-FJC" description="Security Value for JV1 FJC Group"
         conditionName="isTrue"/>
     <TcLOVValue value="External-YFJC" description="Security Value for JV1 YFJC Group"
         conditionName="isTrue"/>
     <TcLOVValue value="External Confidential-FJC" description="Security Value for the JV1 FJC Confidential Group"
         conditionName="isTrue"/>
     <TcLOVValue value="External Confidential-YFJC" description="Security Value for the JV1 YFJC Confidential Group"
         conditionName="isTrue"/>
     <TcLOVValue value="Confidential" description="Security Value for ADIENT Confidential Group"
         conditionName="isTrue"/>
     <TcLOVValue value="Internal-ADIENT" description="Security Value for Internal ADIENT"
         conditionName="isTrue"/>
     <TcLOVValue value="Standard Parts" description="Security Value for Standard Parts"
         conditionName="isTrue"/>
     <TcLOVValue value="External-CQYFJC" description="Security Value for External-CQYFJC"
         conditionName="isTrue"/>
     <TcLOVValue value="External Confidential-CQYFJC" description="Security Value for External Confidential-CQYFJC"
         conditionName="isTrue"/>
     <TcLOVValue value="Admin" description="Security Value for Admin" conditionName="isTrue"/>
     <TcLOVValue value="External-AYM" description="Security Value for AYM Group" conditionName="isTrue"/>
     <TcLOVValue value="External Confidential-AYM" description="Security Value for the AYM Confidential  Group"
         conditionName="isTrue"/>
     <TcLOVValue value="External-GAAS" description="Group Security Value for GAAS"
         conditionName="isTrue"/>
     <TcLOVValue value="External-BJA" description="Group Security Value for BJA" conditionName="isTrue"/>
     <TcLOVValue value="External-SJA" description="Group Security Value for SJA" conditionName="isTrue"/>
     <TcLOVValue value="External-FFAA" description="Group Security Value for FFAA"
         conditionName="isTrue"/>
     <TcLOVValue value="External-YFAM" description="Security Value for YFAM Group"
         conditionName="isTrue"/>
     <TcLOVValue value="External Confidential-YFAM" description="Security Value for the YFAM Confidential Group"
         conditionName="isTrue"/>
     <TcLOVValue value="External Confidential-GAAS" description="Confidential Security Group Value for GAAS"
         conditionName="isTrue"/>
     <TcLOVValue value="External Confidential-BJA" description="Confidential Security Group Value for BJA"
         conditionName="isTrue"/>
     <TcLOVValue value="External Confidential-SJA" description="Confidential Security Group Value for SJA"
         conditionName="isTrue"/>
     <TcLOVValue value="External Confidential-FFAA" description="Confidential Security Group Value for FFAA"
         conditionName="isTrue"/>
     <TcLOVValue value="External Restricted-CAA" description="Security Value for JV2 CAA Group"
         conditionName="isTrue"/>
     <TcLOVValue value="External Restricted-DFAS" description="Security Value for JV2 DFAS Group"
         conditionName="isTrue"/>
     <TcLOVValue value="External Restricted-JARC" description="Security Value for JV2 JARC Group"
         conditionName="isTrue"/>
     <TcLOVValue value="External Restricted-YFASGE" description="Security Value for JV2 YFASGE Group"
         conditionName="isTrue"/>
     <TcLOVValue value="External Restricted-YHAS" description="Security Value for JV2 YHAS Group"
         conditionName="isTrue"/>
     <TcLOVValue value="External Restricted Cfd-CAA" description="Security Value for JV2 CAA Confidential Group"
         conditionName="isTrue"/>
     <TcLOVValue value="External Restricted Cfd-DFAS" description="Security Value for JV2 DFAS Confidential Group"
         conditionName="isTrue"/>
     <TcLOVValue value="External Restricted Cfd-JARC" description="Security Value for JV2 JARC Confidential Group"
         conditionName="isTrue"/>
     <TcLOVValue value="External Restricted Cfd-YFASGE" description="Security Value for JV2 YFASGE Confidential Group"
         conditionName="isTrue"/>
     <TcLOVValue value="External Restricted Cfd-YHAS" description="Security Value for JV2 YHAS Confidential Group"
         conditionName="isTrue"/>
     <TcLOVValue value="External-YFASGroup" description="Security value for JV3 YFASGroup"
         conditionName="isTrue"/>
   </TcLOV>
</Change>
<Delete/>
</TcBusinessData>
