<?xml version="1.0" encoding="UTF-8"?>
<TcBusinessData xmlns="http://teamcenter.com/BusinessModel/TcBusinessData" Date="">
<Add>
   <Library name="Ng5SoaMBOMManagement" createRelease="Awp05.1.0" serviceLibrary="true"
       namespace="Ng5::Soa::MBOMManagement" isThirdParty="false"/>
   <ServiceInterface name="MBOMDataService" namespace="Ng5::Soa::MBOMManagement" libraryName="Ng5SoaMBOMManagement"
       serviceLibraryRef="" dependencies="" createRelease="Awp05.1.0" description="Service used to Manage MBOM related calls"/>
   <Struct name="GetCustomerNames" createRelease="Awp05.1.0" scope="Ng5::Soa::MBOMManagement::MBOMDataService"
       namespace="Ng5::Soa::MBOMManagement::_2020_12::MBOMDataService" isPublished="true">
     <StructElement name="oemnames" description="Vector of string Customer Names">
       <DataTypeRefParam dataType="std::vector">
          <DataTypeRefParam dataType="std::string"/>
       </DataTypeRefParam>
     </StructElement>
   </Struct>
   <Struct name="GetMBOMLines" createRelease="Awp05.1.0" scope="Ng5::Soa::MBOMManagement::MBOMDataService"
       namespace="Ng5::Soa::MBOMManagement::_2020_12::MBOMDataService" isPublished="true">
     <StructElement name="bomLineDetails" description="Contains Color Suffixes">
       <DataTypeRefParam dataType="std::vector">
          <DataTypeRefParam dataType="std::string"/>
       </DataTypeRefParam>
     </StructElement>
   </Struct>
   <TcClass className="Ng5_ColorMapping_Row" parentClassName="Fnd0TableRow" isExportable="false"
       isUninstantiable="false" isUninheritable="false" revisabilityOption="Revisable"
       description="">
     <TcAttribute attributeName="ng5_newSuffix" description="" attributeType="POM_string"
          maxStringLength="128" isArray="false" followOnExport="false" isNullsAllowed="true"
          isUnique="false" isPublicRead="true" isPublicWrite="true" isCandidateKey="false"
          isTransient="false" exportAsString="false" noBackpointer="false" lowerBoundValue=""
          upperBoundValue=""/>
     <TcAttribute attributeName="ng5_oldSuffix" description="" attributeType="POM_string"
          maxStringLength="128" isArray="false" followOnExport="false" isNullsAllowed="true"
          isUnique="false" isPublicRead="true" isPublicWrite="true" isCandidateKey="false"
          isTransient="false" exportAsString="false" noBackpointer="false" lowerBoundValue=""
          upperBoundValue=""/>
   </TcClass>
   <TcClass className="Ng5_MfgPart" parentClassName="Ng5_AbsItem" isExportable="true"
       isUninstantiable="false" isUninheritable="false" description="">
     <TcAttribute attributeName="ng5_mfg_desc" description="Property added to propagate the value to ng5_mfg_desc on ICE Part Form"
          attributeType="POM_string" maxStringLength="128" isArray="false" followOnExport="false"
          isNullsAllowed="true" isUnique="false" isPublicRead="true" isPublicWrite="true"
          isCandidateKey="false" isTransient="false" exportAsString="false" noBackpointer="false"
          initialValue="" lowerBoundValue="" upperBoundValue=""/>
     <TcAttribute attributeName="ng5_create_ipf" description="Attribute added to determine if ICE Part Form is to be created"
          attributeType="POM_string" maxStringLength="128" isArray="false" followOnExport="false"
          isNullsAllowed="true" isUnique="false" isPublicRead="true" isPublicWrite="true"
          isCandidateKey="false" isTransient="false" exportAsString="false" noBackpointer="false"
          lowerBoundValue="" upperBoundValue=""/>
     <TcAttribute attributeName="ng5_original_id" description="" attributeType="POM_string"
          maxStringLength="128" isArray="false" followOnExport="false" isNullsAllowed="true"
          isUnique="false" isPublicRead="true" isPublicWrite="true" isCandidateKey="false"
          isTransient="false" exportAsString="false" noBackpointer="false" lowerBoundValue=""
          upperBoundValue=""/>
     <TcAttribute attributeName="ng5_qad_flag" description="Attribute indicating QAD Transfer"
          attributeType="POM_logical" maxStringLength="0" isArray="false" followOnExport="false"
          isNullsAllowed="true" isUnique="false" isPublicRead="true" isPublicWrite="true"
          isCandidateKey="false" isTransient="false" exportAsString="false" noBackpointer="false"/>
   </TcClass>
   <TcClass className="Ng5_MfgPartMasterS" parentClassName="Ng5_AbsItemMasterS" isExportable="true"
       isUninstantiable="false" isUninheritable="false" description=""/>
   <TcClass className="Ng5_MfgPartRevMasterS" parentClassName="Ng5_AbsItemRevMasterS"
       isExportable="true" isUninstantiable="false" isUninheritable="false" description=""/>
   <TcClass className="Ng5_MfgPartRevision" parentClassName="Ng5_AbsItemRevision"
       isExportable="true" isUninstantiable="false" isUninheritable="false" description="">
     <TcAttribute attributeName="ng5_plants" description="" attributeType="POM_string"
          maxStringLength="128" isArray="false" followOnExport="false" isNullsAllowed="true"
          isUnique="false" isPublicRead="true" isPublicWrite="true" isCandidateKey="false"
          isTransient="false" exportAsString="false" noBackpointer="false" lowerBoundValue=""
          upperBoundValue=""/>
     <TcAttribute attributeName="ng5_mfgpart_type" description="" attributeType="POM_string"
          maxStringLength="128" isArray="false" followOnExport="false" isNullsAllowed="true"
          isUnique="false" isPublicRead="true" isPublicWrite="true" isCandidateKey="false"
          isTransient="false" exportAsString="false" noBackpointer="false" lowerBoundValue=""
          upperBoundValue=""/>
     <TcAttribute attributeName="ng5_suffix" description="" attributeType="POM_string"
          maxStringLength="128" isArray="false" followOnExport="false" isNullsAllowed="true"
          isUnique="false" isPublicRead="true" isPublicWrite="true" isCandidateKey="false"
          isTransient="false" exportAsString="false" noBackpointer="false" lowerBoundValue=""
          upperBoundValue=""/>
     <TcAttribute attributeName="ng5_reqcustpartno" description="" attributeType="POM_string"
          maxStringLength="128" isArray="false" followOnExport="false" isNullsAllowed="true"
          isUnique="false" isPublicRead="true" isPublicWrite="true" isCandidateKey="false"
          isTransient="false" exportAsString="false" noBackpointer="false" initialValue=""
          lowerBoundValue="" upperBoundValue=""/>
     <TcAttribute attributeName="ng5_customer" description="" attributeType="POM_string"
          maxStringLength="128" isArray="false" followOnExport="false" isNullsAllowed="true"
          isUnique="false" isPublicRead="true" isPublicWrite="true" isCandidateKey="false"
          isTransient="false" exportAsString="false" noBackpointer="false" initialValue=""
          lowerBoundValue="" upperBoundValue=""/>
     <TcAttribute attributeName="ng5_sourceType" description="" attributeType="POM_string"
          maxStringLength="128" isArray="false" followOnExport="false" isNullsAllowed="true"
          isUnique="false" isPublicRead="true" isPublicWrite="true" isCandidateKey="false"
          isTransient="false" exportAsString="false" noBackpointer="false" initialValue="MFG Part"
          lowerBoundValue="" upperBoundValue=""/>
     <TcAttribute attributeName="ng5_make_buy" description="Make / Buy option for a part at company lever"
          attributeType="POM_string" maxStringLength="32" isArray="false" followOnExport="false"
          isNullsAllowed="true" isUnique="false" isPublicRead="true" isPublicWrite="true"
          isCandidateKey="false" isTransient="false" exportAsString="false" noBackpointer="false"
          lowerBoundValue="" upperBoundValue=""/>
     <TcAttribute attributeName="ng5_structure_type" description="" attributeType="POM_string"
          maxStringLength="32" isArray="false" followOnExport="false" isNullsAllowed="true"
          isUnique="false" isPublicRead="true" isPublicWrite="true" isCandidateKey="false"
          isTransient="false" exportAsString="false" noBackpointer="false" lowerBoundValue=""
          upperBoundValue=""/>
     <TcAttribute attributeName="ng5_qad_flag" description="Attribute indicating QAD Transfer"
          attributeType="POM_logical" maxStringLength="0" isArray="false" followOnExport="false"
          isNullsAllowed="true" isUnique="false" isPublicRead="true" isPublicWrite="true"
          isCandidateKey="false" isTransient="false" exportAsString="false" noBackpointer="false"/>
     <TcAttribute attributeName="ng5_Source_MBOM" description="" attributeType="POM_typed_reference"
          maxStringLength="0" isArray="false" followOnExport="false" isNullsAllowed="true"
          isUnique="false" isPublicRead="true" isPublicWrite="true" isCandidateKey="false"
          isTransient="false" exportAsString="false" noBackpointer="false" typedRefClassName="Ng5_MfgPartRevision"/>
     <TcAttribute attributeName="ng5_cloning_bgrd" description="" attributeType="POM_string"
          maxStringLength="128" isArray="false" followOnExport="false" isNullsAllowed="true"
          isUnique="false" isPublicRead="true" isPublicWrite="true" isCandidateKey="false"
          isTransient="false" exportAsString="false" noBackpointer="false" lowerBoundValue=""
          upperBoundValue=""/>
     <TcAttribute attributeName="ng5_is_topline" description="" attributeType="POM_string"
          maxStringLength="128" isArray="false" followOnExport="false" isNullsAllowed="true"
          isUnique="false" isPublicRead="true" isPublicWrite="true" isCandidateKey="false"
          isTransient="false" exportAsString="false" noBackpointer="false" lowerBoundValue=""
          upperBoundValue=""/>
   </TcClass>
   <TcClass className="Ng5_rHasEngPartToMfgPartRev" parentClassName="Ng5_rAbsRelation"
       isExportable="true" isUninstantiable="false" isUninheritable="false" description=""/>
   <TcClass className="Ng5_rHasMBOMItem" parentClassName="CMRelation" isExportable="false"
       isUninstantiable="false" isUninheritable="false" description=""/>
   <TcClass className="Ng5_rHasMBOMItems" parentClassName="Ng5_rAbsRelation" isExportable="false"
       isUninstantiable="false" isUninheritable="false" description=""/>
   <TcClass className="Ng5_rHasPlantMBOM" parentClassName="Ng5_rAbsRelation" isExportable="true"
       isUninstantiable="false" isUninheritable="false" description=""/>
   <TcAttributeAttach className="ProjectObjectRelation">
     <TcAttribute attributeName="ng5_qad_flag" description="Attribute indicating QAD Transfer"
          attributeType="POM_logical" maxStringLength="0" isArray="false" followOnExport="false"
          isNullsAllowed="true" isUnique="false" isPublicRead="true" isPublicWrite="true"
          isCandidateKey="false" isTransient="false" exportAsString="false" noBackpointer="false"
          initialValue=""/>
   </TcAttributeAttach>
   <OperationTemplate id="int#ng5newgeneration::Ng5_MfgPart::ng5_MfgPart" name="ng5newgeneration::Ng5_MfgPart::ng5_MfgPart"
       returnConst="false" createRelease="Awp05.1.0" description="" const="false"
       static="false" accessControl="false" returnFreeMemory="false" returnDescription="">
     <OperationReturnDataTypeRef dataType="int" qualifier=""/>
   </OperationTemplate>
   <OperationTemplate id="Ng5::Soa::MBOMManagement::_2020_12::MBOMDataService::GetCustomerNames#Ng5::Soa::MBOMManagement::MBOMDataService::getAssociatedOEMNames#const,std::string"
       name="Ng5::Soa::MBOMManagement::MBOMDataService::getAssociatedOEMNames" returnConst="false"
       createRelease="Awp05.1.0" description="" const="false" static="false" accessControl="false"
       returnFreeMemory="false" returnDescription="">
     <OperationReturnDataTypeRef dataType="Ng5::Soa::MBOMManagement::_2020_12::MBOMDataService::GetCustomerNames"
          qualifier=""/>
     <OperationParameter name="revUid" description="Eng Revision for getting Customer Names"
          const="true" inputOutput="Input" freeOutputMemory="false" defaultValue="">
       <OperationParameterDataTypeRef dataType="std::string" qualifier=""/>
     </OperationParameter>
   </OperationTemplate>
   <OperationTemplate id="std::string#Ng5::Soa::MBOMManagement::MBOMDataService::getEBOMSizeForCloningType#const,Teamcenter::ItemRevision,&amp;"
       name="Ng5::Soa::MBOMManagement::MBOMDataService::getEBOMSizeForCloningType"
       returnConst="false" createRelease="Awp05.1.0" description="" const="false"
       static="false" accessControl="false" returnFreeMemory="false" returnDescription="">
     <OperationReturnDataTypeRef dataType="std::string" qualifier=""/>
     <OperationParameter name="ebomTopline" description="EBom Topline as input" const="true"
          inputOutput="Input" freeOutputMemory="false" defaultValue="">
       <OperationParameterDataTypeRef dataType="Teamcenter::ItemRevision" qualifier="&amp;"/>
     </OperationParameter>
   </OperationTemplate>
   <OperationInputType typeName="Ng5_ColorMapping_RowCreI" parentTypeName="Fnd0TableRowCreI"
       typeClassName="Ng5_ColorMapping_RowCreI" description="CreateInput object for &quot;Ng5_ColorMapping_Row&quot; business object"
       isAbstract="false" artifactName="Ng5_ColorMapping_RowCreI">
     <OperationInputProperty propName="ng5_oldSuffix" compoundObjectConstant="" srcPropName="ng5_oldSuffix"
          compoundObjectType="" fieldType="SimpleProperty" description=""/>
     <OperationInputProperty propName="ng5_newSuffix" compoundObjectConstant="" srcPropName="ng5_newSuffix"
          compoundObjectType="" fieldType="SimpleProperty" description=""/>
   </OperationInputType>
   <OperationInputType typeName="Ng5_ColorMapping_RowSvAI" parentTypeName="Fnd0TableRowSvAI"
       typeClassName="Ng5_ColorMapping_RowSvAI" description="SaveAsInput object for &quot;Ng5_ColorMapping_Row&quot; business object"
       isAbstract="false" artifactName="Ng5_ColorMapping_RowSvAI"/>
   <OperationInputType typeName="Ng5_MfgPartCreI" parentTypeName="Ng5_AbsItemCreI"
       typeClassName="Ng5_MfgPartCreI" description="CreateInput object for &quot;Ng5_MfgPart&quot; business object"
       isAbstract="false" artifactName="Ng5_MfgPartCreI">
     <OperationInputProperty propName="ng5_mfg_desc" compoundObjectConstant="" srcPropName="ng5_mfg_desc"
          compoundObjectType="" fieldType="SimpleProperty" description=""/>
     <OperationInputProperty propName="ng5_create_ipf" compoundObjectConstant="" srcPropName="ng5_create_ipf"
          compoundObjectType="" fieldType="SimpleProperty" description="Attribute added to determine if ICE Part Form is to be created"/>
     <OperationInputProperty propName="ng5_original_id" compoundObjectConstant=""
          srcPropName="ng5_original_id" compoundObjectType="" fieldType="SimpleProperty"
          description=""/>
     <OperationInputProperty propName="ng5Ng5_rHasPlantMBOM" compoundObjectConstant=""
          srcPropName="Ng5_rHasPlantMBOM" compoundObjectType="" fieldType="SimpleProperty"
          description=""/>
   </OperationInputType>
   <OperationInputType typeName="Ng5_MfgPartMasterCreI" parentTypeName="Ng5_AbsItemMasterCreI"
       typeClassName="Ng5_MfgPartMasterCreI" description="CreateInput object for &quot;Ng5_MfgPartMaster&quot; business object"
       isAbstract="false" artifactName="Ng5_MfgPartMasterCreI"/>
   <OperationInputType typeName="Ng5_MfgPartMasterSCreI" parentTypeName="Ng5_AbsItemMasterSCreI"
       typeClassName="Ng5_MfgPartMasterSCreI" description="CreateInput object for &quot;Ng5_MfgPartMasterS&quot; business object"
       isAbstract="false" artifactName="Ng5_MfgPartMasterSCreI"/>
   <OperationInputType typeName="Ng5_MfgPartMasterSSvAI" parentTypeName="Ng5_AbsItemMasterSSvAI"
       typeClassName="Ng5_MfgPartMasterSSvAI" description="SaveAsInput object for &quot;Ng5_MfgPartMasterS&quot; business object"
       isAbstract="false" artifactName="Ng5_MfgPartMasterSSvAI"/>
   <OperationInputType typeName="Ng5_MfgPartMasterSvAI" parentTypeName="Ng5_AbsItemMasterSvAI"
       typeClassName="Ng5_MfgPartMasterSvAI" description="SaveAsInput object for &quot;Ng5_MfgPartMaster&quot; business object"
       isAbstract="false" artifactName="Ng5_MfgPartMasterSvAI"/>
   <OperationInputType typeName="Ng5_MfgPartRevMasterSCreI" parentTypeName="Ng5_AbsItemRevMasterSCreI"
       typeClassName="Ng5_MfgPartRevMasterSCreI" description="CreateInput object for &quot;Ng5_MfgPartRevMasterS&quot; business object"
       isAbstract="false" artifactName="Ng5_MfgPartRevMasterSCreI"/>
   <OperationInputType typeName="Ng5_MfgPartRevMasterSSvAI" parentTypeName="Ng5_AbsItemRevMasterSSvAI"
       typeClassName="Ng5_MfgPartRevMasterSSvAI" description="SaveAsInput object for &quot;Ng5_MfgPartRevMasterS&quot; business object"
       isAbstract="false" artifactName="Ng5_MfgPartRevMasterSSvAI"/>
   <OperationInputType typeName="Ng5_MfgPartRevisionCreI" parentTypeName="Ng5_AbsItemRevisionCreI"
       typeClassName="Ng5_MfgPartRevisionCreI" description="CreateInput object for &quot;Ng5_MfgPartRevision&quot; business object"
       isAbstract="false" artifactName="Ng5_MfgPartRevisionCreI">
     <OperationInputProperty propName="ng5_plants" compoundObjectConstant="" srcPropName="ng5_plants"
          compoundObjectType="" fieldType="SimpleProperty" description=""/>
     <OperationInputProperty propName="ng5_mfgpart_type" compoundObjectConstant=""
          srcPropName="ng5_mfgpart_type" compoundObjectType="" fieldType="SimpleProperty"
          description=""/>
     <OperationInputProperty propName="ng5_suffix" compoundObjectConstant="" srcPropName="ng5_suffix"
          compoundObjectType="" fieldType="SimpleProperty" description=""/>
     <OperationInputProperty propName="ng5_reqcustpartno" compoundObjectConstant=""
          srcPropName="ng5_reqcustpartno" compoundObjectType="" fieldType="SimpleProperty"
          description=""/>
     <OperationInputProperty propName="ng5_customer" compoundObjectConstant="" srcPropName="ng5_customer"
          compoundObjectType="" fieldType="SimpleProperty" description=""/>
     <OperationInputProperty propName="ng5Ng5_rPartHasCustomerPrtForm" compoundObjectConstant=""
          srcPropName="Ng5_rPartHasCustomerPrtForm" compoundObjectType="" fieldType="SimpleProperty"
          description=""/>
     <OperationInputProperty propName="ng5Ng5_rHasEngPartToMfgPartRev" compoundObjectConstant=""
          srcPropName="Ng5_rHasEngPartToMfgPartRev" compoundObjectType="" fieldType="SimpleProperty"
          description=""/>
     <OperationInputProperty propName="ng5_sourceType" compoundObjectConstant="" srcPropName="ng5_sourceType"
          compoundObjectType="" fieldType="SimpleProperty" description=""/>
     <OperationInputProperty propName="ng5_make_buy" compoundObjectConstant="" srcPropName="ng5_make_buy"
          compoundObjectType="" fieldType="SimpleProperty" description="Make / Buy option for a part at company lever"/>
     <OperationInputProperty propName="ng5_structure_type" compoundObjectConstant=""
          srcPropName="ng5_structure_type" compoundObjectType="" fieldType="SimpleProperty"
          description=""/>
     <OperationInputProperty propName="item_id" compoundObjectConstant="" srcPropName="item_id"
          compoundObjectType="" fieldType="SimpleProperty" description=""/>
     <OperationInputProperty propName="ng5_Source_MBOM" compoundObjectConstant=""
          srcPropName="ng5_Source_MBOM" compoundObjectType="" fieldType="SimpleProperty"
          description=""/>
     <OperationInputProperty propName="ng5_cloning_bgrd" compoundObjectConstant=""
          srcPropName="ng5_cloning_bgrd" compoundObjectType="" fieldType="SimpleProperty"
          description=""/>
     <OperationInputProperty propName="ng5_is_topline" compoundObjectConstant="" srcPropName="ng5_is_topline"
          compoundObjectType="" fieldType="SimpleProperty" description=""/>
     <OperationInputProperty propName="ng5Ng5_rHasValidationReport" compoundObjectConstant=""
          srcPropName="Ng5_rHasValidationReport" compoundObjectType="" fieldType="SimpleProperty"
          description=""/>
   </OperationInputType>
   <OperationInputType typeName="Ng5_MfgPartRevisionMasterCreI" parentTypeName="Ng5_AbsItemRevisionMasterCreI"
       typeClassName="Ng5_MfgPartRevisionMasterCreI" description="CreateInput object for &quot;Ng5_MfgPartRevisionMaster&quot; business object"
       isAbstract="false" artifactName="Ng5_MfgPartRevisionMasterCreI"/>
   <OperationInputType typeName="Ng5_MfgPartRevisionMasterSvAI" parentTypeName="Ng5_AbsItemRevisionMasterSvAI"
       typeClassName="Ng5_MfgPartRevisionMasterSvAI" description="SaveAsInput object for &quot;Ng5_MfgPartRevisionMaster&quot; business object"
       isAbstract="false" artifactName="Ng5_MfgPartRevisionMasterSvAI"/>
   <OperationInputType typeName="Ng5_MfgPartRevisionRevI" parentTypeName="Ng5_AbsItemRevisionRevI"
       typeClassName="Ng5_MfgPartRevisionRevI" description="ReviseInput object for &quot;Ng5_MfgPartRevision&quot; business object"
       isAbstract="false" artifactName="Ng5_MfgPartRevisionRevI"/>
   <OperationInputType typeName="Ng5_MfgPartRevisionSvAI" parentTypeName="Ng5_AbsItemRevisionSvAI"
       typeClassName="Ng5_MfgPartRevisionSvAI" description="SaveAsInput object for &quot;Ng5_MfgPartRevision&quot; business object"
       isAbstract="false" artifactName="Ng5_MfgPartRevisionSvAI"/>
   <OperationInputType typeName="Ng5_MfgPartSvAI" parentTypeName="Ng5_AbsItemSvAI"
       typeClassName="Ng5_MfgPartSvAI" description="SaveAsInput object for &quot;Ng5_MfgPart&quot; business object"
       isAbstract="false" artifactName="Ng5_MfgPartSvAI"/>
   <OperationInputType typeName="Ng5_rHasEngPartToMfgPa_alt0CreI" parentTypeName="Ng5_rAbsRelationCreI"
       typeClassName="Ng5_rHasEngPartToMfgPa_alt0CreI" description="CreateInput object for &quot;Ng5_rHasEngPartToMfgPartRev&quot; business object"
       isAbstract="false" artifactName="Ng5_rHasEngPartToMfgPa_alt0CreI"/>
   <OperationInputType typeName="Ng5_rHasEngPartToMfgPa_alt0SvAI" parentTypeName="Ng5_rAbsRelationSvAI"
       typeClassName="Ng5_rHasEngPartToMfgPa_alt0SvAI" description="SaveAsInput object for &quot;Ng5_rHasEngPartToMfgPartRev&quot; business object"
       isAbstract="false" artifactName="Ng5_rHasEngPartToMfgPa_alt0SvAI"/>
   <OperationInputType typeName="Ng5_rHasMBOMItemCreI" parentTypeName="CMRelationCreI"
       typeClassName="Ng5_rHasMBOMItemCreI" description="CreateInput object for &quot;Ng5_rHasMBOMItem&quot; business object"
       isAbstract="false" artifactName="Ng5_rHasMBOMItemCreI"/>
   <OperationInputType typeName="Ng5_rHasMBOMItemSvAI" parentTypeName="CMRelationSvAI"
       typeClassName="Ng5_rHasMBOMItemSvAI" description="SaveAsInput object for &quot;Ng5_rHasMBOMItem&quot; business object"
       isAbstract="false" artifactName="Ng5_rHasMBOMItemSvAI"/>
   <OperationInputType typeName="Ng5_rHasMBOMItemsCreI" parentTypeName="Ng5_rAbsRelationCreI"
       typeClassName="Ng5_rHasMBOMItemsCreI" description="CreateInput object for &quot;Ng5_rHasMBOMItems&quot; business object"
       isAbstract="false" artifactName="Ng5_rHasMBOMItemsCreI"/>
   <OperationInputType typeName="Ng5_rHasMBOMItemsSvAI" parentTypeName="Ng5_rAbsRelationSvAI"
       typeClassName="Ng5_rHasMBOMItemsSvAI" description="SaveAsInput object for &quot;Ng5_rHasMBOMItems&quot; business object"
       isAbstract="false" artifactName="Ng5_rHasMBOMItemsSvAI"/>
   <OperationInputType typeName="Ng5_rHasPlantMBOMCreI" parentTypeName="Ng5_rAbsRelationCreI"
       typeClassName="Ng5_rHasPlantMBOMCreI" description="CreateInput object for &quot;Ng5_rHasPlantMBOM&quot; business object"
       isAbstract="false" artifactName="Ng5_rHasPlantMBOMCreI"/>
   <OperationInputType typeName="Ng5_rHasPlantMBOMSvAI" parentTypeName="Ng5_rAbsRelationSvAI"
       typeClassName="Ng5_rHasPlantMBOMSvAI" description="SaveAsInput object for &quot;Ng5_rHasPlantMBOM&quot; business object"
       isAbstract="false" artifactName="Ng5_rHasPlantMBOMSvAI"/>
   <TcForm typeName="Ng5_MfgPartMaster" parentTypeName="Ng5_AbsItemMaster" typeClassName="Form"
       description="MasterForm object for &quot;Ng5_MfgPart&quot; business object"
       isAbstract="false" artifactName="Ng5_MfgPartMaster" formStorageClassName="Ng5_MfgPartMasterS"/>
   <TcForm typeName="Ng5_MfgPartRevisionMaster" parentTypeName="Ng5_AbsItemRevisionMaster"
       typeClassName="Form" description="MasterForm object for &quot;Ng5_MfgPartRevision&quot; business object"
       isAbstract="false" artifactName="Ng5_MfgPartRevisionMaster" formStorageClassName="Ng5_MfgPartRevMasterS"/>
   <TcStandardType typeName="Ng5_ColorMapping_Row" parentTypeName="Fnd0TableRow" typeClassName="Ng5_ColorMapping_Row"
       description="" isAbstract="false" artifactName="Ng5_ColorMapping_Row"/>
   <TcStandardType typeName="Ng5_MfgPart" parentTypeName="Ng5_AbsItem" typeClassName="Ng5_MfgPart"
       description="" isAbstract="false" artifactName="Ng5_MfgPart">
     <TcProperty propName="Ng5_rHasICEPartForm" propTypeName="Relation" propValueType="PROP_untyped_relation"
          propMaxStringLength="0" isArray="true" arrayLength="-1" description="Adding the relation property on Ng5_MfgPart"
          referencedTypeConstant="" referencedType=""/>
     <TcProperty propName="Ng5_rHasPlantMBOM" propTypeName="Relation" propValueType="PROP_untyped_relation"
          propMaxStringLength="0" isArray="true" arrayLength="-1" description="" referencedTypeConstant=""
          referencedType=""/>
   </TcStandardType>
   <TcStandardType typeName="Ng5_MfgPartMasterS" parentTypeName="Ng5_AbsItemMasterS"
       typeClassName="Ng5_MfgPartMasterS" description="Form Storage object for &quot;Ng5_MfgPartMaster&quot; business object"
       isAbstract="false" artifactName="Ng5_MfgPartMasterS"/>
   <TcStandardType typeName="Ng5_MfgPartRevMasterS" parentTypeName="Ng5_AbsItemRevMasterS"
       typeClassName="Ng5_MfgPartRevMasterS" description="Form Storage object for &quot;Ng5_MfgPartRevMaster&quot; business object"
       isAbstract="false" artifactName="Ng5_MfgPartRevMasterS"/>
   <TcStandardType typeName="Ng5_MfgPartRevision" parentTypeName="Ng5_AbsItemRevision"
       typeClassName="Ng5_MfgPartRevision" description="ItemRevision object for &quot;Ng5_MfgPart&quot;  business object"
       isAbstract="false" artifactName="Ng5_MfgPartRevision">
     <TcProperty propName="Ng5_rPartHasCustomerPrtForm" propTypeName="Relation" propValueType="PROP_untyped_relation"
          propMaxStringLength="0" isArray="true" arrayLength="-1" description="" referencedTypeConstant=""
          referencedType=""/>
     <TcProperty propName="Ng5_rHasEngPartToMfgPartRev" propTypeName="Relation" propValueType="PROP_untyped_relation"
          propMaxStringLength="0" isArray="true" arrayLength="-1" description="" referencedTypeConstant=""
          referencedType=""/>
     <TcProperty propName="ng5_Color_Mapping" propTypeName="Table" propValueType="PROP_typed_reference"
          propMaxStringLength="0" isArray="true" arrayLength="-1" description="" referencedTypeConstant=""
          referencedType="Ng5_ColorMapping_Row"/>
     <TcProperty propName="Ng5_rHasValidationReport" propTypeName="Relation" propValueType="PROP_untyped_relation"
          propMaxStringLength="0" isArray="true" arrayLength="-1" description="" referencedTypeConstant=""
          referencedType=""/>
   </TcStandardType>
   <TcStandardType typeName="Ng5_rHasEngPartToMfgPartRev" parentTypeName="Ng5_rAbsRelation"
       typeClassName="Ng5_rHasEngPartToMfgPartRev" description="" isAbstract="false"
       artifactName="Ng5_rHasEngPartToMfgPartRev"/>
   <TcStandardType typeName="Ng5_rHasMBOMItem" parentTypeName="CMRelation" typeClassName="Ng5_rHasMBOMItem"
       description="" isAbstract="false" artifactName="Ng5_rHasMBOMItem"/>
   <TcStandardType typeName="Ng5_rHasMBOMItems" parentTypeName="Ng5_rAbsRelation"
       typeClassName="Ng5_rHasMBOMItems" description="" isAbstract="false" artifactName="Ng5_rHasMBOMItems"/>
   <TcStandardType typeName="Ng5_rHasPlantMBOM" parentTypeName="Ng5_rAbsRelation"
       typeClassName="Ng5_rHasPlantMBOM" description="" isAbstract="false" artifactName="Ng5_rHasPlantMBOM"/>
   <BusinessObjectInterface name="Ng5_MfgCNRevision" namespace="ng5newgeneration"
       libraryName="Ng5Core" createRelease="Awp05.1.0" typeName="Ng5_MfgCNRevision"
       primaryInterface="true" description="Interface Name for Business Object Ng5_MfgCNRevision"/>
   <Operation id="getAssociatedOEMNames#const,std::string" name="getAssociatedOEMNames"
       createRelease="Awp05.1.0" description="" opTemplate="Ng5::Soa::MBOMManagement::_2020_12::MBOMDataService::GetCustomerNames#Ng5::Soa::MBOMManagement::MBOMDataService::getAssociatedOEMNames#const,std::string"
       interface="Ng5::Soa::MBOMManagement::MBOMDataService" isPublished="true" canOverride="false"
       isPreActionAllowed="false" isPostActionAllowed="false" isPreConditionAllowed="false"
       returnDescription="" component="" useCase="" dependencies="" exceptionCondition="">
     <ParameterInfo parameterName="revUid" description="Eng Revision for getting Customer Names"/>
   </Operation>
   <Operation id="getEBOMSizeForCloningType#const,Teamcenter::ItemRevision,&amp;"
       name="getEBOMSizeForCloningType" createRelease="Awp05.1.0" description="" opTemplate="std::string#Ng5::Soa::MBOMManagement::MBOMDataService::getEBOMSizeForCloningType#const,Teamcenter::ItemRevision,&amp;"
       interface="Ng5::Soa::MBOMManagement::MBOMDataService" isPublished="true" canOverride="false"
       isPreActionAllowed="false" isPostActionAllowed="false" isPreConditionAllowed="false"
       returnDescription="" component="" useCase="" dependencies="" exceptionCondition="">
     <ParameterInfo parameterName="ebomTopline" description="EBom Topline as input"/>
   </Operation>
   <OperationAttach typeName="Ng5_MfgCNRevision" id="finalizeCreateInput#Teamcenter::CreateInput,*"/>
   <Condition name="Ng5_MassUpdateValidtateForPrimary" expression="(o.object_type=&quot;Ng5_MassUpdateRevision&quot;) AND (o.is_modifiable = true) AND (o.ng5_ChangeState = &quot;Initiated&quot;)"
       secured="false" description="">
     <ConditionParameter name="o" parameterTypeName="ChangeItemRevision"/>
     <ConditionParameter name="u" parameterTypeName="UserSession"/>
   </Condition>
   <Condition name="Ng5_MfgPartRevision" expression="p.ng5_plants=s.ng5_plants" secured="false"
       description="Plant ID of Parent should Match with Plant ID of Child">
     <ConditionParameter name="p" parameterTypeName="Ng5_MfgPartRevision"/>
     <ConditionParameter name="s" parameterTypeName="Ng5_MfgPartRevision"/>
   </Condition>
   <Condition name="Ng5_MfgUserAccessCheck" expression="(Condition::Ng5_isMBOMUser(u)) OR (Condition::Ng5_isAdminGroup(u))"
       secured="false" description="This condition defines allowed mfg group roles.">
     <ConditionParameter name="u" parameterTypeName="UserSession"/>
   </Condition>
   <Condition name="Ng5_Validate_PlantID" expression="p.ng5_plants=s.ng5_plants AND p.owning_group=s.owning_group AND s.object_type=&quot;Ng5_MfgPartRevision&quot;"
       secured="false" description="">
     <ConditionParameter name="p" parameterTypeName="Ng5_MfgCNRevision"/>
     <ConditionParameter name="s" parameterTypeName="Ng5_MfgPartRevision"/>
   </Condition>
   <Condition name="Ng5_WF_MBOMAnalyst" expression="(u.fnd0ConditionHelper.fnd0isSubTypeOf(o,&quot;Ng5_MfgCNRevision&quot;)) AND Condition::Ng5_isMBOMUser(u) OR Condition::Ng5_isAdminGroup(u)"
       secured="false" description="only MBOM Analyst Role can initiate workflow">
     <ConditionParameter name="o" parameterTypeName="ChangeItemRevision"/>
     <ConditionParameter name="t" parameterTypeName="ImanType"/>
     <ConditionParameter name="u" parameterTypeName="UserSession"/>
   </Condition>
   <Condition name="Ng5_WF_MCN" expression="(w.object_type=&quot;Ng5_MfgCNRevision&quot;) AND Condition::Ng5_isMFGUser(u) OR Condition::Ng5_isAdminGroup(u)"
       secured="false" description="">
     <ConditionParameter name="w" parameterTypeName="WorkspaceObject"/>
     <ConditionParameter name="t" parameterTypeName="ImanType"/>
     <ConditionParameter name="u" parameterTypeName="UserSession"/>
   </Condition>
   <Condition name="Ng5_WF_MMTRevision" expression="u.fnd0ConditionHelper.fnd0isSubTypeOf(w,&quot;ChangeNoticeRevision&quot;) AND (w.object_type=&quot;Ng5_MMTransferRevision&quot;) AND Condition::Ng5_isAdminGroup(u)"
       secured="false" description="">
     <ConditionParameter name="w" parameterTypeName="WorkspaceObject"/>
     <ConditionParameter name="i" parameterTypeName="ImanType"/>
     <ConditionParameter name="u" parameterTypeName="UserSession"/>
   </Condition>
   <Condition name="Ng5_isCMMassUpdateValidstateForPrimary" expression="(o.object_type=&quot;Ng5_MassUpdateRevision&quot;) AND (o.ng5_ChangeState = &quot;Review&quot;)OR(o.ng5_ChangeState = &quot;Initiated&quot;)"
       secured="false" description="">
     <ConditionParameter name="o" parameterTypeName="ChangeItemRevision"/>
     <ConditionParameter name="u" parameterTypeName="UserSession"/>
   </Condition>
   <Condition name="Ng5_isCMMfgSolutionItemCreatable" expression="Condition::Ng5_Mfg_ValidateSecondaryObject(p,s,u) AND Condition::Ng5_isCMMfgValidStateForPrimary (p,u) AND Condition::Ng5_MfgUserAccessCheck (u)"
       secured="false" description="This condition determines if MBOM Items relation is creatable for following conditions:&#x0A;a-Only MBOMItems are allowed&#x0A;b-Group ID of MCN Revision should match with Group ID of MBOM Items&#x0A;c-MBOM Items are allowed on the MCN with state Initiated OR Readiness Check OR Readiness Correction">
     <ConditionParameter name="p" parameterTypeName="Ng5_MfgCNRevision"/>
     <ConditionParameter name="s" parameterTypeName="WorkspaceObject"/>
     <ConditionParameter name="u" parameterTypeName="UserSession"/>
   </Condition>
   <Condition name="Ng5_isCMMfgValidStateForPrimary" expression="(o.object_type= &quot;Ng5_MfgCNRevision&quot;) AND (o.is_modifiable = true) AND ((o.ng5_ChangeState = &quot;Initiated&quot;) OR (o.ng5_ChangeState = &quot;Readiness Check&quot;) OR (o.ng5_ChangeState = &quot;Readiness Correction&quot;))"
       secured="false" description="This condition determines if CM related folders are modifiable depending on Change State value of CM object.">
     <ConditionParameter name="o" parameterTypeName="Ng5_MfgCNRevision"/>
     <ConditionParameter name="u" parameterTypeName="UserSession"/>
   </Condition>
   <Condition name="Ng5_isDBAUser" expression="(( o.group_name = &quot;dba&quot;) OR ( o.group_name = &quot;Admin&quot;))"
       secured="false" description="">
     <ConditionParameter name="o" parameterTypeName="UserSession"/>
   </Condition>
   <Condition name="Ng5_isMBOMUser" expression="u.role_name=&quot;MBOM Analyst&quot;"
       secured="false" description="">
     <ConditionParameter name="u" parameterTypeName="UserSession"/>
   </Condition>
   <Condition name="Ng5_WF_isMfgPartRevision" expression="o.object_type=&quot;Ng5_MfgPartRevision&quot;"
       secured="false" description="">
     <ConditionParameter name="o" parameterTypeName="WorkspaceObject"/>
   </Condition>
   <TcTypeConstant name="Ng5_rHasMBOMItemCreCondition" dataType="String" defaultValue=""
       description="" isMultiValued="false" isValueAttachmentSecured="false" allowOpsDataUpdate="true"
       allowOpsDataUpdateOverride="true">
     <Scope typeName="Ng5_MfgCNRevision"/>
     <Scope typeName="Ng5_MMTransferRevision"/>
     <Scope typeName="Ng5_MassUpdateRevision"/>
   </TcTypeConstant>
   <TcTypeConstantAttach constantName="CMHasSolutionItemCreCondition" typeName="Ng5_MfgCNRevision"
       value="Ng5_isCMMfgSolutionItemCreatable"/>
   <TcTypeConstantAttach constantName="CreateInput" typeName="Ng5_ColorMapping_Row"
       value="Ng5_ColorMapping_RowCreI"/>
   <TcTypeConstantAttach constantName="CreateInput" typeName="Ng5_MfgPart" value="Ng5_MfgPartCreI"/>
   <TcTypeConstantAttach constantName="CreateInput" typeName="Ng5_MfgPartMaster" value="Ng5_MfgPartMasterCreI"/>
   <TcTypeConstantAttach constantName="CreateInput" typeName="Ng5_MfgPartMasterS"
       value="Ng5_MfgPartMasterSCreI"/>
   <TcTypeConstantAttach constantName="CreateInput" typeName="Ng5_MfgPartRevision"
       value="Ng5_MfgPartRevisionCreI"/>
   <TcTypeConstantAttach constantName="CreateInput" typeName="Ng5_MfgPartRevisionMaster"
       value="Ng5_MfgPartRevisionMasterCreI"/>
   <TcTypeConstantAttach constantName="CreateInput" typeName="Ng5_MfgPartRevMasterS"
       value="Ng5_MfgPartRevMasterSCreI"/>
   <TcTypeConstantAttach constantName="CreateInput" typeName="Ng5_rHasEngPartToMfgPartRev"
       value="Ng5_rHasEngPartToMfgPa_alt0CreI"/>
   <TcTypeConstantAttach constantName="CreateInput" typeName="Ng5_rHasMBOMItem" value="Ng5_rHasMBOMItemCreI"/>
   <TcTypeConstantAttach constantName="CreateInput" typeName="Ng5_rHasMBOMItems" value="Ng5_rHasMBOMItemsCreI"/>
   <TcTypeConstantAttach constantName="CreateInput" typeName="Ng5_rHasPlantMBOM" value="Ng5_rHasPlantMBOMCreI"/>
   <TcTypeConstantAttach constantName="DisplayName" typeName="Ng5_MassUpdate" value="$item_id+&quot;-&quot;+$object_name+&quot; &quot;+$ng5_plants"/>
   <TcTypeConstantAttach constantName="DisplayName" typeName="Ng5_MassUpdateRevision"
       value="$item_id+&quot;/&quot;+$item_revision_id+&quot;;&quot;+$sequence_id+&quot;-&quot;+$object_name+&quot; &quot;+$ng5_Plants"/>
   <TcTypeConstantAttach constantName="DisplayName" typeName="Ng5_MfgCN" value="$item_id+&quot;-&quot;+$object_name+&quot; &quot;+$ng5_plants"/>
   <TcTypeConstantAttach constantName="DisplayName" typeName="Ng5_MfgCNRevision" value="$item_id+&quot;/&quot;+$item_revision_id+&quot;;&quot;+$sequence_id+&quot;-&quot;+$object_name+&quot; &quot;+$ng5_plants"/>
   <TcTypeConstantAttach constantName="DisplayName" typeName="Ng5_MfgPart" value="$item_id+&quot;-&quot;+$object_name+&quot; &quot;+$ng5_oem_env+&quot; &quot;+$ng5_mfg_desc1"/>
   <TcTypeConstantAttach constantName="DisplayName" typeName="Ng5_MfgPartRevision"
       value="$item_id+&quot;/&quot;+$item_revision_id+&quot;-&quot;+$object_name"/>
   <TcTypeConstantAttach constantName="Fnd0Icon" typeName="Ng5_MfgCN" value="Ng5_MfgCN.png"/>
   <TcTypeConstantAttach constantName="Fnd0Icon" typeName="Ng5_MfgCNRevision" value="Ng5_MfgCNRev.png"/>
   <TcTypeConstantAttach constantName="Fnd0Icon" typeName="Ng5_MMTransfer" value="Ng5_MMTransfer.png"/>
   <TcTypeConstantAttach constantName="Fnd0Icon" typeName="Ng5_MMTransferRevision"
       value="Ng5_MMTransferRev.png"/>
   <TcTypeConstantAttach constantName="ItemRevision" typeName="Ng5_MfgPart" value="Ng5_MfgPartRevision"/>
   <TcTypeConstantAttach constantName="MasterForm" typeName="Ng5_MfgPart" value="Ng5_MfgPartMaster"/>
   <TcTypeConstantAttach constantName="MasterForm" typeName="Ng5_MfgPartRevision"
       value="Ng5_MfgPartRevisionMaster"/>
   <TcTypeConstantAttach constantName="MultiFieldKey" typeName="Ng5_MfgPart" value="Ng5_MfgPart{item_id}"/>
   <TcTypeConstantAttach constantName="Ng5_rHasMBOMItemCreCondition" typeName="Ng5_MassUpdateRevision"
       value="Ng5_isMassUpdateHasImpactedCreatable"/>
   <TcTypeConstantAttach constantName="Ng5_rHasMBOMItemCreCondition" typeName="Ng5_MfgCNRevision"
       value="Ng5_isCMMfgSolutionItemCreatable"/>
   <TcTypeConstantAttach constantName="ReviseInput" typeName="Ng5_MfgPartRevision"
       value="Ng5_MfgPartRevisionRevI"/>
   <TcTypeConstantAttach constantName="SaveAsInput" typeName="Ng5_ColorMapping_Row"
       value="Ng5_ColorMapping_RowSvAI"/>
   <TcTypeConstantAttach constantName="SaveAsInput" typeName="Ng5_MfgPart" value="Ng5_MfgPartSvAI"/>
   <TcTypeConstantAttach constantName="SaveAsInput" typeName="Ng5_MfgPartMaster" value="Ng5_MfgPartMasterSvAI"/>
   <TcTypeConstantAttach constantName="SaveAsInput" typeName="Ng5_MfgPartMasterS"
       value="Ng5_MfgPartMasterSSvAI"/>
   <TcTypeConstantAttach constantName="SaveAsInput" typeName="Ng5_MfgPartRevision"
       value="Ng5_MfgPartRevisionSvAI"/>
   <TcTypeConstantAttach constantName="SaveAsInput" typeName="Ng5_MfgPartRevisionMaster"
       value="Ng5_MfgPartRevisionMasterSvAI"/>
   <TcTypeConstantAttach constantName="SaveAsInput" typeName="Ng5_MfgPartRevMasterS"
       value="Ng5_MfgPartRevMasterSSvAI"/>
   <TcTypeConstantAttach constantName="SaveAsInput" typeName="Ng5_rHasEngPartToMfgPartRev"
       value="Ng5_rHasEngPartToMfgPa_alt0SvAI"/>
   <TcTypeConstantAttach constantName="SaveAsInput" typeName="Ng5_rHasMBOMItem" value="Ng5_rHasMBOMItemSvAI"/>
   <TcTypeConstantAttach constantName="SaveAsInput" typeName="Ng5_rHasMBOMItems" value="Ng5_rHasMBOMItemsSvAI"/>
   <TcTypeConstantAttach constantName="SaveAsInput" typeName="Ng5_rHasPlantMBOM" value="Ng5_rHasPlantMBOMSvAI"/>
   <TcPropertyConstantAttach constantName="Enabled" typeName="BOMLine" propertyName="ng5_bl_ice_mfg_desc1"
       value="true"/>
   <TcPropertyConstantAttach constantName="Enabled" typeName="BOMLine" propertyName="ng5_bl_mfg_make_buy"
       value="true"/>
   <TcPropertyConstantAttach constantName="Enabled" typeName="BOMLine" propertyName="ng5_bl_source_Type"
       value="true"/>
   <TcPropertyConstantAttach constantName="Enabled" typeName="BOMLine" propertyName="ng5_JIT_Flag"
       value="true"/>
   <TcPropertyConstantAttach constantName="Enabled" typeName="BOMLine" propertyName="Ng5_Negative_Qty"
       value="true"/>
   <TcPropertyConstantAttach constantName="Enabled" typeName="BOMLine" propertyName="Ng5_References"
       value="true"/>
   <TcPropertyConstantAttach constantName="Enabled" typeName="BOMLine" propertyName="Ng5_Remarks"
       value="true"/>
   <TcPropertyConstantAttach constantName="Enabled" typeName="BOMLine" propertyName="Ng5_Structure_Type"
       value="true"/>
   <TcPropertyConstantAttach constantName="Enabled" typeName="Ng5_AbsItem" propertyName="ng5_jit_flag"
       value="true"/>
   <TcPropertyConstantAttach constantName="Enabled" typeName="Ng5_ColorMapping_Row"
       propertyName="ng5_newSuffix" value="true"/>
   <TcPropertyConstantAttach constantName="Enabled" typeName="Ng5_ColorMapping_Row"
       propertyName="ng5_oldSuffix" value="true"/>
   <TcPropertyConstantAttach constantName="Enabled" typeName="Ng5_MassUpdate" propertyName="ng5_plants"
       value="false"/>
   <TcPropertyConstantAttach constantName="Enabled" typeName="Ng5_MassUpdateRevision"
       propertyName="Ng5_rHasMBOMItem" value="true"/>
   <TcPropertyConstantAttach constantName="Enabled" typeName="Ng5_MfgCN" propertyName="ng5_plants"
       value="false"/>
   <TcPropertyConstantAttach constantName="Enabled" typeName="Ng5_MfgCNRevision" propertyName="ng5_color_explosion_req"
       value="true"/>
   <TcPropertyConstantAttach constantName="Enabled" typeName="Ng5_MfgCNRevision" propertyName="Ng5_rHasMBOMItem"
       value="true"/>
   <TcPropertyConstantAttach constantName="Enabled" typeName="Ng5_MfgCNRevision" propertyName="Ng5_rHasMBOMItems"
       value="true"/>
   <TcPropertyConstantAttach constantName="Enabled" typeName="Ng5_MfgPart" propertyName="ng5_create_ipf"
       value="true"/>
   <TcPropertyConstantAttach constantName="Enabled" typeName="Ng5_MfgPart" propertyName="ng5_mfg_desc"
       value="true"/>
   <TcPropertyConstantAttach constantName="Enabled" typeName="Ng5_MfgPart" propertyName="ng5_mfg_desc1"
       value="false"/>
   <TcPropertyConstantAttach constantName="Enabled" typeName="Ng5_MfgPart" propertyName="ng5_original_id"
       value="true"/>
   <TcPropertyConstantAttach constantName="Enabled" typeName="Ng5_MfgPart" propertyName="ng5_qad_flag"
       value="false"/>
   <TcPropertyConstantAttach constantName="Enabled" typeName="Ng5_MfgPart" propertyName="Ng5_rHasICEPartForm"
       value="true"/>
   <TcPropertyConstantAttach constantName="Enabled" typeName="Ng5_MfgPart" propertyName="Ng5_rHasPlantMBOM"
       value="true"/>
   <TcPropertyConstantAttach constantName="Enabled" typeName="Ng5_MfgPartRevision"
       propertyName="ng5_cloning_bgrd" value="true"/>
   <TcPropertyConstantAttach constantName="Enabled" typeName="Ng5_MfgPartRevision"
       propertyName="ng5_Color_Mapping" value="true"/>
   <TcPropertyConstantAttach constantName="Enabled" typeName="Ng5_MfgPartRevision"
       propertyName="ng5_customer" value="true"/>
   <TcPropertyConstantAttach constantName="Enabled" typeName="Ng5_MfgPartRevision"
       propertyName="ng5_is_topline" value="true"/>
   <TcPropertyConstantAttach constantName="Enabled" typeName="Ng5_MfgPartRevision"
       propertyName="ng5_make_buy" value="true"/>
   <TcPropertyConstantAttach constantName="Enabled" typeName="Ng5_MfgPartRevision"
       propertyName="ng5_mfgpart_type" value="true"/>
   <TcPropertyConstantAttach constantName="Enabled" typeName="Ng5_MfgPartRevision"
       propertyName="ng5_plants" value="true"/>
   <TcPropertyConstantAttach constantName="Enabled" typeName="Ng5_MfgPartRevision"
       propertyName="ng5_qad_flag" value="false"/>
   <TcPropertyConstantAttach constantName="Enabled" typeName="Ng5_MfgPartRevision"
       propertyName="ng5_reqcustpartno" value="true"/>
   <TcPropertyConstantAttach constantName="Enabled" typeName="Ng5_MfgPartRevision"
       propertyName="Ng5_rPartHasCustomerPrtForm" value="true"/>
   <TcPropertyConstantAttach constantName="Enabled" typeName="Ng5_MfgPartRevision"
       propertyName="ng5_sourceType" value="true"/>
   <TcPropertyConstantAttach constantName="Enabled" typeName="Ng5_MfgPartRevision"
       propertyName="ng5_structure_type" value="true"/>
   <TcPropertyConstantAttach constantName="Enabled" typeName="Ng5_MfgPartRevision"
       propertyName="ng5_suffix" value="true"/>
   <TcPropertyConstantAttach constantName="Enabled" typeName="Ng5_MMTransferRevision"
       propertyName="Ng5_rHasMBOMFile" value="true"/>
   <TcPropertyConstantAttach constantName="Enabled" typeName="Ng5_MMTransferRevision"
       propertyName="Ng5_rHasMBOMItem" value="true"/>
   <TcPropertyConstantAttach constantName="Enabled" typeName="Ng5_MMTransferRevision"
       propertyName="Ng5_rHasMBOMItems" value="true"/>
   <TcPropertyConstantAttach constantName="Enabled" typeName="Ng5_PlantForm" propertyName="ng5_qad_flag"
       value="false"/>
   <TcPropertyConstantAttach constantName="Enabled" typeName="ProjectObjectRelation"
       propertyName="ng5_qad_flag" value="true"/>
   <TcPropertyConstantAttach constantName="Fnd0EnableTimeForDateProperty" typeName="EPMTask"
       propertyName="fnd0EndDate" value="true"/>
   <TcPropertyConstantAttach constantName="Fnd0EnableTimeForDateProperty" typeName="Signoff"
       propertyName="fnd0EndDate" value="true"/>
   <TcPropertyConstantAttach constantName="Fnd0PropagationGroup" typeName="Ng5_MfgPart"
       propertyName="ng5_qad_flag" value="Security Group IV"/>
   <TcPropertyConstantAttach constantName="Modifiable" typeName="BOMLine" propertyName="ng5_bl_ice_mfg_desc1"
       value="Write"/>
   <TcPropertyConstantAttach constantName="Modifiable" typeName="BOMLine" propertyName="ng5_bl_mfg_make_buy"
       value="Write"/>
   <TcPropertyConstantAttach constantName="Modifiable" typeName="BOMLine" propertyName="ng5_bl_source_Type"
       value="Write"/>
   <TcPropertyConstantAttach constantName="Modifiable" typeName="BOMLine" propertyName="ng5_JIT_Flag"
       value="Write"/>
   <TcPropertyConstantAttach constantName="Modifiable" typeName="BOMLine" propertyName="Ng5_Negative_Qty"
       value="Write"/>
   <TcPropertyConstantAttach constantName="Modifiable" typeName="BOMLine" propertyName="Ng5_References"
       value="Write"/>
   <TcPropertyConstantAttach constantName="Modifiable" typeName="BOMLine" propertyName="Ng5_Remarks"
       value="Write"/>
   <TcPropertyConstantAttach constantName="Modifiable" typeName="BOMLine" propertyName="Ng5_Structure_Type"
       value="Write"/>
   <TcPropertyConstantAttach constantName="Modifiable" typeName="Ng5_AbsItem" propertyName="ng5_jit_flag"
       value="Write"/>
   <TcPropertyConstantAttach constantName="Modifiable" typeName="Ng5_ColorMapping_Row"
       propertyName="ng5_newSuffix" value="Write"/>
   <TcPropertyConstantAttach constantName="Modifiable" typeName="Ng5_ColorMapping_Row"
       propertyName="ng5_oldSuffix" value="Write"/>
   <TcPropertyConstantAttach constantName="Modifiable" typeName="Ng5_MassUpdate" propertyName="ng5_plants"
       value="Write"/>
   <TcPropertyConstantAttach constantName="Modifiable" typeName="Ng5_MassUpdateRevision"
       propertyName="Ng5_rHasMBOMItem" value="Write"/>
   <TcPropertyConstantAttach constantName="Modifiable" typeName="Ng5_MfgCN" propertyName="ng5_plants"
       value="Write"/>
   <TcPropertyConstantAttach constantName="Modifiable" typeName="Ng5_MfgCNRevision"
       propertyName="ng5_color_explosion_req" value="Write"/>
   <TcPropertyConstantAttach constantName="Modifiable" typeName="Ng5_MfgCNRevision"
       propertyName="Ng5_rHasMBOMItem" value="Write"/>
   <TcPropertyConstantAttach constantName="Modifiable" typeName="Ng5_MfgCNRevision"
       propertyName="Ng5_rHasMBOMItems" value="Write"/>
   <TcPropertyConstantAttach constantName="Modifiable" typeName="Ng5_MfgPart" propertyName="ng5_create_ipf"
       value="Write"/>
   <TcPropertyConstantAttach constantName="Modifiable" typeName="Ng5_MfgPart" propertyName="ng5_mfg_desc"
       value="Write"/>
   <TcPropertyConstantAttach constantName="Modifiable" typeName="Ng5_MfgPart" propertyName="ng5_mfg_desc1"
       value="Write"/>
   <TcPropertyConstantAttach constantName="Modifiable" typeName="Ng5_MfgPart" propertyName="ng5_original_id"
       value="Write"/>
   <TcPropertyConstantAttach constantName="Modifiable" typeName="Ng5_MfgPart" propertyName="ng5_qad_flag"
       value="Write"/>
   <TcPropertyConstantAttach constantName="Modifiable" typeName="Ng5_MfgPart" propertyName="Ng5_rHasICEPartForm"
       value="Write"/>
   <TcPropertyConstantAttach constantName="Modifiable" typeName="Ng5_MfgPart" propertyName="Ng5_rHasPlantMBOM"
       value="Write"/>
   <TcPropertyConstantAttach constantName="Modifiable" typeName="Ng5_MfgPartRevision"
       propertyName="ng5_cloning_bgrd" value="Write"/>
   <TcPropertyConstantAttach constantName="Modifiable" typeName="Ng5_MfgPartRevision"
       propertyName="ng5_Color_Mapping" value="Write"/>
   <TcPropertyConstantAttach constantName="Modifiable" typeName="Ng5_MfgPartRevision"
       propertyName="ng5_customer" value="Write"/>
   <TcPropertyConstantAttach constantName="Modifiable" typeName="Ng5_MfgPartRevision"
       propertyName="ng5_is_topline" value="Write"/>
   <TcPropertyConstantAttach constantName="Modifiable" typeName="Ng5_MfgPartRevision"
       propertyName="ng5_make_buy" value="Write"/>
   <TcPropertyConstantAttach constantName="Modifiable" typeName="Ng5_MfgPartRevision"
       propertyName="ng5_mfgpart_type" value="Write"/>
   <TcPropertyConstantAttach constantName="Modifiable" typeName="Ng5_MfgPartRevision"
       propertyName="ng5_plants" value="Write"/>
   <TcPropertyConstantAttach constantName="Modifiable" typeName="Ng5_MfgPartRevision"
       propertyName="ng5_qad_flag" value="Write"/>
   <TcPropertyConstantAttach constantName="Modifiable" typeName="Ng5_MfgPartRevision"
       propertyName="ng5_reqcustpartno" value="Write"/>
   <TcPropertyConstantAttach constantName="Modifiable" typeName="Ng5_MfgPartRevision"
       propertyName="Ng5_rPartHasCustomerPrtForm" value="Write"/>
   <TcPropertyConstantAttach constantName="Modifiable" typeName="Ng5_MfgPartRevision"
       propertyName="ng5_sourceType" value="Write"/>
   <TcPropertyConstantAttach constantName="Modifiable" typeName="Ng5_MfgPartRevision"
       propertyName="ng5_structure_type" value="Write"/>
   <TcPropertyConstantAttach constantName="Modifiable" typeName="Ng5_MfgPartRevision"
       propertyName="ng5_suffix" value="Write"/>
   <TcPropertyConstantAttach constantName="Modifiable" typeName="Ng5_MMTransferRevision"
       propertyName="Ng5_rHasMBOMFile" value="Write"/>
   <TcPropertyConstantAttach constantName="Modifiable" typeName="Ng5_MMTransferRevision"
       propertyName="Ng5_rHasMBOMItem" value="Write"/>
   <TcPropertyConstantAttach constantName="Modifiable" typeName="Ng5_MMTransferRevision"
       propertyName="Ng5_rHasMBOMItems" value="Write"/>
   <TcPropertyConstantAttach constantName="Modifiable" typeName="Ng5_PlantForm" propertyName="ng5_qad_flag"
       value="Write"/>
   <TcPropertyConstantAttach constantName="Modifiable" typeName="ProjectObjectRelation"
       propertyName="ng5_qad_flag" value="Write"/>
   <TcPropertyConstantAttach constantName="Required" typeName="Ng5_MfgCN" propertyName="item_id"
       value="true"/>
   <TcPropertyConstantAttach constantName="Required" typeName="Ng5_MfgCN" propertyName="object_name"
       value="true"/>
   <TcPropertyConstantAttach constantName="Required" typeName="Ng5_MfgCNRevision"
       propertyName="item_revision_id" value="true"/>
   <TcPropertyConstantAttach constantName="Required" typeName="Ng5_MfgCNRevisionCreI"
       propertyName="ng5_color_explosion_req" value="true"/>
   <TcPropertyConstantAttach constantName="Required" typeName="Ng5_MfgCNRevisionCreI"
       propertyName="ng5_programs" value="true"/>
   <TcPropertyConstantAttach constantName="Required" typeName="Ng5_MfgPartRevisionCreI"
       propertyName="ng5_make_buy" value="false"/>
   <TcPropertyConstantAttach constantName="Visible" typeName="Ng5_MfgCNRevision" propertyName="ng5_programs"
       value="false"/>
   <TcCompoundPropertyRule destTypeName="BOMLine" destPropertyName="ng5_bl_ice_mfg_desc1"
       sourceTypeName="Ng5_ICEPartForm" sourcePropertyName="ng5_mfg_desc" isReadOnly="false"
       pathToSource="REF(bl_item,Ng5_MfgPart).GRM(Ng5_rHasICEPartForm,Ng5_ICEPartForm).ng5_mfg_desc"
       description=""/>
   <TcCompoundPropertyRule destTypeName="BOMLine" destPropertyName="ng5_bl_mfg_make_buy"
       sourceTypeName="Ng5_MfgPartRevision" sourcePropertyName="ng5_make_buy" isReadOnly="false"
       pathToSource="REF(bl_revision,Ng5_MfgPartRevision).ng5_make_buy" description=""/>
   <TcCompoundPropertyRule destTypeName="BOMLine" destPropertyName="ng5_bl_source_Type"
       sourceTypeName="Ng5_MfgPartRevision" sourcePropertyName="ng5_sourceType" isReadOnly="false"
       pathToSource="REF(bl_revision,Ng5_MfgPartRevision).ng5_sourceType" description=""/>
   <TcCompoundPropertyRule destTypeName="BOMLine" destPropertyName="ng5_JIT_Flag"
       sourceTypeName="Ng5_AbsItem" sourcePropertyName="ng5_jit_flag" isReadOnly="false"
       pathToSource="REF(bl_item,Ng5_AbsItem).ng5_jit_flag" description=""/>
   <TcCompoundPropertyRule destTypeName="Ng5_MassUpdate" destPropertyName="ng5_plants"
       sourceTypeName="Ng5_MassUpdateRevision" sourcePropertyName="ng5_Plants" isReadOnly="false"
       pathToSource="REF(revision_list,Ng5_MassUpdateRevision).ng5_Plants" description=""/>
   <TcCompoundPropertyRule destTypeName="Ng5_MfgCN" destPropertyName="ng5_plants"
       sourceTypeName="Ng5_MfgCNRevision" sourcePropertyName="ng5_plants" isReadOnly="false"
       pathToSource="REF(revision_list,Ng5_MfgCNRevision).ng5_plants" description=""/>
   <TcCompoundPropertyRule destTypeName="Ng5_MfgPart" destPropertyName="ng5_mfg_desc1"
       sourceTypeName="Ng5_ICEPartForm" sourcePropertyName="ng5_mfg_desc" isReadOnly="false"
       pathToSource="GRM(Ng5_rHasICEPartForm,Ng5_ICEPartForm).ng5_mfg_desc" description=""/>
   <TcGRMRule primaryTypeName="Ng5_EngPart" secondaryTypeName="Ng5_MfgPartRevision"
       relationTypeName="Ng5_rHasPlantMBOM" conditionName="isTrue" primaryCardinality="1"
       secondaryCardinality="-1" secured="false" attachability="Unrestricted" changeability="Changeable"
       detachability="WriteAccessReq" description=""/>
   <TcGRMRule primaryTypeName="Ng5_MassUpdateRevision" secondaryTypeName="Ng5_MfgPartRevision"
       relationTypeName="CMHasSolutionItem" conditionName="isTrue" primaryCardinality="-1"
       secondaryCardinality="-1" secured="false" attachability="Unrestricted" changeability="Changeable"
       detachability="Unrestricted" description=""/>
   <TcGRMRule primaryTypeName="Ng5_MfgCNRevision" secondaryTypeName="Ng5_EngPartRevision"
       relationTypeName="Ng5_rHasEBOM" conditionName="isTrue" primaryCardinality="-1"
       secondaryCardinality="-1" secured="false" attachability="Unrestricted" changeability="Changeable"
       detachability="Unrestricted" description=""/>
    <TcGRMRule primaryTypeName="Ng5_MfgCNRevision" secondaryTypeName="MSExcel" relationTypeName="Ng5_rHasMBOMItem"
       conditionName="isTrue" primaryCardinality="-1" secondaryCardinality="-1" secured="false"
       attachability="Unrestricted" changeability="Changeable" detachability="Unrestricted"
       description=""/>
    <TcGRMRule primaryTypeName="Ng5_MfgCNRevision" secondaryTypeName="MSExcelX" relationTypeName="Ng5_rHasMBOMItem"
       conditionName="isTrue" primaryCardinality="-1" secondaryCardinality="-1" secured="false"
       attachability="Unrestricted" changeability="Changeable" detachability="Unrestricted"
       description=""/>
   <TcGRMRule primaryTypeName="Ng5_MfgCNRevision" secondaryTypeName="Ng5_MassUpdateRevision"
       relationTypeName="CMImplements" conditionName="isTrue" primaryCardinality="-1"
       secondaryCardinality="-1" secured="false" attachability="Unrestricted" changeability="Changeable"
       detachability="Unrestricted" description=""/>
   <TcGRMRule primaryTypeName="Ng5_MfgCNRevision" secondaryTypeName="WorkspaceObject"
       relationTypeName="Ng5_rHasEBOM" conditionName="isTrue" primaryCardinality="1"
       secondaryCardinality="0" secured="false" attachability="Unrestricted" changeability="Changeable"
       detachability="Unrestricted" description=""/>
   <TcGRMRule primaryTypeName="Ng5_MMTransferRevision" secondaryTypeName="Ng5_MfgCNRevision"
       relationTypeName="CMImplements" conditionName="isTrue" primaryCardinality="-1"
       secondaryCardinality="-1" secured="false" attachability="Unrestricted" changeability="Changeable"
       detachability="Unrestricted" description=""/>
   <TcTypeDisplayRule hiddenTypeName="Ng5_MfgCN" accessorName="Plants.MaterialMaster.Internal"
       accessorType="Group" conditionName="isFalse" description=""/>
   <TcTypeDisplayRule hiddenTypeName="Ng5_MfgCN" accessorName="Organization" accessorType="Organization"
       conditionName="isTrue" description=""/>
   <TcTypeDisplayRule hiddenTypeName="Ng5_MfgPart" accessorName="dba" accessorType="Group"
       conditionName="isFalse" description=""/>
   <TcTypeDisplayRule hiddenTypeName="Ng5_MfgPart" accessorName="Plants.MaterialMaster.Internal"
       accessorType="Group" conditionName="isFalse" description=""/>
   <TcTypeDisplayRule hiddenTypeName="Ng5_MfgPart" accessorName="Organization" accessorType="Organization"
       conditionName="isTrue" description=""/>
   <TcExtension name="Ng5_BOMLine_cut_restrict" internal="false" cannedExtension="true"
       languageType="CPlusPlus" libraryName="libNg5Core" description="">
     <TcExtensionValidity parameter="TYPE:BOMLine:BOMLine_cut:1"/>
   </TcExtension>
   <TcExtension name="Ng5_BOMLine_move_restrict" internal="false" cannedExtension="true"
       languageType="CPlusPlus" libraryName="libNg5Core" description="">
     <TcExtensionValidity parameter="TYPE:BOMLine:fnd0bomline_move#tag_t$const,int$tag_t,*$tag_t,**:2"/>
   </TcExtension>
   <TcExtension name="Ng5_CheckCustomerPartNo" internal="false" cannedExtension="true"
       languageType="CPlusPlus" libraryName="libNg5Core" description="">
     <TcExtensionValidity parameter="TYPE:Ng5_MfgCNRevision:IMAN_save:1"/>
   </TcExtension>
   <TcExtension name="Ng5_MassUpdate_Validations" internal="false" cannedExtension="true"
       languageType="CPlusPlus" libraryName="libNg5Core" description="check start effectivity should be less than end effectivity">
     <TcExtensionValidity parameter="TYPE:Ng5_MassUpdateRevision:IMAN_save:1"/>
   </TcExtension>
   <TcExtension name="Ng5_MfgPart_IMAN_Save_PostAction" internal="false" cannedExtension="true"
       languageType="CPlusPlus" libraryName="libNg5Core" description="">
     <TcExtensionValidity parameter="TYPE:Ng5_MfgPart:IMAN_save:3"/>
   </TcExtension>
   <TcExtension name="Ng5_RestrictOnRelate" internal="false" cannedExtension="true"
       languageType="CPlusPlus" libraryName="libNg5Core" description="">
     <TcExtensionValidity parameter="TYPE:CMImplements:GRM_create:1"/>
   </TcExtension>
   <TcExtension name="Ng5_rHasEBOMItemPostActionn" internal="false" cannedExtension="true"
       languageType="CPlusPlus" libraryName="libNg5Core" description="">
     <TcExtensionValidity parameter="TYPE:Ng5_rHasEBOM:GRM_create:3"/>
   </TcExtension>
   <TcExtension name="Ng5_setEndItemAssemblyState" internal="false" cannedExtension="true"
       languageType="CPlusPlus" libraryName="libNg5Core" description="">
     <TcExtensionValidity parameter="PROPERTY:BOMLine:fnd0bl_is_mono_override:PROP_set_value_int:3"/>
   </TcExtension>
   <TcExtension name="Ng5_setOccurrenceEffectivity" internal="false" cannedExtension="true"
       languageType="CPlusPlus" libraryName="libNg5Core" description="">
     <TcExtensionValidity parameter="PROPERTY:BOMLine:bl_occ_effectivity:PROP_set_value_tags:3"/>
   </TcExtension>
   <TcExtensionAttach extensionName="Ng5_BOMLine_cut_restrict" operationName="BOMLine_cut"
       isActive="true" extendableElementName="BOMLine" extendableElementType="Type"
       extensionPointType="PreCondition" conditionName="Ng5_isMBOMUser" description=""/>
   <TcExtensionAttach extensionName="Ng5_BOMLine_move_restrict" operationName="fnd0bomline_move#tag_t$const,int$tag_t,*$tag_t,**"
       isActive="true" extendableElementName="BOMLine" extendableElementType="Type"
       extensionPointType="PreAction" conditionName="Ng5_isMBOMUser" description=""/>
   <TcExtensionAttach extensionName="Ng5_MassUpdate_Validations" operationName="IMAN_save"
       isActive="true" extendableElementName="Ng5_MassUpdateRevision" extendableElementType="Type"
       extensionPointType="PreCondition" conditionName="isTrue" description=""/>
   <TcExtensionAttach extensionName="Ng5_RestrictOnRelate" operationName="GRM_create"
       isActive="true" extendableElementName="CMImplements" extendableElementType="Type"
       extensionPointType="PreCondition" conditionName="Ng5_isMBOMUser" description=""/>
   <TcExtensionAttach extensionName="Ng5_rHasEBOMItemPostActionn" operationName="GRM_create"
       isActive="true" extendableElementName="Ng5_rHasEBOM" extendableElementType="Type"
       extensionPointType="PostAction" conditionName="isTrue" description=""/>
   <TcExtensionAttach extensionName="Ng5_setEndItemAssemblyState" operationName="PROP_set_value_int"
       isActive="true" propertyName="fnd0bl_is_mono_override" extendableElementName="BOMLine"
       extendableElementType="Type" extensionPointType="PostAction" conditionName="isTrue"
       description=""/>
   <TcExtensionAttach extensionName="Ng5_setOccurrenceEffectivity" operationName="PROP_set_value_tags"
       isActive="true" propertyName="bl_occ_effectivity" extendableElementName="BOMLine"
       extendableElementType="Type" extensionPointType="PostAction" conditionName="isTrue"
       description=""/>
   <TcNamingRule name="Ng5_Limit12Char">
     <TcPattern generateCounters="false" patternString="%^[A-Za-z0-9_ %*\-/,.#`&quot;\n&quot;&quot;\r&quot;&quot;\\&quot;&quot;|&quot;&quot;(&quot;&quot;?&quot;&quot;)&quot;&quot;{&quot;&quot;}&quot;&quot;=&quot;&quot;\]&quot;&quot;\[&quot;&quot;&lt;&quot;&quot;^&quot;&quot;&gt;&quot;&quot;@&quot;&quot;$&quot;&quot;&amp;&quot;&quot;!&quot;&quot;;&quot;&quot;:&quot;&quot;~&quot;&quot;+&quot; &quot;]{0,12}$"
          description="Used for Reference Attribute"/>
   </TcNamingRule>
   <TcNamingRule name="Ng5_Limit17Char">
     <TcPattern generateCounters="false" patternString="%^[A-Za-z0-9_,.%*]{0,17}$"/>
   </TcNamingRule>
   <TcNamingRule name="Ng5_Remarks_Limit24">
     <TcPattern generateCounters="false" patternString="%^[A-Za-z0-9_ %*\-/,.#`&quot;\n&quot;&quot;\r&quot;&quot;\\&quot;&quot;|&quot;&quot;(&quot;&quot;?&quot;&quot;)&quot;&quot;{&quot;&quot;}&quot;&quot;=&quot;&quot;\]&quot;&quot;\[&quot;&quot;&lt;&quot;&quot;^&quot;&quot;&gt;&quot;&quot;@&quot;&quot;$&quot;&quot;&amp;&quot;&quot;!&quot;&quot;;&quot;&quot;:&quot;&quot;~&quot;&quot;+&quot; &quot;]{0,24}$"
          description="Used for Remarks Attribute."/>
   </TcNamingRule>
   <TcRevNamingRule name="Ng5_MfgPart_RevID_NR" excludeSkipLetters="true">
     <TcInitRevDetails revisionType="Numeric" revisionStart="01" revisionDescription=""/>
   </TcRevNamingRule>
   <TcNamingRuleAttach ruleName="Ng5_Limit24Char" typeName="Ng5_MfgPart" propertyName="ng5_mfg_desc"
       case="Mix" conditionName="isTrue" override="false" ruleType="NamingRule" description=""/>
   <TcNamingRuleAttach ruleName="Ng5_Limit12Char" typeName="BOMLine" propertyName="Ng5_References"
       case="Mix" conditionName="isTrue" override="false" ruleType="NamingRule" description=""/>
   <TcNamingRuleAttach ruleName="Ng5_Remarks_Limit24" typeName="BOMLine" propertyName="Ng5_Remarks"
       case="Mix" conditionName="isTrue" override="false" ruleType="NamingRule" description=""/>
   <TcNamingRuleAttach ruleName="Ng5_MfgPart_RevID_NR" typeName="Ng5_MfgPart" propertyName="item_revision_id"
       case="Mix" conditionName="isTrue" override="false" ruleType="RevisionNamingRule"
       description=""/>
   <TcLOV name="Ng5_JitFlag_LOV" lovType="ListOfValuesString" usage="Exhaustive" description="Ng5_JitFlag_LOV having Yes value"
       isManagedExternally="true"/>
   <LOVDynamic name="Ng5_PopulatePlant_DLOV" description="" usage="Exhaustive" queryClause="SELECT qid FROM Group WHERE &quot;GroupMember&lt;-group.user.user_id&quot; = &quot;$USERID&quot; AND &quot;GroupMember&lt;-group.role.role_name&quot; = &quot;MBOM Analyst&quot; AND &quot;name&quot; = &quot;$GROUP&quot;"
       dataType="PROP_string" queryType="Group" lovValueAttribute="name" lovValueDescriptionAttribute="description"/>
   <TcLOV name="Ng5_Struture_LOV" lovType="ListOfValuesString" usage="Exhaustive"
       description="">
     <TcLOVValue value="X" description="" conditionName="isTrue"/>
     <TcLOVValue value="D" description="" conditionName="isTrue"/>
     <TcLOVValue value="P" description="" conditionName="isTrue"/>
     <TcLOVValue value="O" description="" conditionName="isTrue"/>
   </TcLOV>
   <TcLOV name="Ng5_Yes_LOV" lovType="ListOfValuesString" usage="Exhaustive" description="">
     <TcLOVValue value="Yes" description="" conditionName="isTrue"/>
   </TcLOV>
   <TcLOVAttach lovName="Ng5_JitFlag_LOV" typeName="Ng5_AbsItem">
     <TcLOVAttachPropertyInfo valuePropertyName="ng5_jit_flag" conditionName="isTrue"
          override="false" level="0"/>
   </TcLOVAttach>
   <TcLOVAttach lovName="Ng5_MakeBuy_LOV" typeName="Ng5_MfgPartRevision">
     <TcLOVAttachPropertyInfo valuePropertyName="ng5_make_buy" conditionName="isTrue"
          override="false" level="0"/>
   </TcLOVAttach>
   <TcLOVAttach lovName="Ng5_MfgPartPlantRevision_DLOV" typeName="Ng5_MfgCNRevision">
     <TcLOVAttachPropertyInfo valuePropertyName="ng5_plants" conditionName="isTrue"
          override="false" level="0"/>
   </TcLOVAttach>
   <TcLOVAttach lovName="Ng5_MfgPartPlantRevision_DLOV" typeName="Ng5_MfgCNRevision">
     <TcLOVAttachPropertyInfo valuePropertyName="ng5_plants" conditionName="Ng5_isDBAUser"
          override="false" level="0"/>
   </TcLOVAttach>
   <TcLOVAttach lovName="Ng5_MfgPartPlantRevision_DLOV" typeName="Ng5_MfgPartRevision">
     <TcLOVAttachPropertyInfo valuePropertyName="ng5_plants" conditionName="isTrue"
          override="false" level="0"/>
   </TcLOVAttach>
   <TcLOVAttach lovName="Ng5_MfgPartPlantRevision_DLOV" typeName="Ng5_MfgPartRevision">
     <TcLOVAttachPropertyInfo valuePropertyName="ng5_plants" conditionName="Ng5_isDBAUser"
          override="false" level="0"/>
   </TcLOVAttach>
   <TcLOVAttach lovName="Ng5_Mfg_YES_NO_LOV" typeName="Ng5_MfgCNRevision">
     <TcLOVAttachPropertyInfo valuePropertyName="ng5_reqcustpartno" conditionName="isTrue"
          override="false" level="1"/>
     <TcLOVAttachPropertyInfo valuePropertyName="ng5_customer" conditionName="isTrue"
          override="false" level="2" parentPropertyName="ng5_reqcustpartno"/>
   </TcLOVAttach>
   <TcLOVAttach lovName="Ng5_PopulatePlant_DLOV" typeName="Ng5_MfgCNRevision">
     <TcLOVAttachPropertyInfo valuePropertyName="ng5_plants" conditionName="Ng5_isNonDBAUser"
          override="false" level="0"/>
   </TcLOVAttach>
   <TcLOVAttach lovName="Ng5_PopulatePlant_DLOV" typeName="Ng5_MfgPartRevision">
     <TcLOVAttachPropertyInfo valuePropertyName="ng5_plants" conditionName="Ng5_isNonDBAUser"
          override="false" level="0"/>
   </TcLOVAttach>
   <TcLOVAttach lovName="Ng5_Struture_LOV" typeName="BOMLine">
     <TcLOVAttachPropertyInfo valuePropertyName="Ng5_Structure_Type" conditionName="isTrue"
          override="false" level="0"/>
   </TcLOVAttach>
   <TcLOVAttach lovName="Ng5_Struture_LOV" typeName="Ng5_MfgPartRevision">
     <TcLOVAttachPropertyInfo valuePropertyName="ng5_structure_type" conditionName="isTrue"
          override="false" level="0"/>
   </TcLOVAttach>
   <TcLOVAttach lovName="Ng5_YesNo_LOV" typeName="Ng5_MfgCNRevision">
     <TcLOVAttachPropertyInfo valuePropertyName="ng5_color_explosion_req" conditionName="isTrue"
          override="false" level="0"/>
   </TcLOVAttach>
   <TcLOVAttach lovName="Ng5_YesNo_LOV" typeName="Ng5_MfgPartRevision">
     <TcLOVAttachPropertyInfo valuePropertyName="ng5_cloning_bgrd" conditionName="isTrue"
          override="false" level="0"/>
   </TcLOVAttach>
   <TcLOVAttach lovName="Ng5_Yes_LOV" typeName="BOMLine">
     <TcLOVAttachPropertyInfo valuePropertyName="Ng5_Negative_Qty" conditionName="isTrue"
          override="false" level="0"/>
   </TcLOVAttach>
   <TcNoteType noteTypeName="Ng5_Negative_Qty" lovName="Ng5_Yes_LOV" description="Indicates -ve value sent to QAD"/>
   <TcNoteType noteTypeName="Ng5_References" description="References"/>
   <TcNoteType noteTypeName="Ng5_Remarks" description="Remarks"/>
   <TcNoteType noteTypeName="Ng5_Structure_Type" lovName="Ng5_Struture_LOV" description="Structure Type"/>
   <TcStatus statusName="Ng5_MBOMBaseline" description=""/>
   <VerificationRule functionality="Fnd0OccurrenceConditionValidation" typeName="Ng5_MfgPartRevision"
       context="isTrue" conditionName="Ng5_MfgPartRevision"/>
   <PropagationRule sourceType="Ng5_MfgPart" relRefPropName="revision_list" referenceType="ReferenceProperty"
       destinationType="*" operation="All" traversalCondition="isTrue" actionCondition="isTrue"
       propagationGroup="Security Group IV" direction="Forward" propagationStyle="Overwrite"
       background="false" secured="false"/>
</Add>
</TcBusinessData>
