<?xml version="1.0" encoding="UTF-8"?>
<TcBusinessData xmlns="http://teamcenter.com/BusinessModel/TcBusinessData" Date="">
<Add>
   <TcClass className="Ng5_rHasMigration" parentClassName="Ng5_rAbsRelation" isExportable="true"
       isUninstantiable="false" isUninheritable="false" description=""/>
   <OperationInputType typeName="Ng5_rHasMigrationCreI" parentTypeName="Ng5_rAbsRelationCreI"
       typeClassName="Ng5_rHasMigrationCreI" description="CreateInput object for &quot;Ng5_rHasMigration&quot; business object"
       isAbstract="false" artifactName="Ng5_rHasMigrationCreI"/>
   <OperationInputType typeName="Ng5_rHasMigrationSvAI" parentTypeName="Ng5_rAbsRelationSvAI"
       typeClassName="Ng5_rHasMigrationSvAI" description="SaveAsInput object for &quot;Ng5_rHasMigration&quot; business object"
       isAbstract="false" artifactName="Ng5_rHasMigrationSvAI"/>
   <TcStandardType typeName="Ng5_rHasMigration" parentTypeName="Ng5_rAbsRelation"
       typeClassName="Ng5_rHasMigration" description="" isAbstract="false" artifactName="Ng5_rHasMigration"/>
   <TcTypeConstantAttach constantName="CreateInput" typeName="Ng5_rHasMigration" value="Ng5_rHasMigrationCreI"/>
   <TcTypeConstantAttach constantName="SaveAsInput" typeName="Ng5_rHasMigration" value="Ng5_rHasMigrationSvAI"/>
   <TcPropertyConstantAttach constantName="Enabled" typeName="Ng5_AbsItem" propertyName="Ng5_rHasMigration"
       value="true"/>
   <TcPropertyConstantAttach constantName="Enabled" typeName="Ng5_DrawingRevision"
       propertyName="Ng5_rHasMigration" value="true"/>
   <TcPropertyConstantAttach constantName="Enabled" typeName="Ng5_NonEngDwgRevision"
       propertyName="Ng5_rHasMigration" value="true"/>
   <TcPropertyConstantAttach constantName="Enabled" typeName="Ng5_NonEngSupPrtRevision"
       propertyName="Ng5_rHasMigration" value="true"/>
   <TcPropertyConstantAttach constantName="Modifiable" typeName="Ng5_AbsItem" propertyName="Ng5_rHasMigration"
       value="Write"/>
   <TcPropertyConstantAttach constantName="Modifiable" typeName="Ng5_DrawingRevision"
       propertyName="Ng5_rHasMigration" value="Write"/>
   <TcPropertyConstantAttach constantName="Modifiable" typeName="Ng5_NonEngDwgRevision"
       propertyName="Ng5_rHasMigration" value="Write"/>
   <TcGRMRule primaryTypeName="Ng5_DrawingRevision" secondaryTypeName="Ng5_PartRevMigration"
       relationTypeName="Ng5_rHasMigration" conditionName="isTrue" primaryCardinality="1"
       secondaryCardinality="1" secured="false" attachability="Unrestricted" changeability="Changeable"
       detachability="Unrestricted" description=""/>
   <TcGRMRule primaryTypeName="Ng5_EngPart" secondaryTypeName="Ng5_PartMigration"
       relationTypeName="Ng5_rHasMigration" conditionName="isTrue" primaryCardinality="1"
       secondaryCardinality="1" secured="false" attachability="WriteAccessReq" changeability="Changeable"
       detachability="WriteAccessReq" description=""/>
   <TcGRMRule primaryTypeName="Ng5_EngPartRevision" secondaryTypeName="Ng5_PartRevMigration"
       relationTypeName="Ng5_rHasMigration" conditionName="isTrue" primaryCardinality="1"
       secondaryCardinality="1" secured="false" attachability="WriteAccessReq" changeability="Changeable"
       detachability="WriteAccessReq" description=""/>
   <TcGRMRule primaryTypeName="Ng5_NonEngDwgRevision" secondaryTypeName="Ng5_PartRevMigration"
       relationTypeName="Ng5_rHasMigration" conditionName="isTrue" primaryCardinality="-1"
       secondaryCardinality="-1" secured="false" attachability="Unrestricted" changeability="Changeable"
       detachability="Unrestricted" description=""/>
   <TcGRMRule primaryTypeName="Ng5_NonEngPart" secondaryTypeName="Ng5_PartMigration"
       relationTypeName="Ng5_rHasMigration" conditionName="isTrue" primaryCardinality="1"
       secondaryCardinality="1" secured="false" attachability="WriteAccessReq" changeability="Changeable"
       detachability="WriteAccessReq" description=""/>
   <TcGRMRule primaryTypeName="Ng5_NonEngSupPrtRevision" secondaryTypeName="Ng5_SupPartRevMigr"
       relationTypeName="Ng5_rHasMigration" conditionName="isTrue" primaryCardinality="1"
       secondaryCardinality="1" secured="false" attachability="Unrestricted" changeability="Changeable"
       detachability="Unrestricted" description=""/>
   <TcGRMRule primaryTypeName="Ng5_SupportPart" secondaryTypeName="Ng5_SupPartMigration"
       relationTypeName="Ng5_rHasMigration" conditionName="isTrue" primaryCardinality="1"
       secondaryCardinality="1" secured="false" attachability="WriteAccessReq" changeability="Changeable"
       detachability="WriteAccessReq" description=""/>
   <TcGRMRule primaryTypeName="Ng5_SupportPartRevision" secondaryTypeName="Ng5_SupPartRevMigr"
       relationTypeName="Ng5_rHasMigration" conditionName="isTrue" primaryCardinality="1"
       secondaryCardinality="1" secured="false" attachability="Unrestricted" changeability="Changeable"
       detachability="Unrestricted" description=""/>
</Add>
</TcBusinessData>
