<?xml version="1.0" encoding="UTF-8"?>
<TcBusinessData xmlns="http://teamcenter.com/BusinessModel/TcBusinessData" Date="">
<Add>
   <TcLOV name="Ng5_ASMBallCage_LOV" lovType="ListOfValuesString" usage="Exhaustive"
       description="" isManagedExternally="true"/>
   <TcLOV name="Ng5_ASMFan_LOV" lovType="ListOfValuesString" usage="Exhaustive" description=""
       isManagedExternally="true"/>
   <TcLOV name="Ng5_ASMFoamCushion_LOV" lovType="ListOfValuesString" usage="Exhaustive"
       description="" isManagedExternally="true"/>
   <TcLOV name="Ng5_ASMFoamHeadrest_LOV" lovType="ListOfValuesString" usage="Exhaustive"
       description="" isManagedExternally="true"/>
   <TcLOV name="Ng5_ASMFoam_LOV" lovType="ListOfValuesString" usage="Exhaustive" description=""
       isManagedExternally="true"/>
   <TcLOV name="Ng5_ASMHeatingMat_LOV" lovType="ListOfValuesString" usage="Exhaustive"
       description="" isManagedExternally="true"/>
   <TcLOV name="Ng5_ASMLock_LOV" lovType="ListOfValuesString" usage="Exhaustive" description=""
       isManagedExternally="true"/>
   <TcLOV name="Ng5_ASMLowerTrack_LOV" lovType="ListOfValuesString" usage="Exhaustive"
       description="" isManagedExternally="true"/>
   <TcLOV name="Ng5_ASMLumbarSupport_LOV" lovType="ListOfValuesString" usage="Exhaustive"
       description="" isManagedExternally="true"/>
   <TcLOV name="Ng5_ASMMassage_LOV" lovType="ListOfValuesString" usage="Exhaustive"
       description="" isManagedExternally="true"/>
   <TcLOV name="Ng5_ASMMiddleTrack_LOV" lovType="ListOfValuesString" usage="Exhaustive"
       description="" isManagedExternally="true"/>
   <TcLOV name="Ng5_ASMPinion_LOV" lovType="ListOfValuesString" usage="Exhaustive"
       description="" isManagedExternally="true"/>
   <TcLOV name="Ng5_ASMPullstrapFoam_LOV" lovType="ListOfValuesString" usage="Exhaustive"
       description="" isManagedExternally="true"/>
   <TcLOV name="Ng5_ASMSeatBeltAnchor_LOV" lovType="ListOfValuesString" usage="Exhaustive"
       description="" isManagedExternally="true"/>
   <TcLOV name="Ng5_ASMSensor_LOV" lovType="ListOfValuesString" usage="Exhaustive"
       description="" isManagedExternally="true"/>
   <TcLOV name="Ng5_ASMSuspnsnPlasticSpring_LOV" lovType="ListOfValuesString" usage="Exhaustive"
       description="" isManagedExternally="true"/>
   <TcLOV name="Ng5_ASMToothSegment_LOV" lovType="ListOfValuesString" usage="Exhaustive"
       description="" isManagedExternally="true"/>
   <TcLOV name="Ng5_ASMUpperTrack_LOV" lovType="ListOfValuesString" usage="Exhaustive"
       description="" isManagedExternally="true"/>
   <TcLOV name="Ng5_ASMValveUnitLumbarMsg_LOV" lovType="ListOfValuesString" usage="Exhaustive"
       description="" isManagedExternally="true"/>
   <TcLOV name="Ng5_Accesories_LOV" lovType="ListOfValuesString" usage="Exhaustive"
       description="" isManagedExternally="true"/>
   <TcLOV name="Ng5_AdapterVersions_LOV" lovType="ListOfValuesString" usage="Exhaustive"
       description="" isManagedExternally="true"/>
   <TcLOV name="Ng5_Adhesive_LOV" lovType="ListOfValuesString" usage="Exhaustive"
       description="" isManagedExternally="true"/>
   <TcLOV name="Ng5_AdjustmentMechanism_LOV" lovType="ListOfValuesString" usage="Exhaustive"
       description="" isManagedExternally="true"/>
   <TcLOV name="Ng5_AirVentDucts_LOV" lovType="ListOfValuesString" usage="Exhaustive"
       description="" isManagedExternally="true"/>
   <TcLOV name="Ng5_AirbagFurniture_LOV" lovType="ListOfValuesString" usage="Exhaustive"
       description="" isManagedExternally="true"/>
   <TcLOV name="Ng5_AirbagParts_LOV" lovType="ListOfValuesString" usage="Exhaustive"
       description="" isManagedExternally="true"/>
   <TcLOV name="Ng5_Airbag_LOV" lovType="ListOfValuesString" usage="Exhaustive" description=""
       isManagedExternally="true"/>
   <TcLOV name="Ng5_AngleSensor_LOV" lovType="ListOfValuesString" usage="Exhaustive"
       description="" isManagedExternally="true"/>
   <TcLOV name="Ng5_Antenna_LOV" lovType="ListOfValuesString" usage="Exhaustive" description=""
       isManagedExternally="true"/>
   <TcLOV name="Ng5_AntiSqueakBag_LOV" lovType="ListOfValuesString" usage="Exhaustive"
       description="" isManagedExternally="true"/>
   <TcLOV name="Ng5_ArmrestAsy_LOV" lovType="ListOfValuesString" usage="Exhaustive"
       description="" isManagedExternally="true"/>
   <TcLOV name="Ng5_ArmrestTrim_LOV" lovType="ListOfValuesString" usage="Exhaustive"
       description="" isManagedExternally="true"/>
   <TcLOV name="Ng5_Armrest_LOV" lovType="ListOfValuesString" usage="Exhaustive" description=""
       isManagedExternally="true"/>
   <TcLOV name="Ng5_Armrests_LOV" lovType="ListOfValuesString" usage="Exhaustive"
       description="" isManagedExternally="true"/>
   <TcLOV name="Ng5_AssemblyBackframe_LOV" lovType="ListOfValuesString" usage="Exhaustive"
       description="" isManagedExternally="true"/>
   <TcLOV name="Ng5_Assembly_LOV" lovType="ListOfValuesString" usage="Exhaustive"
       description="" isManagedExternally="true"/>
   <TcLOV name="Ng5_Aviation_LOV" lovType="ListOfValuesString" usage="Exhaustive"
       description="" isManagedExternally="true"/>
   <TcLOV name="Ng5_BSRPrevention_LOV" lovType="ListOfValuesString" usage="Exhaustive"
       description="" isManagedExternally="true"/>
   <TcLOV name="Ng5_BackFrames_LOV" lovType="ListOfValuesString" usage="Exhaustive"
       description="" isManagedExternally="true"/>
   <TcLOV name="Ng5_BackShell_LOV" lovType="ListOfValuesString" usage="Exhaustive"
       description="" isManagedExternally="true"/>
   <TcLOV name="Ng5_Backframe_LOV" lovType="ListOfValuesString" usage="Exhaustive"
       description="" isManagedExternally="true"/>
   <TcLOV name="Ng5_Backlit_LOV" lovType="ListOfValuesString" usage="Exhaustive" description=""
       isManagedExternally="true"/>
   <TcLOV name="Ng5_BackrestAdjSys_LOV" lovType="ListOfValuesString" usage="Exhaustive"
       description="" isManagedExternally="true"/>
   <TcLOV name="Ng5_BackrestSupport_LOV" lovType="ListOfValuesString" usage="Exhaustive"
       description="" isManagedExternally="true"/>
   <TcLOV name="Ng5_Backrest_LOV" lovType="ListOfValuesString" usage="Exhaustive"
       description="" isManagedExternally="true"/>
   <TcLOV name="Ng5_BallEndStops_LOV" lovType="ListOfValuesString" usage="Exhaustive"
       description="" isManagedExternally="true"/>
   <TcLOV name="Ng5_Baseframe_LOV" lovType="ListOfValuesString" usage="Exhaustive"
       description="" isManagedExternally="true"/>
   <TcLOV name="Ng5_Beam_LOV" lovType="ListOfValuesString" usage="Exhaustive" description=""
       isManagedExternally="true"/>
   <TcLOV name="Ng5_Bearings_LOV" lovType="ListOfValuesString" usage="Exhaustive"
       description="" isManagedExternally="true"/>
   <TcLOV name="Ng5_BeltGuids_LOV" lovType="ListOfValuesString" usage="Exhaustive"
       description="" isManagedExternally="true"/>
   <TcLOV name="Ng5_BezelOrSleeves_LOV" lovType="ListOfValuesString" usage="Exhaustive"
       description="" isManagedExternally="true"/>
   <TcLOV name="Ng5_Bezels_LOV" lovType="ListOfValuesString" usage="Exhaustive" description=""
       isManagedExternally="true"/>
   <TcLOV name="Ng5_Blanks_LOV" lovType="ListOfValuesString" usage="Exhaustive" description=""
       isManagedExternally="true"/>
   <TcLOV name="Ng5_Bolts_LOV" lovType="ListOfValuesString" usage="Exhaustive" description=""
       isManagedExternally="true"/>
   <TcLOV name="Ng5_Booster_LOV" lovType="ListOfValuesString" usage="Exhaustive" description=""
       isManagedExternally="true"/>
   <TcLOV name="Ng5_BowdenCableAssembly_LOV" lovType="ListOfValuesString" usage="Exhaustive"
       description="" isManagedExternally="true"/>
   <TcLOV name="Ng5_BowdenCable_LOV" lovType="ListOfValuesString" usage="Exhaustive"
       description="" isManagedExternally="true"/>
   <TcLOV name="Ng5_BowdenCables_LOV" lovType="ListOfValuesString" usage="Exhaustive"
       description="" isManagedExternally="true"/>
   <TcLOV name="Ng5_Brackets_LOV" lovType="ListOfValuesString" usage="Exhaustive"
       description="" isManagedExternally="true"/>
   <TcLOV name="Ng5_Brakes_LOV" lovType="ListOfValuesString" usage="Exhaustive" description=""
       isManagedExternally="true"/>
   <TcLOV name="Ng5_Bushings_LOV" lovType="ListOfValuesString" usage="Exhaustive"
       description="" isManagedExternally="true"/>
   <TcLOV name="Ng5_CADEnv_LOV" lovType="ListOfValuesString" usage="Suggestive" description=""
       isManagedExternally="true"/>
   <TcLOV name="Ng5_CADNames_LOV" lovType="ListOfValuesString" usage="Exhaustive"
       description="" isManagedExternally="true"/>
   <TcLOV name="Ng5_CMREF_LOV" lovType="ListOfValuesString" usage="Exhaustive" description=""
       isManagedExternally="true"/>
   <TcLOV name="Ng5_CableEndFittings_LOV" lovType="ListOfValuesString" usage="Exhaustive"
       description="" isManagedExternally="true"/>
   <TcLOV name="Ng5_CableTies_LOV" lovType="ListOfValuesString" usage="Exhaustive"
       description="" isManagedExternally="true"/>
   <TcLOV name="Ng5_Cages_LOV" lovType="ListOfValuesString" usage="Exhaustive" description=""
       isManagedExternally="true"/>
   <TcLOV name="Ng5_Cams_LOV" lovType="ListOfValuesString" usage="Exhaustive" description=""
       isManagedExternally="true"/>
   <TcLOV name="Ng5_CapsPlastics_LOV" lovType="ListOfValuesString" usage="Exhaustive"
       description="" isManagedExternally="true"/>
   <TcLOV name="Ng5_Caps_LOV" lovType="ListOfValuesString" usage="Exhaustive" description=""
       isManagedExternally="true"/>
   <TcLOV name="Ng5_Carriers_LOV" lovType="ListOfValuesString" usage="Exhaustive"
       description="" isManagedExternally="true"/>
   <TcLOV name="Ng5_ChemicalsAndFinishes_LOV" lovType="ListOfValuesString" usage="Exhaustive"
       description="" isManagedExternally="true"/>
   <TcLOV name="Ng5_ChemicalsFnshesLubricant_LOV" lovType="ListOfValuesString" usage="Exhaustive"
       description="" isManagedExternally="true"/>
   <TcLOV name="Ng5_ClampRollAdj_LOV" lovType="ListOfValuesString" usage="Exhaustive"
       description="" isManagedExternally="true"/>
   <TcLOV name="Ng5_ClipComponents_LOV" lovType="ListOfValuesString" usage="Exhaustive"
       description="" isManagedExternally="true"/>
   <TcLOV name="Ng5_Clips_LOV" lovType="ListOfValuesString" usage="Exhaustive" description=""
       isManagedExternally="true"/>
   <TcLOV name="Ng5_CockpitParts_LOV" lovType="ListOfValuesString" usage="Exhaustive"
       description="" isManagedExternally="true"/>
   <TcLOV name="Ng5_CompleteSeatKit_LOV" lovType="ListOfValuesString" usage="Exhaustive"
       description="" isManagedExternally="true"/>
   <TcLOV name="Ng5_CompleteSeat_LOV" lovType="ListOfValuesString" usage="Exhaustive"
       description="" isManagedExternally="true"/>
   <TcLOV name="Ng5_ComponentsBowdenCables_LOV" lovType="ListOfValuesString" usage="Exhaustive"
       description="" isManagedExternally="true"/>
   <TcLOV name="Ng5_Components_LOV" lovType="ListOfValuesString" usage="Exhaustive"
       description="" isManagedExternally="true"/>
   <TcLOV name="Ng5_Composite_LOV" lovType="ListOfValuesString" usage="Exhaustive"
       description="" isManagedExternally="true"/>
   <TcLOV name="Ng5_Concentrates_LOV" lovType="ListOfValuesString" usage="Exhaustive"
       description="" isManagedExternally="true"/>
   <TcLOV name="Ng5_ConduitEndFittngs_LOV" lovType="ListOfValuesString" usage="Exhaustive"
       description="" isManagedExternally="true"/>
   <TcLOV name="Ng5_ConsoleAssembly_LOV" lovType="ListOfValuesString" usage="Exhaustive"
       description="" isManagedExternally="true"/>
   <TcLOV name="Ng5_ConsoleBaseAsy_LOV" lovType="ListOfValuesString" usage="Exhaustive"
       description="" isManagedExternally="true"/>
   <TcLOV name="Ng5_ConsoleBaseOptions_LOV" lovType="ListOfValuesString" usage="Exhaustive"
       description="" isManagedExternally="true"/>
   <TcLOV name="Ng5_CoolingSystem_LOV" lovType="ListOfValuesString" usage="Exhaustive"
       description="" isManagedExternally="true"/>
   <TcLOV name="Ng5_CoverStrCol_LOV" lovType="ListOfValuesString" usage="Exhaustive"
       description="" isManagedExternally="true"/>
   <TcLOV name="Ng5_Cover_LOV" lovType="ListOfValuesString" usage="Exhaustive" description=""
       isManagedExternally="true"/>
   <TcLOV name="Ng5_Covers_LOV" lovType="ListOfValuesString" usage="Exhaustive" description=""
       isManagedExternally="true"/>
   <TcLOV name="Ng5_CrossCar_LOV" lovType="ListOfValuesString" usage="Exhaustive"
       description="" isManagedExternally="true"/>
   <TcLOV name="Ng5_CupHolderOptions_LOV" lovType="ListOfValuesString" usage="Exhaustive"
       description="" isManagedExternally="true"/>
   <TcLOV name="Ng5_CupholderAsy_LOV" lovType="ListOfValuesString" usage="Exhaustive"
       description="" isManagedExternally="true"/>
   <TcLOV name="Ng5_CushionLengthAdjust_LOV" lovType="ListOfValuesString" usage="Exhaustive"
       description="" isManagedExternally="true"/>
   <TcLOV name="Ng5_CushionPans_LOV" lovType="ListOfValuesString" usage="Exhaustive"
       description="" isManagedExternally="true"/>
   <TcLOV name="Ng5_CushionSupport_LOV" lovType="ListOfValuesString" usage="Exhaustive"
       description="" isManagedExternally="true"/>
   <TcLOV name="Ng5_Cushion_LOV" lovType="ListOfValuesString" usage="Exhaustive" description=""
       isManagedExternally="true"/>
   <LOVDynamic name="Ng5_Customer_DLOV" description="Dynamic LOV for Customer Objects"
       usage="Exhaustive" queryClause="SELECT qid FROM Ng5_CustomerRevision WHERE &quot;ng5_complexobjstring&quot; LIKE &quot;*&quot; AND &quot;active_seq&quot; != &quot;0&quot;"
       dataType="PROP_string" queryType="Ng5_CustomerRevision" lovValueAttribute="object_name"
       lovValueDescriptionAttribute=""/>
   <TcLOV name="Ng5_Customer_Group_LOV" lovType="ListOfValuesString" usage="Exhaustive"
       description="Program Management LOV" isManagedExternally="true"/>
   <TcLOV name="Ng5_Customer_Group_Rgn_LOV" lovType="ListOfValuesString" usage="Exhaustive"
       description="Ng5_Customer_Group_Region_LOV" isManagedExternally="true"/>
   <LOVDynamic name="Ng5_Customer_OEM_DLOV" description="" usage="Suggestive" queryClause="SELECT qid FROM Ng5_CustomerRevision WHERE &quot;ng5_complexobjstring&quot; LIKE &quot;*&quot; AND &quot;active_seq&quot; != &quot;0&quot;"
       dataType="PROP_string" queryType="Ng5_CustomerRevision" lovValueAttribute="object_name"
       lovValueDescriptionAttribute=""/>
   <TcLOV name="Ng5_DC_SameAs_OEM_LOV" lovType="ListOfValuesString" usage="Exhaustive"
       description="Program Management LOVs" isManagedExternally="true"/>
   <TcLOV name="Ng5_DirectCustomerName_LOV" lovType="ListOfValuesString" usage="Exhaustive"
       description="Program Management LOVs" isManagedExternally="true"/>
   <TcLOV name="Ng5_DPDoorPanelTrunk_LOV" lovType="ListOfValuesString" usage="Exhaustive"
       description="" isManagedExternally="true"/>
   <TcLOV name="Ng5_DPFDSADChannel_LOV" lovType="ListOfValuesString" usage="Exhaustive"
       description="" isManagedExternally="true"/>
   <TcLOV name="Ng5_DPFDSAccessories_LOV" lovType="ListOfValuesString" usage="Exhaustive"
       description="" isManagedExternally="true"/>
   <TcLOV name="Ng5_DPFDSAirDistribution_LOV" lovType="ListOfValuesString" usage="Exhaustive"
       description="" isManagedExternally="true"/>
   <TcLOV name="Ng5_DPFDSArmrestDP_LOV" lovType="ListOfValuesString" usage="Exhaustive"
       description="" isManagedExternally="true"/>
   <TcLOV name="Ng5_DPFDSAshtray_LOV" lovType="ListOfValuesString" usage="Exhaustive"
       description="" isManagedExternally="true"/>
   <TcLOV name="Ng5_DPFDSAshtryLatch_LOV" lovType="ListOfValuesString" usage="Exhaustive"
       description="" isManagedExternally="true"/>
   <TcLOV name="Ng5_DPFDSAshtryLcLid_LOV" lovType="ListOfValuesString" usage="Exhaustive"
       description="" isManagedExternally="true"/>
   <TcLOV name="Ng5_DPFDSAsmStripBelt_LOV" lovType="ListOfValuesString" usage="Exhaustive"
       description="" isManagedExternally="true"/>
   <TcLOV name="Ng5_DPFDSCrashPad_LOV" lovType="ListOfValuesString" usage="Exhaustive"
       description="" isManagedExternally="true"/>
   <TcLOV name="Ng5_DPFDSDPCovering_LOV" lovType="ListOfValuesString" usage="Exhaustive"
       description="" isManagedExternally="true"/>
   <TcLOV name="Ng5_DPFDSDecorativeTrim_LOV" lovType="ListOfValuesString" usage="Exhaustive"
       description="" isManagedExternally="true"/>
   <TcLOV name="Ng5_DPFDSDoorReleaseHndl_LOV" lovType="ListOfValuesString" usage="Exhaustive"
       description="" isManagedExternally="true"/>
   <TcLOV name="Ng5_DPFDSIAPad_LOV" lovType="ListOfValuesString" usage="Exhaustive"
       description="" isManagedExternally="true"/>
   <TcLOV name="Ng5_DPFDSInsertDP_LOV" lovType="ListOfValuesString" usage="Exhaustive"
       description="" isManagedExternally="true"/>
   <TcLOV name="Ng5_DPFDSLighting_LOV" lovType="ListOfValuesString" usage="Exhaustive"
       description="" isManagedExternally="true"/>
   <TcLOV name="Ng5_DPFDSMMLidLatch_LOV" lovType="ListOfValuesString" usage="Exhaustive"
       description="" isManagedExternally="true"/>
   <TcLOV name="Ng5_DPFDSMMPLidLatch_LOV" lovType="ListOfValuesString" usage="Exhaustive"
       description="" isManagedExternally="true"/>
   <TcLOV name="Ng5_DPFDSMPMMPLid_LOV" lovType="ListOfValuesString" usage="Exhaustive"
       description="" isManagedExternally="true"/>
   <TcLOV name="Ng5_DPFDSMainCarrier_LOV" lovType="ListOfValuesString" usage="Exhaustive"
       description="" isManagedExternally="true"/>
   <TcLOV name="Ng5_DPFDSMapPocket_LOV" lovType="ListOfValuesString" usage="Exhaustive"
       description="" isManagedExternally="true"/>
   <TcLOV name="Ng5_DPFDSModularMapPocket_LOV" lovType="ListOfValuesString" usage="Exhaustive"
       description="" isManagedExternally="true"/>
   <TcLOV name="Ng5_DPFDSNotMMPAshtryTC_LOV" lovType="ListOfValuesString" usage="Exhaustive"
       description="" isManagedExternally="true"/>
   <TcLOV name="Ng5_DPFDSNotMP_LOV" lovType="ListOfValuesString" usage="Exhaustive"
       description="" isManagedExternally="true"/>
   <TcLOV name="Ng5_DPFDSSpeakerGrill_LOV" lovType="ListOfValuesString" usage="Exhaustive"
       description="" isManagedExternally="true"/>
   <TcLOV name="Ng5_DPFDSStorage_LOV" lovType="ListOfValuesString" usage="Exhaustive"
       description="" isManagedExternally="true"/>
   <TcLOV name="Ng5_DPFDSSwitchPanel_LOV" lovType="ListOfValuesString" usage="Exhaustive"
       description="" isManagedExternally="true"/>
   <TcLOV name="Ng5_DPFDSTopCapUpper_LOV" lovType="ListOfValuesString" usage="Exhaustive"
       description="" isManagedExternally="true"/>
   <TcLOV name="Ng5_DPFPSADAD_LOV" lovType="ListOfValuesString" usage="Exhaustive"
       description="" isManagedExternally="true"/>
   <TcLOV name="Ng5_DPFPSAirVent_LOV" lovType="ListOfValuesString" usage="Exhaustive"
       description="" isManagedExternally="true"/>
   <TcLOV name="Ng5_DPFPSCoveringCover_LOV" lovType="ListOfValuesString" usage="Exhaustive"
       description="" isManagedExternally="true"/>
   <TcLOV name="Ng5_DPFPSDecorativeCover_LOV" lovType="ListOfValuesString" usage="Exhaustive"
       description="" isManagedExternally="true"/>
   <TcLOV name="Ng5_DPFPSLTRFT_LOV" lovType="ListOfValuesString" usage="Exhaustive"
       description="" isManagedExternally="true"/>
   <TcLOV name="Ng5_DPFPSLightLens_LOV" lovType="ListOfValuesString" usage="Exhaustive"
       description="" isManagedExternally="true"/>
   <TcLOV name="Ng5_DPFPSNotMMPSTRLTH_LOV" lovType="ListOfValuesString" usage="Exhaustive"
       description="" isManagedExternally="true"/>
   <TcLOV name="Ng5_DPFPSNotMMPSTRLid_LOV" lovType="ListOfValuesString" usage="Exhaustive"
       description="" isManagedExternally="true"/>
   <TcLOV name="Ng5_DPFPSNotMMPSTRTC_LOV" lovType="ListOfValuesString" usage="Exhaustive"
       description="" isManagedExternally="true"/>
   <TcLOV name="Ng5_DPFtDriverSide_LOV" lovType="ListOfValuesString" usage="Exhaustive"
       description="" isManagedExternally="true"/>
   <TcLOV name="Ng5_DPTLCLTH_LOV" lovType="ListOfValuesString" usage="Exhaustive"
       description="" isManagedExternally="true"/>
   <TcLOV name="Ng5_DPTLCLid_LOV" lovType="ListOfValuesString" usage="Exhaustive"
       description="" isManagedExternally="true"/>
   <TcLOV name="Ng5_DPTLCRFT_LOV" lovType="ListOfValuesString" usage="Exhaustive"
       description="" isManagedExternally="true"/>
   <TcLOV name="Ng5_DPTLCTC_LOV" lovType="ListOfValuesString" usage="Exhaustive" description=""
       isManagedExternally="true"/>
   <TcLOV name="Ng5_DPTLCoverLight_LOV" lovType="ListOfValuesString" usage="Exhaustive"
       description="" isManagedExternally="true"/>
   <TcLOV name="Ng5_DPTLCoverStorage_LOV" lovType="ListOfValuesString" usage="Exhaustive"
       description="" isManagedExternally="true"/>
   <TcLOV name="Ng5_DPTLowerCover_LOV" lovType="ListOfValuesString" usage="Exhaustive"
       description="" isManagedExternally="true"/>
   <TcLOV name="Ng5_Dampers_LOV" lovType="ListOfValuesString" usage="Exhaustive" description=""
       isManagedExternally="true"/>
   <TcLOV name="Ng5_DecoTrimBezel_LOV" lovType="ListOfValuesString" usage="Exhaustive"
       description="" isManagedExternally="true"/>
   <TcLOV name="Ng5_DecorativeTrim_LOV" lovType="ListOfValuesString" usage="Exhaustive"
       description="" isManagedExternally="true"/>
   <TcLOV name="Ng5_DesignInput_LOV" lovType="ListOfValuesString" usage="Exhaustive"
       description="" isManagedExternally="true"/>
   <TcLOV name="Ng5_DesignRequired_LOV" lovType="ListOfValuesString" usage="Exhaustive"
       description="This attribute mentions if design revision requires a 3D model attached"
       isManagedExternally="true"/>
   <TcLOV name="Ng5_DesignTypeSupport_LOV" lovType="ListOfValuesString" usage="Suggestive"
       description="" isManagedExternally="true"/>
   <TcLOV name="Ng5_DesignType_LOV" lovType="ListOfValuesString" usage="Exhaustive"
       description="" isManagedExternally="true"/>
   <TcLOV name="Ng5_DocumentType_LOV" lovType="ListOfValuesString" usage="Exhaustive"
       description="Document Types" isManagedExternally="true"/>
   <TcLOV name="Ng5_DoorPanel_LOV" lovType="ListOfValuesString" usage="Exhaustive"
       description="" isManagedExternally="true"/>
   <TcLOV name="Ng5_DrawingType_LOV" lovType="ListOfValuesString" usage="Exhaustive"
       description="" isManagedExternally="true"/>
   <TcLOV name="Ng5_DripShieldFurniture_LOV" lovType="ListOfValuesString" usage="Exhaustive"
       description="" isManagedExternally="true"/>
   <TcLOV name="Ng5_DriveConfiguration_LOV" lovType="ListOfValuesString" usage="Exhaustive"
       description="" isManagedExternally="true"/>
   <TcLOV name="Ng5_DriveTrain_LOV" lovType="ListOfValuesString" usage="Exhaustive"
       description="" isManagedExternally="true"/>
   <TcLOV name="Ng5_Drives_LOV" lovType="ListOfValuesString" usage="Exhaustive" description=""
       isManagedExternally="true"/>
   <TcLOV name="Ng5_Ducts_LOV" lovType="ListOfValuesString" usage="Exhaustive" description=""
       isManagedExternally="true"/>
   <TcLOV name="Ng5_EPP_LOV" lovType="ListOfValuesString" usage="Exhaustive" description=""
       isManagedExternally="true"/>
   <TcLOV name="Ng5_EasyEntrys_LOV" lovType="ListOfValuesString" usage="Exhaustive"
       description="" isManagedExternally="true"/>
   <TcLOV name="Ng5_ElectricalAviation_LOV" lovType="ListOfValuesString" usage="Exhaustive"
       description="" isManagedExternally="true"/>
   <TcLOV name="Ng5_Electrical_LOV" lovType="ListOfValuesString" usage="Exhaustive"
       description="" isManagedExternally="true"/>
   <TcLOV name="Ng5_EndCapAsy_LOV" lovType="ListOfValuesString" usage="Exhaustive"
       description="" isManagedExternally="true"/>
   <TcLOV name="Ng5_EndCapOptions_LOV" lovType="ListOfValuesString" usage="Exhaustive"
       description="" isManagedExternally="true"/>
   <TcLOV name="Ng5_EndStops_LOV" lovType="ListOfValuesString" usage="Exhaustive"
       description="" isManagedExternally="true"/>
   <TcLOV name="Ng5_Extension_LOV" lovType="ListOfValuesString" usage="Exhaustive"
       description="" isManagedExternally="true"/>
   <TcLOV name="Ng5_FASeatAdjuster_LOV" lovType="ListOfValuesString" usage="Exhaustive"
       description="" isManagedExternally="true"/>
   <TcLOV name="Ng5_Fabric_LOV" lovType="ListOfValuesString" usage="Exhaustive" description="Fabric LOV"
       isManagedExternally="true"/>
   <TcLOV name="Ng5_Fasteners_LOV" lovType="ListOfValuesString" usage="Exhaustive"
       description="" isManagedExternally="true"/>
   <TcLOV name="Ng5_Felts_LOV" lovType="ListOfValuesString" usage="Exhaustive" description=""
       isManagedExternally="true"/>
   <TcLOV name="Ng5_FitUpAids_LOV" lovType="ListOfValuesString" usage="Exhaustive"
       description="" isManagedExternally="true"/>
   <TcLOV name="Ng5_FixationUpholstery_LOV" lovType="ListOfValuesString" usage="Exhaustive"
       description="" isManagedExternally="true"/>
   <TcLOV name="Ng5_Fixation_LOV" lovType="ListOfValuesString" usage="Exhaustive"
       description="" isManagedExternally="true"/>
   <TcLOV name="Ng5_Flaps_LOV" lovType="ListOfValuesString" usage="Exhaustive" description=""
       isManagedExternally="true"/>
   <TcLOV name="Ng5_Floorconsole_LOV" lovType="ListOfValuesString" usage="Exhaustive"
       description="" isManagedExternally="true"/>
   <TcLOV name="Ng5_FoamHeadrest_LOV" lovType="ListOfValuesString" usage="Exhaustive"
       description="" isManagedExternally="true"/>
   <TcLOV name="Ng5_FoamSupport_LOV" lovType="ListOfValuesString" usage="Exhaustive"
       description="" isManagedExternally="true"/>
   <TcLOV name="Ng5_FoamUpholstery_LOV" lovType="ListOfValuesString" usage="Exhaustive"
       description="" isManagedExternally="true"/>
   <TcLOV name="Ng5_Foam_LOV" lovType="ListOfValuesString" usage="Exhaustive" description=""
       isManagedExternally="true"/>
   <TcLOV name="Ng5_Footrest_LOV" lovType="ListOfValuesString" usage="Exhaustive"
       description="" isManagedExternally="true"/>
   <TcLOV name="Ng5_Footwell_LOV" lovType="ListOfValuesString" usage="Exhaustive"
       description="" isManagedExternally="true"/>
   <TcLOV name="Ng5_ForeAft_LOV" lovType="ListOfValuesString" usage="Exhaustive" description=""
       isManagedExternally="true"/>
   <TcLOV name="Ng5_FrontSeat40CushionASM_LOV" lovType="ListOfValuesString" usage="Exhaustive"
       description="" isManagedExternally="true"/>
   <TcLOV name="Ng5_FrontSeatBenchCushion_LOV" lovType="ListOfValuesString" usage="Exhaustive"
       description="" isManagedExternally="true"/>
   <TcLOV name="Ng5_FrontSeatBkASMAdjHeadrst_LOV" lovType="ListOfValuesString" usage="Exhaustive"
       description="" isManagedExternally="true"/>
   <TcLOV name="Ng5_FrontSeatBkASMIntHeadrst_LOV" lovType="ListOfValuesString" usage="Exhaustive"
       description="" isManagedExternally="true"/>
   <TcLOV name="Ng5_FunctionalParts_LOV" lovType="ListOfValuesString" usage="Exhaustive"
       description="" isManagedExternally="true"/>
   <TcLOV name="Ng5_Furniture_LOV" lovType="ListOfValuesString" usage="Exhaustive"
       description="" isManagedExternally="true"/>
   <TcLOV name="Ng5_GapFillerOrSupportBun_LOV" lovType="ListOfValuesString" usage="Exhaustive"
       description="" isManagedExternally="true"/>
   <TcLOV name="Ng5_GearParts_LOV" lovType="ListOfValuesString" usage="Exhaustive"
       description="" isManagedExternally="true"/>
   <TcLOV name="Ng5_Gliders_LOV" lovType="ListOfValuesString" usage="Exhaustive" description=""
       isManagedExternally="true"/>
   <TcLOV name="Ng5_GloveboxMechanics_LOV" lovType="ListOfValuesString" usage="Exhaustive"
       description="" isManagedExternally="true"/>
   <TcLOV name="Ng5_Glovebox_LOV" lovType="ListOfValuesString" usage="Exhaustive"
       description="" isManagedExternally="true"/>
   <TcLOV name="Ng5_Glue_LOV" lovType="ListOfValuesString" usage="Exhaustive" description=""
       isManagedExternally="true"/>
   <TcLOV name="Ng5_GrabHandleAsy_LOV" lovType="ListOfValuesString" usage="Exhaustive"
       description="" isManagedExternally="true"/>
   <TcLOV name="Ng5_GrabHandle_LOV" lovType="ListOfValuesString" usage="Exhaustive"
       description="" isManagedExternally="true"/>
   <TcLOV name="Ng5_GuidePulley_LOV" lovType="ListOfValuesString" usage="Exhaustive"
       description="" isManagedExternally="true"/>
   <TcLOV name="Ng5_Guides_LOV" lovType="ListOfValuesString" usage="Exhaustive" description=""
       isManagedExternally="true"/>
   <TcLOV name="Ng5_GuidingProfiles_LOV" lovType="ListOfValuesString" usage="Exhaustive"
       description="" isManagedExternally="true"/>
   <TcLOV name="Ng5_HMI_Button_LOV" lovType="ListOfValuesString" usage="Exhaustive"
       description="" isManagedExternally="true"/>
   <TcLOV name="Ng5_HMI_LOV" lovType="ListOfValuesString" usage="Exhaustive" description=""
       isManagedExternally="true"/>
   <TcLOV name="Ng5_HandlesPlastics_LOV" lovType="ListOfValuesString" usage="Exhaustive"
       description="" isManagedExternally="true"/>
   <TcLOV name="Ng5_Handles_LOV" lovType="ListOfValuesString" usage="Exhaustive" description=""
       isManagedExternally="true"/>
   <TcLOV name="Ng5_HardBoardPanel_LOV" lovType="ListOfValuesString" usage="Exhaustive"
       description="" isManagedExternally="true"/>
   <TcLOV name="Ng5_HeadRestraintComponent_LOV" lovType="ListOfValuesString" usage="Exhaustive"
       description="" isManagedExternally="true"/>
   <TcLOV name="Ng5_HeadRestraints_LOV" lovType="ListOfValuesString" usage="Exhaustive"
       description="" isManagedExternally="true"/>
   <TcLOV name="Ng5_Headliner_LOV" lovType="ListOfValuesString" usage="Exhaustive"
       description="" isManagedExternally="true"/>
   <TcLOV name="Ng5_HeadrestSupportFoamSuprt_LOV" lovType="ListOfValuesString" usage="Exhaustive"
       description="" isManagedExternally="true"/>
   <TcLOV name="Ng5_Headrest_LOV" lovType="ListOfValuesString" usage="Exhaustive"
       description="" isManagedExternally="true"/>
   <TcLOV name="Ng5_Heater_LOV" lovType="ListOfValuesString" usage="Exhaustive" description=""
       isManagedExternally="true"/>
   <TcLOV name="Ng5_HookFastenerComponents_LOV" lovType="ListOfValuesString" usage="Exhaustive"
       description="" isManagedExternally="true"/>
   <TcLOV name="Ng5_Hoses_LOV" lovType="ListOfValuesString" usage="Exhaustive" description=""
       isManagedExternally="true"/>
   <TcLOV name="Ng5_IFE_LOV" lovType="ListOfValuesString" usage="Exhaustive" description=""
       isManagedExternally="true"/>
   <TcLOV name="Ng5_IMANRelCM_LOV" lovType="ListOfValuesString" usage="Exhaustive"
       description="" isManagedExternally="true"/>
   <TcLOV name="Ng5_IMANRel_LOV" lovType="ListOfValuesString" usage="Exhaustive" description=""
       isManagedExternally="true"/>
   <TcLOV name="Ng5_Insert_LOV" lovType="ListOfValuesString" usage="Exhaustive" description=""
       isManagedExternally="true"/>
   <TcLOV name="Ng5_InstrumentPanel_LOV" lovType="ListOfValuesString" usage="Exhaustive"
       description="" isManagedExternally="true"/>
   <TcLOV name="Ng5_InsulationsSeals_LOV" lovType="ListOfValuesString" usage="Exhaustive"
       description="" isManagedExternally="true"/>
   <TcLOV name="Ng5_IntDPGrabHandle_LOV" lovType="ListOfValuesString" usage="Exhaustive"
       description="" isManagedExternally="true"/>
   <TcLOV name="Ng5_IntDPPullCup_LOV" lovType="ListOfValuesString" usage="Exhaustive"
       description="" isManagedExternally="true"/>
   <TcLOV name="Ng5_Interiors_LOV" lovType="ListOfValuesString" usage="Exhaustive"
       description="" isManagedExternally="true"/>
   <TcLOV name="Ng5_LampAssembly_LOV" lovType="ListOfValuesString" usage="Exhaustive"
       description="" isManagedExternally="true"/>
   <TcLOV name="Ng5_Latches_LOV" lovType="ListOfValuesString" usage="Exhaustive" description=""
       isManagedExternally="true"/>
   <TcLOV name="Ng5_Launch_Site_Region_LOV" lovType="ListOfValuesString" usage="Exhaustive"
       description="" isManagedExternally="true"/>
   <TcLOV name="Ng5_LegrestFoam_LOV" lovType="ListOfValuesString" usage="Exhaustive"
       description="" isManagedExternally="true"/>
   <TcLOV name="Ng5_LegrestTrim_LOV" lovType="ListOfValuesString" usage="Exhaustive"
       description="" isManagedExternally="true"/>
   <TcLOV name="Ng5_Legrest_LOV" lovType="ListOfValuesString" usage="Exhaustive" description=""
       isManagedExternally="true"/>
   <TcLOV name="Ng5_Levers_LOV" lovType="ListOfValuesString" usage="Exhaustive" description=""
       isManagedExternally="true"/>
   <TcLOV name="Ng5_LifeVest_LOV" lovType="ListOfValuesString" usage="Exhaustive"
       description="" isManagedExternally="true"/>
   <TcLOV name="Ng5_Light_LOV" lovType="ListOfValuesString" usage="Exhaustive" description=""
       isManagedExternally="true"/>
   <TcLOV name="Ng5_Lighting_LOV" lovType="ListOfValuesString" usage="Exhaustive"
       description="" isManagedExternally="true"/>
   <TcLOV name="Ng5_LinearGuidance_LOV" lovType="ListOfValuesString" usage="Exhaustive"
       description="" isManagedExternally="true"/>
   <TcLOV name="Ng5_Linkages_LOV" lovType="ListOfValuesString" usage="Exhaustive"
       description="" isManagedExternally="true"/>
   <TcLOV name="Ng5_Lubricant_LOV" lovType="ListOfValuesString" usage="Exhaustive"
       description="" isManagedExternally="true"/>
   <TcLOV name="Ng5_Lugs_LOV" lovType="ListOfValuesString" usage="Exhaustive" description=""
       isManagedExternally="true"/>
   <TcLOV name="Ng5_LumbarAndPneumaticComps_LOV" lovType="ListOfValuesString" usage="Exhaustive"
       description="" isManagedExternally="true"/>
   <TcLOV name="Ng5_Lumbar_LOV" lovType="ListOfValuesString" usage="Exhaustive" description=""
       isManagedExternally="true"/>
   <TcLOV name="Ng5_LumbarsAndSuspensions_LOV" lovType="ListOfValuesString" usage="Exhaustive"
       description="" isManagedExternally="true"/>
   <LOVDynamic name="Ng5_MEPlant_DLOV" description="Dynamic LOVs for Plant objects"
       usage="Exhaustive" queryClause="SELECT qid FROM MEWorkareaRevision WHERE &quot;object_type&quot; = &quot;Ng5_PlantRevision&quot; AND &quot;active_seq&quot; != &quot;0&quot;"
       dataType="PROP_string" queryType="MEWorkareaRevision" lovValueAttribute="ng5_me_complexobjstr"
       lovValueDescriptionAttribute="object_name"/>
   <TcLOV name="Ng5_MakeBuy_LOV" lovType="ListOfValuesString" usage="Exhaustive" description=""
       isManagedExternally="true"/>
   <TcLOV name="Ng5_Maplamp_LOV" lovType="ListOfValuesString" usage="Exhaustive" description=""
       isManagedExternally="true"/>
   <TcLOV name="Ng5_MaterialClassfication_LOV" lovType="ListOfValuesString" usage="Exhaustive"
       description="" isManagedExternally="true"/>
   <TcLOV name="Ng5_MechBoxAssembly_LOV" lovType="ListOfValuesString" usage="Exhaustive"
       description="" isManagedExternally="true"/>
   <TcLOV name="Ng5_MetalParts_LOV" lovType="ListOfValuesString" usage="Exhaustive"
       description="" isManagedExternally="true"/>
   <TcLOV name="Ng5_Metal_Parts_LOV" lovType="ListOfValuesString" usage="Exhaustive"
       description="" isManagedExternally="true"/>
   <TcLOV name="Ng5_Metals_LOV" lovType="ListOfValuesString" usage="Exhaustive" description=""
       isManagedExternally="true"/>
   <TcLOV name="Ng5_MiscComponents_LOV" lovType="ListOfValuesString" usage="Exhaustive"
       description="" isManagedExternally="true"/>
   <TcLOV name="Ng5_MiscellaneousComponents_LOV" lovType="ListOfValuesString" usage="Exhaustive"
       description="" isManagedExternally="true"/>
   <TcLOV name="Ng5_Miscellaneous_LOV" lovType="ListOfValuesString" usage="Exhaustive"
       description="" isManagedExternally="true"/>
   <TcLOV name="Ng5_Module_LOV" lovType="ListOfValuesString" usage="Exhaustive" description=""
       isManagedExternally="true"/>
   <TcLOV name="Ng5_Motor_LOV" lovType="ListOfValuesString" usage="Exhaustive" description=""
       isManagedExternally="true"/>
   <TcLOV name="Ng5_Motors_LOV" lovType="ListOfValuesString" usage="Exhaustive" description=""
       isManagedExternally="true"/>
   <TcLOV name="Ng5_MountingPlate_LOV" lovType="ListOfValuesString" usage="Exhaustive"
       description="" isManagedExternally="true"/>
   <TcLOV name="Ng5_No_LOV" lovType="ListOfValuesString" usage="Exhaustive" description="">
     <TcLOVValue value="No" description="No" conditionName="isTrue"/>
   </TcLOV>
   <TcLOV name="Ng5_NutsWeld_LOV" lovType="ListOfValuesString" usage="Exhaustive"
       description="" isManagedExternally="true"/>
   <TcLOV name="Ng5_Nuts_LOV" lovType="ListOfValuesString" usage="Exhaustive" description=""
       isManagedExternally="true"/>
   <TcLOV name="Ng5_OEM_Model_Year_LOV" lovType="ListOfValuesString" usage="Exhaustive"
       description="" isManagedExternally="true"/>
   <TcLOV name="Ng5_OEM_Name_LOV" lovType="ListOfValuesString" usage="Exhaustive"
       description="Program Management LOVS" isManagedExternally="true"/>
   <TcLOV name="Ng5_OccupantDetection_LOV" lovType="ListOfValuesString" usage="Exhaustive"
       description="" isManagedExternally="true"/>
   <TcLOV name="Ng5_OccupantPosition_LOV" lovType="ListOfValuesString" usage="Exhaustive"
       description="" isManagedExternally="true"/>
   <TcLOV name="Ng5_OptionsArmRestAsy_LOV" lovType="ListOfValuesString" usage="Exhaustive"
       description="" isManagedExternally="true"/>
   <TcLOV name="Ng5_Options_LOV" lovType="ListOfValuesString" usage="Suggestive" description=""
       isManagedExternally="true"/>
   <TcLOV name="Ng5_OtherParts_LOV" lovType="ListOfValuesString" usage="Exhaustive"
       description="" isManagedExternally="true"/>
   <TcLOV name="Ng5_OverheadSystem_LOV" lovType="ListOfValuesString" usage="Exhaustive"
       description="" isManagedExternally="true"/>
   <TcLOV name="Ng5_Panel_LOV" lovType="ListOfValuesString" usage="Exhaustive" description=""
       isManagedExternally="true"/>
   <TcLOV name="Ng5_Panels_LOV" lovType="ListOfValuesString" usage="Exhaustive" description=""
       isManagedExternally="true"/>
   <TcLOV name="Ng5_Paper_LOV" lovType="ListOfValuesString" usage="Exhaustive" description=""
       isManagedExternally="true"/>
   <TcLOV name="Ng5_PinsFasteners_LOV" lovType="ListOfValuesString" usage="Exhaustive"
       description="" isManagedExternally="true"/>
   <TcLOV name="Ng5_Pins_LOV" lovType="ListOfValuesString" usage="Exhaustive" description=""
       isManagedExternally="true"/>
   <TcLOV name="Ng5_Plant_System_LOV" lovType="ListOfValuesString" usage="Exhaustive"
       description="" isManagedExternally="true"/>
   <TcLOV name="Ng5_PlasticsCovers_LOV" lovType="ListOfValuesString" usage="Exhaustive"
       description="" isManagedExternally="true"/>
   <TcLOV name="Ng5_Plastics_LOV" lovType="ListOfValuesString" usage="Exhaustive"
       description="" isManagedExternally="true"/>
   <TcLOV name="Ng5_Plates_LOV" lovType="ListOfValuesString" usage="Exhaustive" description=""
       isManagedExternally="true"/>
   <TcLOV name="Ng5_PolymericMaterials_LOV" lovType="ListOfValuesString" usage="Exhaustive"
       description="" isManagedExternally="true"/>
   <TcLOV name="Ng5_PrgState_LOV" lovType="ListOfValuesString" usage="Suggestive"
       description="" isManagedExternally="true"/>
   <TcLOV name="Ng5_Prg_Type_LOV" lovType="ListOfValuesString" usage="Exhaustive"
       description="Program Management LOVs" isManagedExternally="true"/>
   <TcLOV name="Ng5_PrivacyDoor_LOV" lovType="ListOfValuesString" usage="Exhaustive"
       description="" isManagedExternally="true"/>
   <TcLOV name="Ng5_Prod_Facilities_LOV" lovType="ListOfValuesString" usage="Suggestive"
       description="" isManagedExternally="true"/>
   <TcLOV name="Ng5_ProductConfiguration_LOV" lovType="ListOfValuesString" usage="Exhaustive"
       description="" isManagedExternally="true"/>
   <TcLOV name="Ng5_Product_Area_LOV" lovType="ListOfValuesString" usage="Exhaustive"
       description="Program Management LOV" isManagedExternally="true"/>
   <TcLOV name="Ng5_Product_Group_LOV" lovType="ListOfValuesString" usage="Exhaustive"
       description="" isManagedExternally="true"/>
   <TcLOV name="Ng5_Product_Line_LOV" lovType="ListOfValuesString" usage="Exhaustive"
       description="" isManagedExternally="true"/>
   <TcLOV name="Ng5_Program_Category_LOV" lovType="ListOfValuesString" usage="Exhaustive"
       description="Program Category LOV" isManagedExternally="true"/>
   <TcLOV name="Ng5_ProtectiveShielding_LOV" lovType="ListOfValuesString" usage="Exhaustive"
       description="" isManagedExternally="true"/>
   <TcLOV name="Ng5_PullstrapFoam_LOV" lovType="ListOfValuesString" usage="Exhaustive"
       description="" isManagedExternally="true"/>
   <TcLOV name="Ng5_RackReinforcements_LOV" lovType="ListOfValuesString" usage="Exhaustive"
       description="" isManagedExternally="true"/>
   <TcLOV name="Ng5_RawMaterialMetals_LOV" lovType="ListOfValuesString" usage="Exhaustive"
       description="" isManagedExternally="true"/>
   <TcLOV name="Ng5_RawMaterials_LOV" lovType="ListOfValuesString" usage="Exhaustive"
       description="" isManagedExternally="true"/>
   <TcLOV name="Ng5_ReadingLight_LOV" lovType="ListOfValuesString" usage="Exhaustive"
       description="" isManagedExternally="true"/>
   <TcLOV name="Ng5_RearSeatBenchCushion_LOV" lovType="ListOfValuesString" usage="Exhaustive"
       description="" isManagedExternally="true"/>
   <TcLOV name="Ng5_RearSeatBkASMAdjHeadrest_LOV" lovType="ListOfValuesString" usage="Exhaustive"
       description="" isManagedExternally="true"/>
   <TcLOV name="Ng5_RearSeatBkASMIntHeadrest_LOV" lovType="ListOfValuesString" usage="Exhaustive"
       description="" isManagedExternally="true"/>
   <TcLOV name="Ng5_Recliner_LOV" lovType="ListOfValuesString" usage="Exhaustive"
       description="" isManagedExternally="true"/>
   <TcLOV name="Ng5_Region_LOV" lovType="ListOfValuesString" usage="Exhaustive" description=""
       isManagedExternally="true"/>
   <TcLOV name="Ng5_Reinforcement_LOV" lovType="ListOfValuesString" usage="Exhaustive"
       description="" isManagedExternally="true"/>
   <TcLOV name="Ng5_RelativePosition_LOV" lovType="ListOfValuesString" usage="Exhaustive"
       description="" isManagedExternally="true"/>
   <TcLOV name="Ng5_Retainers_LOV" lovType="ListOfValuesString" usage="Exhaustive"
       description="" isManagedExternally="true"/>
   <TcLOV name="Ng5_Ring_LOV" lovType="ListOfValuesString" usage="Exhaustive" description=""
       isManagedExternally="true"/>
   <TcLOV name="Ng5_Risers_LOV" lovType="ListOfValuesString" usage="Exhaustive" description=""
       isManagedExternally="true"/>
   <TcLOV name="Ng5_RivetSemiTblrCylindrical_LOV" lovType="ListOfValuesString" usage="Exhaustive"
       description="" isManagedExternally="true"/>
   <TcLOV name="Ng5_RivetSemiTubularHex_LOV" lovType="ListOfValuesString" usage="Exhaustive"
       description="" isManagedExternally="true"/>
   <TcLOV name="Ng5_RivetSemiTubular_LOV" lovType="ListOfValuesString" usage="Exhaustive"
       description="" isManagedExternally="true"/>
   <TcLOV name="Ng5_RivetSolidCylindrical_LOV" lovType="ListOfValuesString" usage="Exhaustive"
       description="" isManagedExternally="true"/>
   <TcLOV name="Ng5_RivetSolidHex_LOV" lovType="ListOfValuesString" usage="Exhaustive"
       description="" isManagedExternally="true"/>
   <TcLOV name="Ng5_RivetSolid_LOV" lovType="ListOfValuesString" usage="Exhaustive"
       description="" isManagedExternally="true"/>
   <TcLOV name="Ng5_Rivets_LOV" lovType="ListOfValuesString" usage="Exhaustive" description=""
       isManagedExternally="true"/>
   <TcLOV name="Ng5_Rods_LOV" lovType="ListOfValuesString" usage="Exhaustive" description=""
       isManagedExternally="true"/>
   <TcLOV name="Ng5_RolledGoods_LOV" lovType="ListOfValuesString" usage="Exhaustive"
       description="" isManagedExternally="true"/>
   <TcLOV name="Ng5_Row_LOV" lovType="ListOfValuesString" usage="Exhaustive" description=""
       isManagedExternally="true"/>
   <TcLOV name="Ng5_RubberComponents_LOV" lovType="ListOfValuesString" usage="Exhaustive"
       description="" isManagedExternally="true"/>
   <TcLOV name="Ng5_RubberParts_LOV" lovType="ListOfValuesString" usage="Exhaustive"
       description="" isManagedExternally="true"/>
   <TcLOV name="Ng5_SCMArmrests_LOV" lovType="ListOfValuesString" usage="Exhaustive"
       description="" isManagedExternally="true"/>
   <LOVDynamic name="Ng5_SDTMembersLOV" description="" usage="Exhaustive" queryClause="SELECT qid FROM GroupMember WHERE &quot;role.role_name&quot; IS_NOT_NULL &quot;IS_NOT_NULL&quot;"
       dataType="PROP_typed_reference" queryType="GroupMember" lovValueAttribute="object_string"
       lovValueDescriptionAttribute="user_name" lovType="Fnd0GroupMemberLOV"/>
   <TcLOV name="Ng5_SafetyAndComfortModules_LOV" lovType="ListOfValuesString" usage="Exhaustive"
       description="" isManagedExternally="true"/>
   <TcLOV name="Ng5_ScrewStandardShoulder_LOV" lovType="ListOfValuesString" usage="Exhaustive"
       description="" isManagedExternally="true"/>
   <TcLOV name="Ng5_ScrewStandard_LOV" lovType="ListOfValuesString" usage="Exhaustive"
       description="" isManagedExternally="true"/>
   <TcLOV name="Ng5_ScrewTappingPlastic_LOV" lovType="ListOfValuesString" usage="Exhaustive"
       description="" isManagedExternally="true"/>
   <TcLOV name="Ng5_ScrewTappingSheetMetal_LOV" lovType="ListOfValuesString" usage="Exhaustive"
       description="" isManagedExternally="true"/>
   <TcLOV name="Ng5_ScrewTapping_LOV" lovType="ListOfValuesString" usage="Exhaustive"
       description="" isManagedExternally="true"/>
   <TcLOV name="Ng5_ScrewThreadRollingShlder_LOV" lovType="ListOfValuesString" usage="Exhaustive"
       description="" isManagedExternally="true"/>
   <TcLOV name="Ng5_ScrewThreadRolling_LOV" lovType="ListOfValuesString" usage="Exhaustive"
       description="" isManagedExternally="true"/>
   <TcLOV name="Ng5_Screws_LOV" lovType="ListOfValuesString" usage="Exhaustive" description=""
       isManagedExternally="true"/>
   <TcLOV name="Ng5_Seals_LOV" lovType="ListOfValuesString" usage="Exhaustive" description=""
       isManagedExternally="true"/>
   <TcLOV name="Ng5_SeatBack_LOV" lovType="ListOfValuesString" usage="Exhaustive"
       description="" isManagedExternally="true"/>
   <TcLOV name="Ng5_SeatBackrest_LOV" lovType="ListOfValuesString" usage="Exhaustive"
       description="" isManagedExternally="true"/>
   <TcLOV name="Ng5_SeatBeltBuckle_LOV" lovType="ListOfValuesString" usage="Exhaustive"
       description="" isManagedExternally="true"/>
   <TcLOV name="Ng5_SeatBeltReminderSBR_LOV" lovType="ListOfValuesString" usage="Exhaustive"
       description="" isManagedExternally="true"/>
   <TcLOV name="Ng5_SeatCover_LOV" lovType="ListOfValuesString" usage="Exhaustive"
       description="" isManagedExternally="true"/>
   <TcLOV name="Ng5_SeatCushionTrim_LOV" lovType="ListOfValuesString" usage="Exhaustive"
       description="" isManagedExternally="true"/>
   <TcLOV name="Ng5_SeatCushion_LOV" lovType="ListOfValuesString" usage="Exhaustive"
       description="" isManagedExternally="true"/>
   <TcLOV name="Ng5_SeatHeadrest_LOV" lovType="ListOfValuesString" usage="Exhaustive"
       description="" isManagedExternally="true"/>
   <TcLOV name="Ng5_Seatframe_LOV" lovType="ListOfValuesString" usage="Exhaustive"
       description="" isManagedExternally="true"/>
   <TcLOV name="Ng5_Seating_LOV" lovType="ListOfValuesString" usage="Exhaustive" description=""
       isManagedExternally="true"/>
   <TcLOV name="Ng5_Seats_LOV" lovType="ListOfValuesString" usage="Exhaustive" description=""
       isManagedExternally="true"/>
   <TcLOV name="Ng5_Shafts_LOV" lovType="ListOfValuesString" usage="Exhaustive" description=""
       isManagedExternally="true"/>
   <TcLOV name="Ng5_Shell_LOV" lovType="ListOfValuesString" usage="Exhaustive" description=""
       isManagedExternally="true"/>
   <TcLOV name="Ng5_ShippingBag_LOV" lovType="ListOfValuesString" usage="Exhaustive"
       description="" isManagedExternally="true"/>
   <TcLOV name="Ng5_Shipping_LOV" lovType="ListOfValuesString" usage="Exhaustive"
       description="" isManagedExternally="true"/>
   <TcLOV name="Ng5_SideBolster_LOV" lovType="ListOfValuesString" usage="Exhaustive"
       description="" isManagedExternally="true"/>
   <TcLOV name="Ng5_SkiPass_LOV" lovType="ListOfValuesString" usage="Exhaustive" description=""
       isManagedExternally="true"/>
   <TcLOV name="Ng5_Sleeves_LOV" lovType="ListOfValuesString" usage="Exhaustive" description=""
       isManagedExternally="true"/>
   <TcLOV name="Ng5_Slides_LOV" lovType="ListOfValuesString" usage="Exhaustive" description=""
       isManagedExternally="true"/>
   <TcLOV name="Ng5_SoftSurround_LOV" lovType="ListOfValuesString" usage="Exhaustive"
       description="" isManagedExternally="true"/>
   <TcLOV name="Ng5_SpeakerGrill_LOV" lovType="ListOfValuesString" usage="Exhaustive"
       description="" isManagedExternally="true"/>
   <TcLOV name="Ng5_SpecialAdjuster_LOV" lovType="ListOfValuesString" usage="Exhaustive"
       description="" isManagedExternally="true"/>
   <TcLOV name="Ng5_SpooledGoods_LOV" lovType="ListOfValuesString" usage="Exhaustive"
       description="" isManagedExternally="true"/>
   <TcLOV name="Ng5_Springs_LOV" lovType="ListOfValuesString" usage="Exhaustive" description=""
       isManagedExternally="true"/>
   <TcLOV name="Ng5_SteeringColumns_LOV" lovType="ListOfValuesString" usage="Exhaustive"
       description="" isManagedExternally="true"/>
   <TcLOV name="Ng5_StorageIFE_LOV" lovType="ListOfValuesString" usage="Exhaustive"
       description="" isManagedExternally="true"/>
   <TcLOV name="Ng5_StorageLRU_LOV" lovType="ListOfValuesString" usage="Exhaustive"
       description="" isManagedExternally="true"/>
   <TcLOV name="Ng5_StorageLid_LOV" lovType="ListOfValuesString" usage="Exhaustive"
       description="" isManagedExternally="true"/>
   <TcLOV name="Ng5_StorageParts_LOV" lovType="ListOfValuesString" usage="Exhaustive"
       description="" isManagedExternally="true"/>
   <TcLOV name="Ng5_StorageTrimInsert_LOV" lovType="ListOfValuesString" usage="Exhaustive"
       description="" isManagedExternally="true"/>
   <TcLOV name="Ng5_Storage_LOV" lovType="ListOfValuesString" usage="Exhaustive" description=""
       isManagedExternally="true"/>
   <TcLOV name="Ng5_StrapAssembly_LOV" lovType="ListOfValuesString" usage="Exhaustive"
       description="" isManagedExternally="true"/>
   <TcLOV name="Ng5_StructureFurniture_LOV" lovType="ListOfValuesString" usage="Exhaustive"
       description="" isManagedExternally="true"/>
   <TcLOV name="Ng5_StructureParts_LOV" lovType="ListOfValuesString" usage="Exhaustive"
       description="" isManagedExternally="true"/>
   <TcLOV name="Ng5_Structure_LOV" lovType="ListOfValuesString" usage="Exhaustive"
       description="" isManagedExternally="true"/>
   <TcLOV name="Ng5_Studs_LOV" lovType="ListOfValuesString" usage="Exhaustive" description=""
       isManagedExternally="true"/>
   <TcLOV name="Ng5_SupportSheet_LOV" lovType="ListOfValuesString" usage="Exhaustive"
       description="" isManagedExternally="true"/>
   <TcLOV name="Ng5_Suspension_LOV" lovType="ListOfValuesString" usage="Exhaustive"
       description="" isManagedExternally="true"/>
   <TcLOV name="Ng5_SwitchKnob_LOV" lovType="ListOfValuesString" usage="Exhaustive"
       description="" isManagedExternally="true"/>
   <TcLOV name="Ng5_Switch_LOV" lovType="ListOfValuesString" usage="Exhaustive" description=""
       isManagedExternally="true"/>
   <TcLOV name="Ng5_Tape_LOV" lovType="ListOfValuesString" usage="Exhaustive" description=""
       isManagedExternally="true"/>
   <TcLOV name="Ng5_Taxonomy_LOV" lovType="ListOfValuesString" usage="Exhaustive"
       description="" isManagedExternally="true"/>
   <TcLOV name="Ng5_ThighExtension_LOV" lovType="ListOfValuesString" usage="Exhaustive"
       description="" isManagedExternally="true"/>
   <TcLOV name="Ng5_ToolingMaturity_LOV" lovType="ListOfValuesString" usage="Exhaustive"
       description="" isManagedExternally="true"/>
   <TcLOV name="Ng5_TopCap_LOV" lovType="ListOfValuesString" usage="Exhaustive" description=""
       isManagedExternally="true"/>
   <TcLOV name="Ng5_Towelbars_LOV" lovType="ListOfValuesString" usage="Exhaustive"
       description="" isManagedExternally="true"/>
   <TcLOV name="Ng5_TrackAssembly_LOV" lovType="ListOfValuesString" usage="Exhaustive"
       description="" isManagedExternally="true"/>
   <TcLOV name="Ng5_TrackLatchMan_LOV" lovType="ListOfValuesString" usage="Exhaustive"
       description="" isManagedExternally="true"/>
   <TcLOV name="Ng5_TrackSinglePart_LOV" lovType="ListOfValuesString" usage="Exhaustive"
       description="" isManagedExternally="true"/>
   <TcLOV name="Ng5_TrackUprTrackToothSegmnt_LOV" lovType="ListOfValuesString" usage="Exhaustive"
       description="" isManagedExternally="true"/>
   <TcLOV name="Ng5_TrayTable_LOV" lovType="ListOfValuesString" usage="Exhaustive"
       description="" isManagedExternally="true"/>
   <TcLOV name="Ng5_TriangleBase_LOV" lovType="ListOfValuesString" usage="Exhaustive"
       description="" isManagedExternally="true"/>
   <TcLOV name="Ng5_TrimUpholstery_LOV" lovType="ListOfValuesString" usage="Exhaustive"
       description="" isManagedExternally="true"/>
   <TcLOV name="Ng5_Trim_LOV" lovType="ListOfValuesString" usage="Exhaustive" description=""
       isManagedExternally="true"/>
   <TcLOV name="Ng5_Tubes_LOV" lovType="ListOfValuesString" usage="Exhaustive" description=""
       isManagedExternally="true"/>
   <TcLOV name="Ng5_TweeterParts_LOV" lovType="ListOfValuesString" usage="Exhaustive"
       description="" isManagedExternally="true"/>
   <TcLOV name="Ng5_UpDown_LOV" lovType="ListOfValuesString" usage="Exhaustive" description=""
       isManagedExternally="true"/>
   <TcLOV name="Ng5_Upholstery_LOV" lovType="ListOfValuesString" usage="Exhaustive"
       description="" isManagedExternally="true"/>
   <TcLOV name="Ng5_UpperAsm_LOV" lovType="ListOfValuesString" usage="Exhaustive"
       description="" isManagedExternally="true"/>
   <TcLOV name="Ng5_UpperBackrestSupportFmSp_LOV" lovType="ListOfValuesString" usage="Exhaustive"
       description="" isManagedExternally="true"/>
   <TcLOV name="Ng5_UpperParts_LOV" lovType="ListOfValuesString" usage="Exhaustive"
       description="" isManagedExternally="true"/>
   <TcLOV name="Ng5_UpperTrack_LOV" lovType="ListOfValuesString" usage="Exhaustive"
       description="" isManagedExternally="true"/>
   <TcLOV name="Ng5_Ventilation_LOV" lovType="ListOfValuesString" usage="Exhaustive"
       description="" isManagedExternally="true"/>
   <TcLOV name="Ng5_VisorLH_LOV" lovType="ListOfValuesString" usage="Exhaustive" description=""
       isManagedExternally="true"/>
   <TcLOV name="Ng5_WH2WPwrTrk_LOV" lovType="ListOfValuesString" usage="Exhaustive"
       description="" isManagedExternally="true"/>
   <TcLOV name="Ng5_WH4WPwrTrkPwrRecPwrLum_LOV" lovType="ListOfValuesString" usage="Exhaustive"
       description="" isManagedExternally="true"/>
   <TcLOV name="Ng5_WH4WPwrTrkPwrRec_LOV" lovType="ListOfValuesString" usage="Exhaustive"
       description="" isManagedExternally="true"/>
   <TcLOV name="Ng5_WH4WPwrTrk_LOV" lovType="ListOfValuesString" usage="Exhaustive"
       description="" isManagedExternally="true"/>
   <TcLOV name="Ng5_WH6WPwrTrkPwrRecMem_LOV" lovType="ListOfValuesString" usage="Exhaustive"
       description="" isManagedExternally="true"/>
   <TcLOV name="Ng5_WH6WPwrTrkPwrRecPwrLumMm_LOV" lovType="ListOfValuesString" usage="Exhaustive"
       description="" isManagedExternally="true"/>
   <TcLOV name="Ng5_WH6WPwrTrkPwrRecPwrLum_LOV" lovType="ListOfValuesString" usage="Exhaustive"
       description="" isManagedExternally="true"/>
   <TcLOV name="Ng5_WH6WPwrTrkPwrRec_LOV" lovType="ListOfValuesString" usage="Exhaustive"
       description="" isManagedExternally="true"/>
   <TcLOV name="Ng5_WH6WPwrTrk_LOV" lovType="ListOfValuesString" usage="Exhaustive"
       description="" isManagedExternally="true"/>
   <TcLOV name="Ng5_WHManTrk_LOV" lovType="ListOfValuesString" usage="Exhaustive"
       description="" isManagedExternally="true"/>
   <TcLOV name="Ng5_Washer_LOV" lovType="ListOfValuesString" usage="Exhaustive" description=""
       isManagedExternally="true"/>
   <TcLOV name="Ng5_Washers_LOV" lovType="ListOfValuesString" usage="Exhaustive" description=""
       isManagedExternally="true"/>
   <TcLOV name="Ng5_Wayfinding_LOV" lovType="ListOfValuesString" usage="Exhaustive"
       description="" isManagedExternally="true"/>
   <TcLOV name="Ng5_WireComponents_LOV" lovType="ListOfValuesString" usage="Exhaustive"
       description="" isManagedExternally="true"/>
   <TcLOV name="Ng5_WireHarness_LOV" lovType="ListOfValuesString" usage="Exhaustive"
       description="" isManagedExternally="true"/>
   <TcLOV name="Ng5_Wires_LOV" lovType="ListOfValuesString" usage="Exhaustive" description=""
       isManagedExternally="true"/>
   <TcLOV name="Ng5_YesNo_LOV" lovType="ListOfValuesString" usage="Exhaustive" description=""
       isManagedExternally="true"/>
   <TcLOVAttach lovName="Ng5_CADEnv_LOV" typeName="Ng5_AbsItemRevision">
     <TcLOVAttachPropertyInfo valuePropertyName="ng5_oem_env" conditionName="isTrue"
         override="false" level="0"/>
   </TcLOVAttach>
   <TcUnitOfMeasure unitOfMeasureName="Ng5_CS" unitOfMeasureSymbol="CS" description="Case"/>
   <TcUnitOfMeasure unitOfMeasureName="Ng5_FO" unitOfMeasureSymbol="OZA" description="Fluid Ounce US"/>
   <TcUnitOfMeasure unitOfMeasureName="Ng5_FT" unitOfMeasureSymbol="FT" description="feet"/>
   <TcUnitOfMeasure unitOfMeasureName="Ng5_G" unitOfMeasureSymbol="G" description="Gram"/>
   <TcUnitOfMeasure unitOfMeasureName="Ng5_GA" unitOfMeasureSymbol="GA" description="Gallon"/>
   <TcUnitOfMeasure unitOfMeasureName="Ng5_GR" unitOfMeasureSymbol="GR" description="Grain"/>
   <TcUnitOfMeasure unitOfMeasureName="Ng5_IN" unitOfMeasureSymbol="IN" description="Inch"/>
   <TcUnitOfMeasure unitOfMeasureName="Ng5_KG" unitOfMeasureSymbol="KG" description="Kilogram"/>
   <TcUnitOfMeasure unitOfMeasureName="Ng5_LB" unitOfMeasureSymbol="LB" description="US pound"/>
   <TcUnitOfMeasure unitOfMeasureName="Ng5_LI" unitOfMeasureSymbol="L" description="Liter"/>
   <TcUnitOfMeasure unitOfMeasureName="Ng5_M3" unitOfMeasureSymbol="M3" description="Cubic meter"/>
   <TcUnitOfMeasure unitOfMeasureName="Ng5_ME" unitOfMeasureSymbol="M" description="Meters"/>
   <TcUnitOfMeasure unitOfMeasureName="Ng5_ML" unitOfMeasureSymbol="ML" description="Milliliter"/>
   <TcUnitOfMeasure unitOfMeasureName="Ng5_MM" unitOfMeasureSymbol="MM" description="Millimeter"/>
   <TcUnitOfMeasure unitOfMeasureName="Ng5_OZ" unitOfMeasureSymbol="OZ" description="Ounces"/>
   <TcUnitOfMeasure unitOfMeasureName="Ng5_PK" unitOfMeasureSymbol="PAK" description="Pack"/>
   <TcUnitOfMeasure unitOfMeasureName="Ng5_PL" unitOfMeasureSymbol="PAL" description="Pallet"/>
   <TcUnitOfMeasure unitOfMeasureName="Ng5_PR" unitOfMeasureSymbol="PR" description="Pairs"/>
   <TcUnitOfMeasure unitOfMeasureName="Ng5_PT" unitOfMeasureSymbol="PT" description="Pint, US liquid"/>
   <TcUnitOfMeasure unitOfMeasureName="Ng5_QT" unitOfMeasureSymbol="QT" description="Quart, US liquid"/>
   <TcUnitOfMeasure unitOfMeasureName="Ng5_RL" unitOfMeasureSymbol="ROL" description="Rolls"/>
   <TcUnitOfMeasure unitOfMeasureName="Ng5_SF" unitOfMeasureSymbol="FT2" description="Square Foot"/>
   <TcUnitOfMeasure unitOfMeasureName="Ng5_SH" unitOfMeasureSymbol="SH" description="SHEET"/>
   <TcUnitOfMeasure unitOfMeasureName="Ng5_SI" unitOfMeasureSymbol="IN2" description="Square inch"/>
   <TcUnitOfMeasure unitOfMeasureName="Ng5_SM" unitOfMeasureSymbol="M2" description="Square meter"/>
   <TcUnitOfMeasure unitOfMeasureName="Ng5_SY" unitOfMeasureSymbol="YD2" description="Square Yard"/>
   <TcUnitOfMeasure unitOfMeasureName="Ng5_TO" unitOfMeasureSymbol="TO" description="Tonnes"/>
   <TcUnitOfMeasure unitOfMeasureName="Ng5_YD" unitOfMeasureSymbol="YD" description="Yards"/>
   <TcUnitOfMeasure unitOfMeasureName="Ng5_each" unitOfMeasureSymbol="LegacyEA" description="LegacyEA"/>
</Add>
</TcBusinessData>
