<?xml version="1.0" encoding="UTF-8"?>
<TcBusinessData xmlns="http://teamcenter.com/BusinessModel/TcBusinessData" Date="">
<Add>
   <TcClass className="Ng5_rAbsRelation" parentClassName="ImanRelation" isExportable="true"
       isUninstantiable="false" isUninheritable="false" description=""/>
   <TcClass className="Ng5_rCustmerPrtFmHasCustmer" parentClassName="Ng5_rAbsRelation"
       isExportable="true" isUninstantiable="false" isUninheritable="false" description=""/>
   <TcClass className="Ng5_rHasCntrlDoc" parentClassName="Ng5_rAbsRelation" isExportable="true"
       isUninstantiable="false" isUninheritable="false" description=""/>
   <TcClass className="Ng5_rHasCustomer" parentClassName="Ng5_rAbsRelation" isExportable="true"
       isUninstantiable="false" isUninheritable="false" description=""/>
   <TcClass className="Ng5_rHasDerivedFromRel" parentClassName="Ng5_rAbsRelation"
       isExportable="true" isUninstantiable="false" isUninheritable="false" description=""/>
   <TcClass className="Ng5_rHasDoc" parentClassName="Ng5_rAbsRelation" isExportable="true"
       isUninstantiable="false" isUninheritable="false" description=""/>
   <TcClass className="Ng5_rHasEngDwgRel" parentClassName="Ng5_rAbsRelation" isExportable="true"
       isUninstantiable="false" isUninheritable="false" description=""/>
   <TcClass className="Ng5_rHasExtDwgRel" parentClassName="Ng5_rAbsRelation" isExportable="true"
       isUninstantiable="false" isUninheritable="false" description=""/>
   <TcClass className="Ng5_rHasICEPartForm" parentClassName="Ng5_rAbsRelation" isExportable="true"
       isUninstantiable="false" isUninheritable="false" description=""/>
   <TcClass className="Ng5_rHasMatlMstr" parentClassName="Ng5_rAbsRelation" isExportable="true"
       isUninstantiable="false" isUninheritable="false" description=""/>
   <TcClass className="Ng5_rHasMirroredHandedRel" parentClassName="Ng5_rAbsRelation"
       isExportable="true" isUninstantiable="false" isUninheritable="false" description=""/>
   <TcClass className="Ng5_rHasNonEngSecRepRel" parentClassName="Ng5_rAbsRelation"
       isExportable="true" isUninstantiable="false" isUninheritable="false" description=""/>
   <TcClass className="Ng5_rHasPlant" parentClassName="Ng5_rAbsRelation" isExportable="true"
       isUninstantiable="false" isUninheritable="false" description=""/>
   <TcClass className="Ng5_rHasPlantForm" parentClassName="Ng5_rAbsRelation" isExportable="true"
       isUninstantiable="false" isUninheritable="false" description=""/>
   <TcClass className="Ng5_rHasProgram" parentClassName="Ng5_rAbsRelation" isExportable="true"
       isUninstantiable="false" isUninheritable="false" description=""/>
   <TcClass className="Ng5_rHasRawMaterial" parentClassName="Ng5_rAbsRelation" isExportable="true"
       isUninstantiable="false" isUninheritable="false" description="">
     <TcAttribute attributeName="ng5_raw_material_uom" description="This is UOM for raw material. Different from OOTB UOM"
         attributeType="POM_untyped_reference" maxStringLength="0" isArray="false"
         followOnExport="false" isNullsAllowed="true" isUnique="false" isPublicRead="true"
         isPublicWrite="true" isCandidateKey="false" isTransient="false" exportAsString="false"
         noBackpointer="false"/>
     <TcAttribute attributeName="ng5_raw_material_qty" description="This is quantity for raw material. Different from OOTB quantity"
         attributeType="POM_double" maxStringLength="0" isArray="false" followOnExport="false"
         isNullsAllowed="true" isUnique="false" isPublicRead="true" isPublicWrite="true"
         isCandidateKey="false" isTransient="false" exportAsString="false" noBackpointer="false"
         lowerBoundValue="0.0" upperBoundValue=""/>
   </TcClass>
   <TcClass className="Ng5_rHasReplacedByRel" parentClassName="Ng5_rAbsRelation" isExportable="true"
       isUninstantiable="false" isUninheritable="false" description=""/>
   <TcClass className="Ng5_rHasSecondaryRepRel" parentClassName="Ng5_rAbsRelation"
       isExportable="true" isUninstantiable="false" isUninheritable="false" description=""/>
   <TcClass className="Ng5_rHasSupplier" parentClassName="Ng5_rAbsRelation" isExportable="true"
       isUninstantiable="false" isUninheritable="false" description=""/>
   <TcClass className="Ng5_rHasValidationForm" parentClassName="Ng5_rAbsRelation"
       isExportable="true" isUninstantiable="false" isUninheritable="false" description=""/>
   <TcClass className="Ng5_rHasValidationReport" parentClassName="Ng5_rAbsRelation"
       isExportable="true" isUninstantiable="false" isUninheritable="false" description=""/>
   <TcClass className="Ng5_rPartHasCustomerPrtForm" parentClassName="Ng5_rAbsRelation"
       isExportable="true" isUninstantiable="false" isUninheritable="false" description=""/>
   <OperationInputType typeName="Ng5_rAbsRelationCreI" parentTypeName="ImanRelationCreI"
       typeClassName="Ng5_rAbsRelationCreI" description="CreateInput object for &quot;Ng5_rAbsRelation&quot; business object"
       isAbstract="true" artifactName="Ng5_rAbsRelationCreI"/>
   <OperationInputType typeName="Ng5_rAbsRelationSvAI" parentTypeName="ImanRelationSvAI"
       typeClassName="Ng5_rAbsRelationSvAI" description="SaveAsInput object for &quot;Ng5_rAbsRelation&quot; business object"
       isAbstract="true" artifactName="Ng5_rAbsRelationSvAI"/>
   <OperationInputType typeName="Ng5_rCustmerPrtFmHasCu_alt0CreI" parentTypeName="Ng5_rAbsRelationCreI"
       typeClassName="Ng5_rCustmerPrtFmHasCu_alt0CreI" description="CreateInput object for &quot;Ng5_rCustmerPrtFmHasCustmer&quot; business object"
       isAbstract="false" artifactName="Ng5_rCustmerPrtFmHasCu_alt0CreI"/>
   <OperationInputType typeName="Ng5_rCustmerPrtFmHasCu_alt0SvAI" parentTypeName="Ng5_rAbsRelationSvAI"
       typeClassName="Ng5_rCustmerPrtFmHasCu_alt0SvAI" description="SaveAsInput object for &quot;Ng5_rCustmerPrtFmHasCustmer&quot; business object"
       isAbstract="false" artifactName="Ng5_rCustmerPrtFmHasCu_alt0SvAI"/>
   <OperationInputType typeName="Ng5_rHasBQRCreI" parentTypeName="Ng5_rHasBtoPCreI"
       typeClassName="Ng5_rHasBQRCreI" description="CreateInput object for &quot;Ng5_rHasBQR&quot; business object"
       isAbstract="false" artifactName="Ng5_rHasBQRCreI"/>
   <OperationInputType typeName="Ng5_rHasBQRSvAI" parentTypeName="Ng5_rHasBtoPSvAI"
       typeClassName="Ng5_rHasBQRSvAI" description="SaveAsInput object for &quot;Ng5_rHasBQR&quot; business object"
       isAbstract="false" artifactName="Ng5_rHasBQRSvAI"/>
   <OperationInputType typeName="Ng5_rHasCntrlDocCreI" parentTypeName="Ng5_rAbsRelationCreI"
       typeClassName="Ng5_rHasCntrlDocCreI" description="CreateInput object for &quot;Ng5_rHasCntrlDoc&quot; business object"
       isAbstract="false" artifactName="Ng5_rHasCntrlDocCreI"/>
   <OperationInputType typeName="Ng5_rHasCntrlDocSvAI" parentTypeName="Ng5_rAbsRelationSvAI"
       typeClassName="Ng5_rHasCntrlDocSvAI" description="SaveAsInput object for &quot;Ng5_rHasCntrlDoc&quot; business object"
       isAbstract="false" artifactName="Ng5_rHasCntrlDocSvAI"/>
   <OperationInputType typeName="Ng5_rHasCustomerCreI" parentTypeName="Ng5_rAbsRelationCreI"
       typeClassName="Ng5_rHasCustomerCreI" description="CreateInput object for &quot;Ng5_rHasCustomer&quot; business object"
       isAbstract="false" artifactName="Ng5_rHasCustomerCreI"/>
   <OperationInputType typeName="Ng5_rHasCustomerSvAI" parentTypeName="Ng5_rAbsRelationSvAI"
       typeClassName="Ng5_rHasCustomerSvAI" description="SaveAsInput object for &quot;Ng5_rHasCustomer&quot; business object"
       isAbstract="false" artifactName="Ng5_rHasCustomerSvAI"/>
   <OperationInputType typeName="Ng5_rHasDerivedFromRelCreI" parentTypeName="Ng5_rAbsRelationCreI"
       typeClassName="Ng5_rHasDerivedFromRelCreI" description="CreateInput object for &quot;Ng5_rHasDerivedFromRel&quot; business object"
       isAbstract="false" artifactName="Ng5_rHasDerivedFromRelCreI"/>
   <OperationInputType typeName="Ng5_rHasDerivedFromRelSvAI" parentTypeName="Ng5_rAbsRelationSvAI"
       typeClassName="Ng5_rHasDerivedFromRelSvAI" description="SaveAsInput object for &quot;Ng5_rHasDerivedFromRel&quot; business object"
       isAbstract="false" artifactName="Ng5_rHasDerivedFromRelSvAI"/>
   <OperationInputType typeName="Ng5_rHasDocCreI" parentTypeName="Ng5_rAbsRelationCreI"
       typeClassName="Ng5_rHasDocCreI" description="CreateInput object for &quot;Ng5_rHasDoc&quot; business object"
       isAbstract="false" artifactName="Ng5_rHasDocCreI"/>
   <OperationInputType typeName="Ng5_rHasDocSvAI" parentTypeName="Ng5_rAbsRelationSvAI"
       typeClassName="Ng5_rHasDocSvAI" description="SaveAsInput object for &quot;Ng5_rHasDoc&quot; business object"
       isAbstract="false" artifactName="Ng5_rHasDocSvAI"/>
   <OperationInputType typeName="Ng5_rHasEngDwgRelCreI" parentTypeName="Ng5_rAbsRelationCreI"
       typeClassName="Ng5_rHasEngDwgRelCreI" description="CreateInput object for &quot;Ng5_rHasEngDwgRel&quot; business object"
       isAbstract="false" artifactName="Ng5_rHasEngDwgRelCreI"/>
   <OperationInputType typeName="Ng5_rHasEngDwgRelSvAI" parentTypeName="Ng5_rAbsRelationSvAI"
       typeClassName="Ng5_rHasEngDwgRelSvAI" description="SaveAsInput object for &quot;Ng5_rHasEngDwgRel&quot; business object"
       isAbstract="false" artifactName="Ng5_rHasEngDwgRelSvAI"/>
   <OperationInputType typeName="Ng5_rHasExtDwgRelCreI" parentTypeName="Ng5_rAbsRelationCreI"
       typeClassName="Ng5_rHasExtDwgRelCreI" description="CreateInput object for &quot;Ng5_rHasExtDwgRel&quot; business object"
       isAbstract="false" artifactName="Ng5_rHasExtDwgRelCreI"/>
   <OperationInputType typeName="Ng5_rHasExtDwgRelSvAI" parentTypeName="Ng5_rAbsRelationSvAI"
       typeClassName="Ng5_rHasExtDwgRelSvAI" description="SaveAsInput object for &quot;Ng5_rHasExtDwgRel&quot; business object"
       isAbstract="false" artifactName="Ng5_rHasExtDwgRelSvAI"/>
   <OperationInputType typeName="Ng5_rHasICEPartFormCreI" parentTypeName="Ng5_rAbsRelationCreI"
       typeClassName="Ng5_rHasICEPartFormCreI" description="CreateInput object for &quot;Ng5_rHasICEPartForm&quot; business object"
       isAbstract="false" artifactName="Ng5_rHasICEPartFormCreI"/>
   <OperationInputType typeName="Ng5_rHasICEPartFormSvAI" parentTypeName="Ng5_rAbsRelationSvAI"
       typeClassName="Ng5_rHasICEPartFormSvAI" description="SaveAsInput object for &quot;Ng5_rHasICEPartForm&quot; business object"
       isAbstract="false" artifactName="Ng5_rHasICEPartFormSvAI"/>
   <OperationInputType typeName="Ng5_rHasMatlMstrCreI" parentTypeName="Ng5_rAbsRelationCreI"
       typeClassName="Ng5_rHasMatlMstrCreI" description="CreateInput object for &quot;Ng5_rHasMatlMstr&quot; business object"
       isAbstract="false" artifactName="Ng5_rHasMatlMstrCreI"/>
   <OperationInputType typeName="Ng5_rHasMatlMstrSvAI" parentTypeName="Ng5_rAbsRelationSvAI"
       typeClassName="Ng5_rHasMatlMstrSvAI" description="SaveAsInput object for &quot;Ng5_rHasMatlMstr&quot; business object"
       isAbstract="false" artifactName="Ng5_rHasMatlMstrSvAI"/>
   <OperationInputType typeName="Ng5_rHasMirroredHandedRelCreI" parentTypeName="Ng5_rAbsRelationCreI"
       typeClassName="Ng5_rHasMirroredHandedRelCreI" description="CreateInput object for &quot;Ng5_rHasMirroredHandedRel&quot; business object"
       isAbstract="false" artifactName="Ng5_rHasMirroredHandedRelCreI"/>
   <OperationInputType typeName="Ng5_rHasMirroredHandedRelSvAI" parentTypeName="Ng5_rAbsRelationSvAI"
       typeClassName="Ng5_rHasMirroredHandedRelSvAI" description="SaveAsInput object for &quot;Ng5_rHasMirroredHandedRel&quot; business object"
       isAbstract="false" artifactName="Ng5_rHasMirroredHandedRelSvAI"/>
   <OperationInputType typeName="Ng5_rHasNonEngSecRepRelCreI" parentTypeName="Ng5_rAbsRelationCreI"
       typeClassName="Ng5_rHasNonEngSecRepRelCreI" description="CreateInput object for &quot;Ng5_rHasNonEngSecRepRel&quot; business object"
       isAbstract="false" artifactName="Ng5_rHasNonEngSecRepRelCreI"/>
   <OperationInputType typeName="Ng5_rHasNonEngSecRepRelSvAI" parentTypeName="Ng5_rAbsRelationSvAI"
       typeClassName="Ng5_rHasNonEngSecRepRelSvAI" description="SaveAsInput object for &quot;Ng5_rHasNonEngSecRepRel&quot; business object"
       isAbstract="false" artifactName="Ng5_rHasNonEngSecRepRelSvAI"/>
   <OperationInputType typeName="Ng5_rHasPlantCreI" parentTypeName="Ng5_rAbsRelationCreI"
       typeClassName="Ng5_rHasPlantCreI" description="CreateInput object for &quot;Ng5_rHasPlant&quot; business object"
       isAbstract="false" artifactName="Ng5_rHasPlantCreI"/>
   <OperationInputType typeName="Ng5_rHasPlantFormCreI" parentTypeName="Ng5_rAbsRelationCreI"
       typeClassName="Ng5_rHasPlantFormCreI" description="CreateInput object for &quot;Ng5_rHasPlantForm&quot; business object"
       isAbstract="false" artifactName="Ng5_rHasPlantFormCreI"/>
   <OperationInputType typeName="Ng5_rHasPlantFormSvAI" parentTypeName="Ng5_rAbsRelationSvAI"
       typeClassName="Ng5_rHasPlantFormSvAI" description="SaveAsInput object for &quot;Ng5_rHasPlantForm&quot; business object"
       isAbstract="false" artifactName="Ng5_rHasPlantFormSvAI"/>
   <OperationInputType typeName="Ng5_rHasPlantSvAI" parentTypeName="Ng5_rAbsRelationSvAI"
       typeClassName="Ng5_rHasPlantSvAI" description="SaveAsInput object for &quot;Ng5_rHasPlant&quot; business object"
       isAbstract="false" artifactName="Ng5_rHasPlantSvAI"/>
   <OperationInputType typeName="Ng5_rHasProgramCreI" parentTypeName="Ng5_rAbsRelationCreI"
       typeClassName="Ng5_rHasProgramCreI" description="CreateInput object for &quot;Ng5_rHasProgram&quot; business object"
       isAbstract="false" artifactName="Ng5_rHasProgramCreI"/>
   <OperationInputType typeName="Ng5_rHasProgramSvAI" parentTypeName="Ng5_rAbsRelationSvAI"
       typeClassName="Ng5_rHasProgramSvAI" description="SaveAsInput object for &quot;Ng5_rHasProgram&quot; business object"
       isAbstract="false" artifactName="Ng5_rHasProgramSvAI"/>
   <OperationInputType typeName="Ng5_rHasRawMaterialCreI" parentTypeName="Ng5_rAbsRelationCreI"
       typeClassName="Ng5_rHasRawMaterialCreI" description="CreateInput object for &quot;Ng5_rHasRawMaterial&quot; business object"
       isAbstract="false" artifactName="Ng5_rHasRawMaterialCreI">
     <OperationInputProperty propName="ng5_raw_material_qty" compoundObjectConstant=""
         srcPropName="ng5_raw_material_qty" compoundObjectType="" fieldType="SimpleProperty"
         description="This is quantity for raw material. Different from OOTB quantity"/>
   </OperationInputType>
   <OperationInputType typeName="Ng5_rHasRawMaterialSvAI" parentTypeName="Ng5_rAbsRelationSvAI"
       typeClassName="Ng5_rHasRawMaterialSvAI" description="SaveAsInput object for &quot;Ng5_rHasRawMaterial&quot; business object"
       isAbstract="false" artifactName="Ng5_rHasRawMaterialSvAI"/>
   <OperationInputType typeName="Ng5_rHasReplacedByRelCreI" parentTypeName="Ng5_rAbsRelationCreI"
       typeClassName="Ng5_rHasReplacedByRelCreI" description="CreateInput object for &quot;Ng5_rHasReplacedByRel&quot; business object"
       isAbstract="false" artifactName="Ng5_rHasReplacedByRelCreI"/>
   <OperationInputType typeName="Ng5_rHasReplacedByRelSvAI" parentTypeName="Ng5_rAbsRelationSvAI"
       typeClassName="Ng5_rHasReplacedByRelSvAI" description="SaveAsInput object for &quot;Ng5_rHasReplacedByRel&quot; business object"
       isAbstract="false" artifactName="Ng5_rHasReplacedByRelSvAI"/>
   <OperationInputType typeName="Ng5_rHasSecondaryRepRelCreI" parentTypeName="Ng5_rAbsRelationCreI"
       typeClassName="Ng5_rHasSecondaryRepRelCreI" description="CreateInput object for &quot;Ng5_rHasSecondaryRepRel&quot; business object"
       isAbstract="false" artifactName="Ng5_rHasSecondaryRepRelCreI"/>
   <OperationInputType typeName="Ng5_rHasSecondaryRepRelSvAI" parentTypeName="Ng5_rAbsRelationSvAI"
       typeClassName="Ng5_rHasSecondaryRepRelSvAI" description="SaveAsInput object for &quot;Ng5_rHasSecondaryRepRel&quot; business object"
       isAbstract="false" artifactName="Ng5_rHasSecondaryRepRelSvAI"/>
   <OperationInputType typeName="Ng5_rHasSupplierCreI" parentTypeName="Ng5_rAbsRelationCreI"
       typeClassName="Ng5_rHasSupplierCreI" description="CreateInput object for &quot;Ng5_rHasSupplier&quot; business object"
       isAbstract="false" artifactName="Ng5_rHasSupplierCreI"/>
   <OperationInputType typeName="Ng5_rHasSupplierSvAI" parentTypeName="Ng5_rAbsRelationSvAI"
       typeClassName="Ng5_rHasSupplierSvAI" description="SaveAsInput object for &quot;Ng5_rHasSupplier&quot; business object"
       isAbstract="false" artifactName="Ng5_rHasSupplierSvAI"/>
   <OperationInputType typeName="Ng5_rHasValidationFormCreI" parentTypeName="Ng5_rAbsRelationCreI"
       typeClassName="Ng5_rHasValidationFormCreI" description="CreateInput object for &quot;Ng5_rHasValidationForm&quot; business object"
       isAbstract="false" artifactName="Ng5_rHasValidationFormCreI"/>
   <OperationInputType typeName="Ng5_rHasValidationFormSvAI" parentTypeName="Ng5_rAbsRelationSvAI"
       typeClassName="Ng5_rHasValidationFormSvAI" description="SaveAsInput object for &quot;Ng5_rHasValidationForm&quot; business object"
       isAbstract="false" artifactName="Ng5_rHasValidationFormSvAI"/>
   <OperationInputType typeName="Ng5_rHasValidationReportCreI" parentTypeName="Ng5_rAbsRelationCreI"
       typeClassName="Ng5_rHasValidationReportCreI" description="CreateInput object for &quot;Ng5_rHasValidationReport&quot; business object"
       isAbstract="false" artifactName="Ng5_rHasValidationReportCreI"/>
   <OperationInputType typeName="Ng5_rHasValidationReportSvAI" parentTypeName="Ng5_rAbsRelationSvAI"
       typeClassName="Ng5_rHasValidationReportSvAI" description="SaveAsInput object for &quot;Ng5_rHasValidationReport&quot; business object"
       isAbstract="false" artifactName="Ng5_rHasValidationReportSvAI"/>
   <OperationInputType typeName="Ng5_rPartHasCustomerPr_alt0CreI" parentTypeName="Ng5_rAbsRelationCreI"
       typeClassName="Ng5_rPartHasCustomerPr_alt0CreI" description="CreateInput object for &quot;Ng5_rPartHasCustomerPrtForm&quot; business object"
       isAbstract="false" artifactName="Ng5_rPartHasCustomerPr_alt0CreI"/>
   <OperationInputType typeName="Ng5_rPartHasCustomerPr_alt0SvAI" parentTypeName="Ng5_rAbsRelationSvAI"
       typeClassName="Ng5_rPartHasCustomerPr_alt0SvAI" description="SaveAsInput object for &quot;Ng5_rPartHasCustomerPrtForm&quot; business object"
       isAbstract="false" artifactName="Ng5_rPartHasCustomerPr_alt0SvAI"/>
   <TcStandardType typeName="Ng5_rAbsRelation" parentTypeName="ImanRelation" typeClassName="Ng5_rAbsRelation"
       description="" isAbstract="true" artifactName="Ng5_rAbsRelation" functionality="Ng5newgeneration"/>
   <TcStandardType typeName="Ng5_rCustmerPrtFmHasCustmer" parentTypeName="Ng5_rAbsRelation"
       typeClassName="Ng5_rCustmerPrtFmHasCustmer" description="" isAbstract="false"
       artifactName="Ng5_rCustmerPrtFmHasCustmer" functionality="Ng5newgeneration"/>
   <TcStandardType typeName="Ng5_rHasBQR" parentTypeName="Ng5_rHasBtoP" typeClassName="Ng5_rAbsRelation"
       description="" isAbstract="false" artifactName="Ng5_rHasBQR" functionality="Ng5newgeneration"/>
   <TcStandardType typeName="Ng5_rHasCntrlDoc" parentTypeName="Ng5_rAbsRelation" typeClassName="Ng5_rHasCntrlDoc"
       description="" isAbstract="false" artifactName="Ng5_rHasCntrlDoc" functionality="Ng5newgeneration"/>
   <TcStandardType typeName="Ng5_rHasCustomer" parentTypeName="Ng5_rAbsRelation" typeClassName="Ng5_rHasCustomer"
       description="" isAbstract="false" artifactName="Ng5_rHasCustomer" functionality="Ng5newgeneration"/>
   <TcStandardType typeName="Ng5_rHasDerivedFromRel" parentTypeName="Ng5_rAbsRelation"
       typeClassName="Ng5_rHasDerivedFromRel" description="" isAbstract="false" artifactName="Ng5_rHasDerivedFromRel"
       functionality="Ng5newgeneration"/>
   <TcStandardType typeName="Ng5_rHasDoc" parentTypeName="Ng5_rAbsRelation" typeClassName="Ng5_rHasDoc"
       description="" isAbstract="false" artifactName="Ng5_rHasDoc" functionality="Ng5newgeneration"/>
   <TcStandardType typeName="Ng5_rHasEngDwgRel" parentTypeName="Ng5_rAbsRelation"
       typeClassName="Ng5_rHasEngDwgRel" description="" isAbstract="false" artifactName="Ng5_rHasEngDwgRel"
       functionality="Ng5newgeneration"/>
   <TcStandardType typeName="Ng5_rHasExtDwgRel" parentTypeName="Ng5_rAbsRelation"
       typeClassName="Ng5_rHasExtDwgRel" description="" isAbstract="false" artifactName="Ng5_rHasExtDwgRel"
       functionality="Ng5newgeneration"/>
   <TcStandardType typeName="Ng5_rHasICEPartForm" parentTypeName="Ng5_rAbsRelation"
       typeClassName="Ng5_rHasICEPartForm" description="" isAbstract="false" artifactName="Ng5_rHasICEPartForm"
       functionality="Ng5newgeneration"/>
   <TcStandardType typeName="Ng5_rHasMatlMstr" parentTypeName="Ng5_rAbsRelation" typeClassName="Ng5_rHasMatlMstr"
       description="" isAbstract="false" artifactName="Ng5_rHasMatlMstr" functionality="Ng5newgeneration"/>
   <TcStandardType typeName="Ng5_rHasMirroredHandedRel" parentTypeName="Ng5_rAbsRelation"
       typeClassName="Ng5_rHasMirroredHandedRel" description="" isAbstract="false"
       artifactName="Ng5_rHasMirroredHandedRel" functionality="Ng5newgeneration"/>
   <TcStandardType typeName="Ng5_rHasNonEngSecRepRel" parentTypeName="Ng5_rAbsRelation"
       typeClassName="Ng5_rHasNonEngSecRepRel" description="" isAbstract="false" artifactName="Ng5_rHasNonEngSecRepRel"
       functionality="Ng5newgeneration"/>
   <TcStandardType typeName="Ng5_rHasPlant" parentTypeName="Ng5_rAbsRelation" typeClassName="Ng5_rHasPlant"
       description="" isAbstract="false" artifactName="Ng5_rHasPlant" functionality="Ng5newgeneration"/>
   <TcStandardType typeName="Ng5_rHasPlantForm" parentTypeName="Ng5_rAbsRelation"
       typeClassName="Ng5_rHasPlantForm" description="" isAbstract="false" artifactName="Ng5_rHasPlantForm"
       functionality="Ng5newgeneration"/>
   <TcStandardType typeName="Ng5_rHasProgram" parentTypeName="Ng5_rAbsRelation" typeClassName="Ng5_rHasProgram"
       description="" isAbstract="false" artifactName="Ng5_rHasProgram" functionality="Ng5newgeneration"/>
   <TcStandardType typeName="Ng5_rHasRawMaterial" parentTypeName="Ng5_rAbsRelation"
       typeClassName="Ng5_rHasRawMaterial" description="This relation is defined to relate Raw material with parts"
       isAbstract="false" artifactName="Ng5_rHasRawMaterial" functionality="Ng5newgeneration"/>
   <TcStandardType typeName="Ng5_rHasReplacedByRel" parentTypeName="Ng5_rAbsRelation"
       typeClassName="Ng5_rHasReplacedByRel" description="" isAbstract="false" artifactName="Ng5_rHasReplacedByRel"
       functionality="Ng5newgeneration"/>
   <TcStandardType typeName="Ng5_rHasSecondaryRepRel" parentTypeName="Ng5_rAbsRelation"
       typeClassName="Ng5_rHasSecondaryRepRel" description="" isAbstract="false" artifactName="Ng5_rHasSecondaryRepRel"
       functionality="Ng5newgeneration"/>
   <TcStandardType typeName="Ng5_rHasSupplier" parentTypeName="Ng5_rAbsRelation" typeClassName="Ng5_rHasSupplier"
       description="" isAbstract="false" artifactName="Ng5_rHasSupplier" functionality="Ng5newgeneration"/>
   <TcStandardType typeName="Ng5_rHasValidationForm" parentTypeName="Ng5_rAbsRelation"
       typeClassName="Ng5_rHasValidationForm" description="" isAbstract="false" artifactName="Ng5_rHasValidationForm"
       functionality="Ng5newgeneration"/>
   <TcStandardType typeName="Ng5_rHasValidationReport" parentTypeName="Ng5_rAbsRelation"
       typeClassName="Ng5_rHasValidationReport" description="" isAbstract="false"
       artifactName="Ng5_rHasValidationReport" functionality="Ng5newgeneration"/>
   <TcStandardType typeName="Ng5_rPartHasCustomerPrtForm" parentTypeName="Ng5_rAbsRelation"
       typeClassName="Ng5_rPartHasCustomerPrtForm" description="" isAbstract="false"
       artifactName="Ng5_rPartHasCustomerPrtForm" functionality="Ng5newgeneration"/>
   <OperationAttach typeName="Ng5_rHasMirroredHandedRel" id="validateCreateInput#Teamcenter::CreateInput,*"/>
   <TcTypeConstantAttach constantName="CreateInput" typeName="Ng5_rAbsRelation" value="Ng5_rAbsRelationCreI"/>
   <TcTypeConstantAttach constantName="CreateInput" typeName="Ng5_rCustmerPrtFmHasCustmer"
       value="Ng5_rCustmerPrtFmHasCu_alt0CreI"/>
   <TcTypeConstantAttach constantName="CreateInput" typeName="Ng5_rHasBQR" value="Ng5_rHasBQRCreI"/>
   <TcTypeConstantAttach constantName="CreateInput" typeName="Ng5_rHasCntrlDoc" value="Ng5_rHasCntrlDocCreI"/>
   <TcTypeConstantAttach constantName="CreateInput" typeName="Ng5_rHasCustomer" value="Ng5_rHasCustomerCreI"/>
   <TcTypeConstantAttach constantName="CreateInput" typeName="Ng5_rHasDerivedFromRel"
       value="Ng5_rHasDerivedFromRelCreI"/>
   <TcTypeConstantAttach constantName="CreateInput" typeName="Ng5_rHasDoc" value="Ng5_rHasDocCreI"/>
   <TcTypeConstantAttach constantName="CreateInput" typeName="Ng5_rHasEngDwgRel" value="Ng5_rHasEngDwgRelCreI"/>
   <TcTypeConstantAttach constantName="CreateInput" typeName="Ng5_rHasExtDwgRel" value="Ng5_rHasExtDwgRelCreI"/>
   <TcTypeConstantAttach constantName="CreateInput" typeName="Ng5_rHasICEPartForm"
       value="Ng5_rHasICEPartFormCreI"/>
   <TcTypeConstantAttach constantName="CreateInput" typeName="Ng5_rHasMatlMstr" value="Ng5_rHasMatlMstrCreI"/>
   <TcTypeConstantAttach constantName="CreateInput" typeName="Ng5_rHasMirroredHandedRel"
       value="Ng5_rHasMirroredHandedRelCreI"/>
   <TcTypeConstantAttach constantName="CreateInput" typeName="Ng5_rHasNonEngSecRepRel"
       value="Ng5_rHasNonEngSecRepRelCreI"/>
   <TcTypeConstantAttach constantName="CreateInput" typeName="Ng5_rHasPlant" value="Ng5_rHasPlantCreI"/>
   <TcTypeConstantAttach constantName="CreateInput" typeName="Ng5_rHasPlantForm" value="Ng5_rHasPlantFormCreI"/>
   <TcTypeConstantAttach constantName="CreateInput" typeName="Ng5_rHasProgram" value="Ng5_rHasProgramCreI"/>
   <TcTypeConstantAttach constantName="CreateInput" typeName="Ng5_rHasRawMaterial"
       value="Ng5_rHasRawMaterialCreI"/>
   <TcTypeConstantAttach constantName="CreateInput" typeName="Ng5_rHasReplacedByRel"
       value="Ng5_rHasReplacedByRelCreI"/>
   <TcTypeConstantAttach constantName="CreateInput" typeName="Ng5_rHasSecondaryRepRel"
       value="Ng5_rHasSecondaryRepRelCreI"/>
   <TcTypeConstantAttach constantName="CreateInput" typeName="Ng5_rHasSupplier" value="Ng5_rHasSupplierCreI"/>
   <TcTypeConstantAttach constantName="CreateInput" typeName="Ng5_rHasValidationForm"
       value="Ng5_rHasValidationFormCreI"/>
   <TcTypeConstantAttach constantName="CreateInput" typeName="Ng5_rHasValidationReport"
       value="Ng5_rHasValidationReportCreI"/>
   <TcTypeConstantAttach constantName="CreateInput" typeName="Ng5_rPartHasCustomerPrtForm"
       value="Ng5_rPartHasCustomerPr_alt0CreI"/>
   <TcTypeConstantAttach constantName="SaveAsInput" typeName="Ng5_rAbsRelation" value="Ng5_rAbsRelationSvAI"/>
   <TcTypeConstantAttach constantName="SaveAsInput" typeName="Ng5_rCustmerPrtFmHasCustmer"
       value="Ng5_rCustmerPrtFmHasCu_alt0SvAI"/>
   <TcTypeConstantAttach constantName="SaveAsInput" typeName="Ng5_rHasBQR" value="Ng5_rHasBQRSvAI"/>
   <TcTypeConstantAttach constantName="SaveAsInput" typeName="Ng5_rHasCntrlDoc" value="Ng5_rHasCntrlDocSvAI"/>
   <TcTypeConstantAttach constantName="SaveAsInput" typeName="Ng5_rHasCustomer" value="Ng5_rHasCustomerSvAI"/>
   <TcTypeConstantAttach constantName="SaveAsInput" typeName="Ng5_rHasDerivedFromRel"
       value="Ng5_rHasDerivedFromRelSvAI"/>
   <TcTypeConstantAttach constantName="SaveAsInput" typeName="Ng5_rHasDoc" value="Ng5_rHasDocSvAI"/>
   <TcTypeConstantAttach constantName="SaveAsInput" typeName="Ng5_rHasEngDwgRel" value="Ng5_rHasEngDwgRelSvAI"/>
   <TcTypeConstantAttach constantName="SaveAsInput" typeName="Ng5_rHasExtDwgRel" value="Ng5_rHasExtDwgRelSvAI"/>
   <TcTypeConstantAttach constantName="SaveAsInput" typeName="Ng5_rHasICEPartForm"
       value="Ng5_rHasICEPartFormSvAI"/>
   <TcTypeConstantAttach constantName="SaveAsInput" typeName="Ng5_rHasMatlMstr" value="Ng5_rHasMatlMstrSvAI"/>
   <TcTypeConstantAttach constantName="SaveAsInput" typeName="Ng5_rHasMirroredHandedRel"
       value="Ng5_rHasMirroredHandedRelSvAI"/>
   <TcTypeConstantAttach constantName="SaveAsInput" typeName="Ng5_rHasNonEngSecRepRel"
       value="Ng5_rHasNonEngSecRepRelSvAI"/>
   <TcTypeConstantAttach constantName="SaveAsInput" typeName="Ng5_rHasPlant" value="Ng5_rHasPlantSvAI"/>
   <TcTypeConstantAttach constantName="SaveAsInput" typeName="Ng5_rHasPlantForm" value="Ng5_rHasPlantFormSvAI"/>
   <TcTypeConstantAttach constantName="SaveAsInput" typeName="Ng5_rHasProgram" value="Ng5_rHasProgramSvAI"/>
   <TcTypeConstantAttach constantName="SaveAsInput" typeName="Ng5_rHasRawMaterial"
       value="Ng5_rHasRawMaterialSvAI"/>
   <TcTypeConstantAttach constantName="SaveAsInput" typeName="Ng5_rHasReplacedByRel"
       value="Ng5_rHasReplacedByRelSvAI"/>
   <TcTypeConstantAttach constantName="SaveAsInput" typeName="Ng5_rHasSecondaryRepRel"
       value="Ng5_rHasSecondaryRepRelSvAI"/>
   <TcTypeConstantAttach constantName="SaveAsInput" typeName="Ng5_rHasSupplier" value="Ng5_rHasSupplierSvAI"/>
   <TcTypeConstantAttach constantName="SaveAsInput" typeName="Ng5_rHasValidationForm"
       value="Ng5_rHasValidationFormSvAI"/>
   <TcTypeConstantAttach constantName="SaveAsInput" typeName="Ng5_rHasValidationReport"
       value="Ng5_rHasValidationReportSvAI"/>
   <TcTypeConstantAttach constantName="SaveAsInput" typeName="Ng5_rPartHasCustomerPrtForm"
       value="Ng5_rPartHasCustomerPr_alt0SvAI"/>
   <TcPropertyConstantAttach constantName="Enabled" typeName="Ng5_LaunchPrgRevision"
       propertyName="Ng5_rHasBQR" value="true"/>
   <TcPropertyConstantAttach constantName="Enabled" typeName="Ng5_rHasRawMaterial"
       propertyName="ng5_raw_material_qty" value="true"/>
   <TcPropertyConstantAttach constantName="Enabled" typeName="Ng5_rHasRawMaterial"
       propertyName="ng5_raw_material_uom" value="true"/>
   <TcPropertyConstantAttach constantName="Modifiable" typeName="Ng5_LaunchPrgRevision"
       propertyName="Ng5_rHasBQR" value="Write"/>
   <TcPropertyConstantAttach constantName="Modifiable" typeName="Ng5_rHasRawMaterial"
       propertyName="ng5_raw_material_qty" value="Write"/>
   <TcPropertyConstantAttach constantName="Modifiable" typeName="Ng5_rHasRawMaterial"
       propertyName="ng5_raw_material_uom" value="Write"/>
   <TcGRMRule primaryTypeName="Ng5_DrawingRevision" secondaryTypeName="CATPart" relationTypeName="*"
       conditionName="isTrue" primaryCardinality="1" secondaryCardinality="0" secured="false"
       attachability="Unrestricted" changeability="Changeable" detachability="Unrestricted"
       description=""/>
   <TcGRMRule primaryTypeName="Ng5_DrawingRevision" secondaryTypeName="CATProduct"
       relationTypeName="*" conditionName="isTrue" primaryCardinality="1" secondaryCardinality="0"
       secured="false" attachability="Unrestricted" changeability="Changeable" detachability="Unrestricted"
       description=""/>
   <TcGRMRule primaryTypeName="Ng5_EngPart" secondaryTypeName="Ng5_ICEPartForm" relationTypeName="Ng5_rHasICEPartForm"
       conditionName="Ng5_isMMRole" primaryCardinality="1" secondaryCardinality="1"
       secured="false" attachability="Unrestricted" changeability="Changeable" detachability="Unrestricted"
       description=""/>
   <TcGRMRule primaryTypeName="Ng5_EngPart" secondaryTypeName="Ng5_MatlMaster" relationTypeName="Ng5_rHasMatlMstr"
       conditionName="Ng5_isMMRole" primaryCardinality="1" secondaryCardinality="-1"
       secured="false" attachability="Unrestricted" changeability="Changeable" detachability="WriteAccessReq"
       description=""/>
   <TcGRMRule primaryTypeName="Ng5_EngPartRevision" secondaryTypeName="CATDrawing"
       relationTypeName="*" conditionName="isTrue" primaryCardinality="1" secondaryCardinality="0"
       secured="false" attachability="Unrestricted" changeability="Changeable" detachability="Unrestricted"
       description=""/>
   <TcGRMRule primaryTypeName="Ng5_EngPartRevision" secondaryTypeName="Ng5_CntlDocRevision"
       relationTypeName="Ng5_rHasCntrlDoc" conditionName="isTrue" primaryCardinality="-1"
       secondaryCardinality="-1" secured="false" attachability="WriteAccessReq" changeability="Changeable"
       detachability="WriteAccessReq" description=""/>
   <TcGRMRule primaryTypeName="Ng5_EngPartRevision" secondaryTypeName="Ng5_CustomerPartForm"
       relationTypeName="Ng5_rPartHasCustomerPrtForm" conditionName="isTrue" primaryCardinality="-1"
       secondaryCardinality="-1" secured="false" attachability="Unrestricted" changeability="Changeable"
       detachability="Unrestricted" description=""/>
   <TcGRMRule primaryTypeName="Ng5_EngPartRevision" secondaryTypeName="Ng5_EngPartRevision"
       relationTypeName="Ng5_rHasDerivedFromRel" conditionName="isTrue" primaryCardinality="-1"
       secondaryCardinality="-1" secured="false" attachability="Unrestricted" changeability="Changeable"
       detachability="WriteAccessReq" description=""/>
   <TcGRMRule primaryTypeName="Ng5_EngPartRevision" secondaryTypeName="Ng5_EngPartRevision"
       relationTypeName="Ng5_rHasMirroredHandedRel" conditionName="isTrue" primaryCardinality="-1"
       secondaryCardinality="-1" secured="false" attachability="WriteAccessReq" changeability="Changeable"
       detachability="WriteAccessReq" description=""/>
   <TcGRMRule primaryTypeName="Ng5_EngPartRevision" secondaryTypeName="Ng5_SupportPartRevision"
       relationTypeName="Ng5_rHasSecondaryRepRel" conditionName="isTrue" primaryCardinality="-1"
       secondaryCardinality="-1" secured="false" attachability="Unrestricted" changeability="Changeable"
       detachability="WriteAccessReq" description=""/>
   <TcGRMRule primaryTypeName="Ng5_LaunchPrgRevision" secondaryTypeName="Ng5_BQRRevision"
       relationTypeName="Ng5_rHasBQR" conditionName="isTrue" primaryCardinality="1"
       secondaryCardinality="-1" secured="false" attachability="Unrestricted" changeability="Changeable"
       detachability="Unrestricted" description=""/>
   <TcGRMRule primaryTypeName="Ng5_MasterPrgRevision" secondaryTypeName="Ng5_BQRRevision"
       relationTypeName="Ng5_rHasBQR" conditionName="isTrue" primaryCardinality="1"
       secondaryCardinality="-1" secured="false" attachability="Unrestricted" changeability="Changeable"
       detachability="Unrestricted" description=""/>
   <TcGRMRule primaryTypeName="Ng5_MatlMaster" secondaryTypeName="Ng5_PlantForm" relationTypeName="Ng5_rHasPlantForm"
       conditionName="isTrue" primaryCardinality="1" secondaryCardinality="-1" secured="false"
       attachability="Unrestricted" changeability="Changeable" detachability="Unrestricted"
       description=""/>
   <TcGRMRule primaryTypeName="Ng5_MatlMaster" secondaryTypeName="Ng5_PlantRevision"
       relationTypeName="Ng5_rHasPlant" conditionName="isTrue" primaryCardinality="-1"
       secondaryCardinality="-1" secured="false" attachability="Unrestricted" changeability="Changeable"
       detachability="Unrestricted" description=""/>
   <TcGRMRule primaryTypeName="Ng5_NonEngDwgRevision" secondaryTypeName="CATPart"
       relationTypeName="*" conditionName="isTrue" primaryCardinality="1" secondaryCardinality="0"
       secured="false" attachability="Unrestricted" changeability="Changeable" detachability="Unrestricted"
       description=""/>
   <TcGRMRule primaryTypeName="Ng5_NonEngDwgRevision" secondaryTypeName="CATProduct"
       relationTypeName="*" conditionName="isTrue" primaryCardinality="1" secondaryCardinality="0"
       secured="false" attachability="Unrestricted" changeability="Changeable" detachability="Unrestricted"
       description=""/>
   <TcGRMRule primaryTypeName="Ng5_NonEngPart" secondaryTypeName="Ng5_ICEPartForm"
       relationTypeName="Ng5_rHasICEPartForm" conditionName="isTrue" primaryCardinality="1"
       secondaryCardinality="1" secured="false" attachability="Unrestricted" changeability="Changeable"
       detachability="Unrestricted" description=""/>
   <TcGRMRule primaryTypeName="Ng5_NonEngPart" secondaryTypeName="Ng5_MatlMaster"
       relationTypeName="Ng5_rHasMatlMstr" conditionName="isTrue" primaryCardinality="1"
       secondaryCardinality="-1" secured="false" attachability="Unrestricted" changeability="Changeable"
       detachability="Unrestricted" description=""/>
   <TcGRMRule primaryTypeName="Ng5_NonEngSupPrtRevision" secondaryTypeName="Ng5_NonEngDwgRevision"
       relationTypeName="Ng5_rHasExtDwgRel" conditionName="isTrue" primaryCardinality="-1"
       secondaryCardinality="-1" secured="false" attachability="Unrestricted" changeability="Changeable"
       detachability="Unrestricted" description=""/>
   <TcGRMRule primaryTypeName="Ng5_RawMaterial" secondaryTypeName="Ng5_ICEPartForm"
       relationTypeName="Ng5_rHasICEPartForm" conditionName="isTrue" primaryCardinality="1"
       secondaryCardinality="1" secured="false" attachability="Unrestricted" changeability="Changeable"
       detachability="Unrestricted" description=""/>
   <TcGRMRule primaryTypeName="Ng5_RawMaterial" secondaryTypeName="Ng5_MatlMaster"
       relationTypeName="Ng5_rHasMatlMstr" conditionName="Ng5_isMMRole" primaryCardinality="1"
       secondaryCardinality="-1" secured="false" attachability="Unrestricted" changeability="Changeable"
       detachability="WriteAccessReq" description=""/>
   <TcGRMRule primaryTypeName="Ng5_SupportPartRevision" secondaryTypeName="CATDrawing"
       relationTypeName="*" conditionName="isTrue" primaryCardinality="1" secondaryCardinality="0"
       secured="false" attachability="Unrestricted" changeability="Changeable" detachability="Unrestricted"
       description=""/>
   <TcGRMRule primaryTypeName="Ng5_SupportPartRevision" secondaryTypeName="Ng5_DrawingRevision"
       relationTypeName="Ng5_rHasEngDwgRel" conditionName="isTrue" primaryCardinality="-1"
       secondaryCardinality="-1" secured="false" attachability="WriteAccessReq" changeability="Changeable"
       detachability="WriteAccessReq" description=""/>
</Add>
</TcBusinessData>
