<?xml version="1.0" encoding="UTF-8"?>
<TcBusinessData xmlns="http://teamcenter.com/BusinessModel/TcBusinessData" Date="">
<Add>
   <Library name="Ng5SoaTCIntegration" createRelease="tc11000.3.0" serviceLibrary="true"
       namespace="Ng5::Soa::TCIntegration" isThirdParty="false" description="This is the service library initally created for chat bot.">
     <DependentOn name="Ng5_operationsdefs"/>
   </Library>
   <Library name="Ng5_operationsdefs" createRelease="tc11000.3.0" serviceLibrary="false"
       namespace="" isThirdParty="false" description="This is the chatbot utils library">
     <DependentOn name="metaframework"/>
     <DependentOn name="tccore"/>
     <DependentOn name="tc"/>
     <DependentOn name="cxpom"/>
   </Library>
   <ServiceInterface name="TCIntegrationManagement" namespace="Ng5::Soa::TCIntegration"
       libraryName="Ng5SoaTCIntegration" serviceLibraryRef="" dependencies="" createRelease="tc11000.3.0"
       description="This is the TCIntegrationManagement Service that contains all the operations for Chat BOT Teamcenter Integration"/>
   <Struct name="InputStructure" createRelease="tc11000.3.0" scope="Ng5::Soa::TCIntegration::TCIntegrationManagement"
       namespace="Ng5::Soa::TCIntegration::_2017_05::TCIntegrationManagement" isPublished="true"
       description="This is a structure that contains inputs for SOA.">
     <StructElement name="inputCode" description="This contains input codes for the operations to be performed.">
       <DataTypeRefParam dataType="int"/>
     </StructElement>
     <StructElement name="inputString" description="This contains a separated list of input strings required by the soa">
       <DataTypeRefParam dataType="std::string"/>
     </StructElement>
     <StructElement name="userInfo" description="This string contains information of the user that requested an operation.">
       <DataTypeRefParam dataType="std::string"/>
     </StructElement>
   </Struct>
   <Struct name="SoaResponse" createRelease="tc11000.3.0" scope="Ng5::Soa::TCIntegration::TCIntegrationManagement"
       namespace="Ng5::Soa::TCIntegration::_2017_05::TCIntegrationManagement" isPublished="true">
     <StructElement name="outputCode" description="This contains the output codes.">
       <DataTypeRefParam dataType="int"/>
     </StructElement>
     <StructElement name="outputString" description="This contains the output string">
       <DataTypeRefParam dataType="std::string"/>
     </StructElement>
     <StructElement name="serviceData" description="This contains the service data">
       <DataTypeRefParam dataType="Teamcenter::Soa::Server::ServiceData"/>
     </StructElement>
   </Struct>
   <OperationTemplate id="Ng5::Soa::TCIntegration::_2017_05::TCIntegrationManagement::SoaResponse#Ng5::Soa::TCIntegration::TCIntegrationManagement::executeOperation#const,Ng5::Soa::TCIntegration::_2017_05::TCIntegrationManagement::InputStructure,&amp;"
       name="Ng5::Soa::TCIntegration::TCIntegrationManagement::executeOperation" returnConst="false"
       createRelease="tc11000.3.0" description="The executeOperation is designed to perform operations as assigned to the BOT. The operation takes in an InputStructure and returns a SoaResponse for success and failure.&amp;nbsp;"
       const="false" static="false" accessControl="false" returnFreeMemory="false"
       returnDescription="The operaitons returns a SoaResponse for success and failure. The reponse consist of an integrer and a string with appropirate service data.&amp;nbsp;">
     <OperationReturnDataTypeRef dataType="Ng5::Soa::TCIntegration::_2017_05::TCIntegrationManagement::SoaResponse"
         qualifier=""/>
     <OperationParameter name="input" description="This is the input for the operation"
         const="true" inputOutput="Input" freeOutputMemory="false" defaultValue="">
       <OperationParameterDataTypeRef dataType="Ng5::Soa::TCIntegration::_2017_05::TCIntegrationManagement::InputStructure"
           qualifier="&amp;"/>
     </OperationParameter>
   </OperationTemplate>
   <Operation id="executeOperation#const,Ng5::Soa::TCIntegration::_2017_05::TCIntegrationManagement::InputStructure,&amp;"
       name="executeOperation" createRelease="tc11000.3.0" description="The executeOperation is designed to perform operations as assigned to the BOT. The operation takes in an InputStructure and returns a SoaResponse for success and failure.&amp;nbsp;"
       opTemplate="Ng5::Soa::TCIntegration::_2017_05::TCIntegrationManagement::SoaResponse#Ng5::Soa::TCIntegration::TCIntegrationManagement::executeOperation#const,Ng5::Soa::TCIntegration::_2017_05::TCIntegrationManagement::InputStructure,&amp;"
       interface="Ng5::Soa::TCIntegration::TCIntegrationManagement" isPublished="true"
       canOverride="false" isPreActionAllowed="false" isPostActionAllowed="false"
       isPreConditionAllowed="false" returnDescription="The operaitons returns a SoaResponse for success and failure. The reponse consist of an integrer and a string with appropirate service data.&amp;nbsp;"
       component="" useCase="User asks the BOT to add user1 to group dba. The SOA input structure will be populated with inputs user1, dba and sent to the server. The server will add the user to the group and return a response based on success or failure."
       dependencies="" exceptionCondition="">
     <ParameterInfo parameterName="input" description="This is the input for the operation"/>
   </Operation>
</Add>
</TcBusinessData>
