<?xml version="1.0" encoding="UTF-8"?>
<TcBusinessData xmlns="http://teamcenter.com/BusinessModel/TcBusinessData" Date="">
<Add>
   <TcClass className="Ng5_AbsDoc" parentClassName="Document" isExportable="true"
       isUninstantiable="false" isUninheritable="false" description="">
     <TcAttribute attributeName="ng5_owning_sytem" description="" attributeType="POM_string"
         maxStringLength="64" isArray="false" followOnExport="false" isNullsAllowed="true"
         isUnique="false" isPublicRead="true" isPublicWrite="true" isCandidateKey="false"
         isTransient="false" exportAsString="false" noBackpointer="false" lowerBoundValue=""
         upperBoundValue=""/>
   </TcClass>
   <TcClass className="Ng5_AbsDocMasterS" parentClassName="IMSProfile" isExportable="true"
       isUninstantiable="false" isUninheritable="false" description=""/>
   <TcClass className="Ng5_AbsDocRevMasterS" parentClassName="IMSProfile" isExportable="true"
       isUninstantiable="false" isUninheritable="false" description=""/>
   <TcClass className="Ng5_AbsDocRevision" parentClassName="DocumentRevision" isExportable="true"
       isUninstantiable="false" isUninheritable="false" description=""/>
   <TcClass className="Ng5_CntlDoc" parentClassName="Ng5_AbsDoc" isExportable="true"
       isUninstantiable="false" isUninheritable="false" description="">
     <TcAttribute attributeName="ng5_document_type" description="control document type"
         attributeType="POM_string" maxStringLength="128" isArray="false" followOnExport="false"
         isNullsAllowed="true" isUnique="false" isPublicRead="true" isPublicWrite="true"
         isCandidateKey="false" isTransient="false" exportAsString="false" noBackpointer="false"
         lowerBoundValue="" upperBoundValue=""/>
   </TcClass>
   <TcClass className="Ng5_CntlDocMasterS" parentClassName="Ng5_AbsDocMasterS" isExportable="true"
       isUninstantiable="false" isUninheritable="false" description=""/>
   <TcClass className="Ng5_CntlDocRevMasterS" parentClassName="Ng5_AbsDocRevMasterS"
       isExportable="true" isUninstantiable="false" isUninheritable="false" description=""/>
   <TcClass className="Ng5_CntlDocRevision" parentClassName="Ng5_AbsDocRevision" isExportable="true"
       isUninstantiable="false" isUninheritable="false" description="">
     <TcAttribute attributeName="ng5_cntldoc_customer_number" description="Customer Number"
         attributeType="POM_string" maxStringLength="128" isArray="false" followOnExport="false"
         isNullsAllowed="true" isUnique="false" isPublicRead="true" isPublicWrite="true"
         isCandidateKey="false" isTransient="false" exportAsString="false" noBackpointer="false"
         lowerBoundValue="" upperBoundValue=""/>
   </TcClass>
   <OperationInputType typeName="Ng5_AbsDocCreI" parentTypeName="DocumentCreI" typeClassName="Ng5_AbsDocCreI"
       description="CreateInput object for &quot;Ng5_AbsDoc&quot; business object"
       isAbstract="true" artifactName="Ng5_AbsDocCreI"/>
   <OperationInputType typeName="Ng5_AbsDocMasterCreI" parentTypeName="Document MasterCreI"
       typeClassName="Ng5_AbsDocMasterCreI" description="CreateInput object for &quot;Ng5_AbsDocMaster&quot; business object"
       isAbstract="false" artifactName="Ng5_AbsDocMasterCreI"/>
   <OperationInputType typeName="Ng5_AbsDocMasterSCreI" parentTypeName="IMSProfileCreI"
       typeClassName="Ng5_AbsDocMasterSCreI" description="CreateInput object for &quot;Ng5_AbsDocMasterS&quot; business object"
       isAbstract="false" artifactName="Ng5_AbsDocMasterSCreI"/>
   <OperationInputType typeName="Ng5_AbsDocMasterSSvAI" parentTypeName="IMSProfileSvAI"
       typeClassName="Ng5_AbsDocMasterSSvAI" description="SaveAsInput object for &quot;Ng5_AbsDocMasterS&quot; business object"
       isAbstract="false" artifactName="Ng5_AbsDocMasterSSvAI"/>
   <OperationInputType typeName="Ng5_AbsDocMasterSvAI" parentTypeName="Document MasterSvAI"
       typeClassName="Ng5_AbsDocMasterSvAI" description="SaveAsInput object for &quot;Ng5_AbsDocMaster&quot; business object"
       isAbstract="false" artifactName="Ng5_AbsDocMasterSvAI"/>
   <OperationInputType typeName="Ng5_AbsDocRevMasterSCreI" parentTypeName="IMSProfileCreI"
       typeClassName="Ng5_AbsDocRevMasterSCreI" description="CreateInput object for &quot;Ng5_AbsDocRevMasterS&quot; business object"
       isAbstract="false" artifactName="Ng5_AbsDocRevMasterSCreI"/>
   <OperationInputType typeName="Ng5_AbsDocRevMasterSSvAI" parentTypeName="IMSProfileSvAI"
       typeClassName="Ng5_AbsDocRevMasterSSvAI" description="SaveAsInput object for &quot;Ng5_AbsDocRevMasterS&quot; business object"
       isAbstract="false" artifactName="Ng5_AbsDocRevMasterSSvAI"/>
   <OperationInputType typeName="Ng5_AbsDocRevisionCreI" parentTypeName="DocumentRevisionCreI"
       typeClassName="Ng5_AbsDocRevisionCreI" description="CreateInput object for &quot;Ng5_AbsDocRevision&quot; business object"
       isAbstract="true" artifactName="Ng5_AbsDocRevisionCreI"/>
   <OperationInputType typeName="Ng5_AbsDocRevisionMasterCreI" parentTypeName="DocumentRevision MasterCreI"
       typeClassName="Ng5_AbsDocRevisionMasterCreI" description="CreateInput object for &quot;Ng5_AbsDocRevisionMaster&quot; business object"
       isAbstract="false" artifactName="Ng5_AbsDocRevisionMasterCreI"/>
   <OperationInputType typeName="Ng5_AbsDocRevisionMasterSvAI" parentTypeName="DocumentRevision MasterSvAI"
       typeClassName="Ng5_AbsDocRevisionMasterSvAI" description="SaveAsInput object for &quot;Ng5_AbsDocRevisionMaster&quot; business object"
       isAbstract="false" artifactName="Ng5_AbsDocRevisionMasterSvAI"/>
   <OperationInputType typeName="Ng5_AbsDocRevisionRevI" parentTypeName="DocumentRevisionRevI"
       typeClassName="Ng5_AbsDocRevisionRevI" description="ReviseInput object for &quot;Ng5_AbsDocRevision&quot; business object"
       isAbstract="true" artifactName="Ng5_AbsDocRevisionRevI"/>
   <OperationInputType typeName="Ng5_AbsDocRevisionSvAI" parentTypeName="DocumentRevisionSvAI"
       typeClassName="Ng5_AbsDocRevisionSvAI" description="SaveAsInput object for &quot;Ng5_AbsDocRevision&quot; business object"
       isAbstract="true" artifactName="Ng5_AbsDocRevisionSvAI"/>
   <OperationInputType typeName="Ng5_AbsDocSvAI" parentTypeName="DocumentSvAI" typeClassName="Ng5_AbsDocSvAI"
       description="SaveAsInput object for &quot;Ng5_AbsDoc&quot; business object"
       isAbstract="true" artifactName="Ng5_AbsDocSvAI"/>
   <OperationInputType typeName="Ng5_CntlDocCreI" parentTypeName="Ng5_AbsDocCreI"
       typeClassName="Ng5_CntlDocCreI" description="CreateInput object for &quot;Ng5_CntlDoc&quot; business object"
       isAbstract="false" artifactName="Ng5_CntlDocCreI">
     <OperationInputProperty propName="ng5_document_type" compoundObjectConstant=""
         srcPropName="ng5_document_type" compoundObjectType="" fieldType="SimpleProperty"
         description="control document type"/>
   </OperationInputType>
   <OperationInputType typeName="Ng5_CntlDocMasterCreI" parentTypeName="Ng5_AbsDocMasterCreI"
       typeClassName="Ng5_CntlDocMasterCreI" description="CreateInput object for &quot;Ng5_CntlDocMaster&quot; business object"
       isAbstract="false" artifactName="Ng5_CntlDocMasterCreI"/>
   <OperationInputType typeName="Ng5_CntlDocMasterSCreI" parentTypeName="Ng5_AbsDocMasterSCreI"
       typeClassName="Ng5_CntlDocMasterSCreI" description="CreateInput object for &quot;Ng5_CntlDocMasterS&quot; business object"
       isAbstract="false" artifactName="Ng5_CntlDocMasterSCreI"/>
   <OperationInputType typeName="Ng5_CntlDocMasterSSvAI" parentTypeName="Ng5_AbsDocMasterSSvAI"
       typeClassName="Ng5_CntlDocMasterSSvAI" description="SaveAsInput object for &quot;Ng5_CntlDocMasterS&quot; business object"
       isAbstract="false" artifactName="Ng5_CntlDocMasterSSvAI"/>
   <OperationInputType typeName="Ng5_CntlDocMasterSvAI" parentTypeName="Ng5_AbsDocMasterSvAI"
       typeClassName="Ng5_CntlDocMasterSvAI" description="SaveAsInput object for &quot;Ng5_CntlDocMaster&quot; business object"
       isAbstract="false" artifactName="Ng5_CntlDocMasterSvAI"/>
   <OperationInputType typeName="Ng5_CntlDocRevMasterSCreI" parentTypeName="Ng5_AbsDocRevMasterSCreI"
       typeClassName="Ng5_CntlDocRevMasterSCreI" description="CreateInput object for &quot;Ng5_CntlDocRevMasterS&quot; business object"
       isAbstract="false" artifactName="Ng5_CntlDocRevMasterSCreI"/>
   <OperationInputType typeName="Ng5_CntlDocRevMasterSSvAI" parentTypeName="Ng5_AbsDocRevMasterSSvAI"
       typeClassName="Ng5_CntlDocRevMasterSSvAI" description="SaveAsInput object for &quot;Ng5_CntlDocRevMasterS&quot; business object"
       isAbstract="false" artifactName="Ng5_CntlDocRevMasterSSvAI"/>
   <OperationInputType typeName="Ng5_CntlDocRevisionCreI" parentTypeName="Ng5_AbsDocRevisionCreI"
       typeClassName="Ng5_CntlDocRevisionCreI" description="CreateInput object for &quot;Ng5_CntlDocRevision&quot; business object"
       isAbstract="false" artifactName="Ng5_CntlDocRevisionCreI">
     <OperationInputProperty propName="ng5_cntldoc_customer_number" compoundObjectConstant=""
         srcPropName="ng5_cntldoc_customer_number" compoundObjectType="" fieldType="SimpleProperty"
         description="Customer Number"/>
   </OperationInputType>
   <OperationInputType typeName="Ng5_CntlDocRevisionMasterCreI" parentTypeName="Ng5_AbsDocRevisionMasterCreI"
       typeClassName="Ng5_CntlDocRevisionMasterCreI" description="CreateInput object for &quot;Ng5_CntlDocRevisionMaster&quot; business object"
       isAbstract="false" artifactName="Ng5_CntlDocRevisionMasterCreI"/>
   <OperationInputType typeName="Ng5_CntlDocRevisionMasterSvAI" parentTypeName="Ng5_AbsDocRevisionMasterSvAI"
       typeClassName="Ng5_CntlDocRevisionMasterSvAI" description="SaveAsInput object for &quot;Ng5_CntlDocRevisionMaster&quot; business object"
       isAbstract="false" artifactName="Ng5_CntlDocRevisionMasterSvAI"/>
   <OperationInputType typeName="Ng5_CntlDocRevisionRevI" parentTypeName="Ng5_AbsDocRevisionRevI"
       typeClassName="Ng5_CntlDocRevisionRevI" description="ReviseInput object for &quot;Ng5_CntlDocRevision&quot; business object"
       isAbstract="false" artifactName="Ng5_CntlDocRevisionRevI"/>
   <OperationInputType typeName="Ng5_CntlDocRevisionSvAI" parentTypeName="Ng5_AbsDocRevisionSvAI"
       typeClassName="Ng5_CntlDocRevisionSvAI" description="SaveAsInput object for &quot;Ng5_CntlDocRevision&quot; business object"
       isAbstract="false" artifactName="Ng5_CntlDocRevisionSvAI"/>
   <OperationInputType typeName="Ng5_CntlDocSvAI" parentTypeName="Ng5_AbsDocSvAI"
       typeClassName="Ng5_CntlDocSvAI" description="SaveAsInput object for &quot;Ng5_CntlDoc&quot; business object"
       isAbstract="false" artifactName="Ng5_CntlDocSvAI"/>
   <TcForm typeName="Ng5_AbsDocMaster" parentTypeName="Document Master" typeClassName="Form"
       description="MasterForm object for &quot;Ng5_AbsDoc&quot; business object"
       isAbstract="false" artifactName="Ng5_AbsDocMaster" functionality="Ng5newgeneration"
       formStorageClassName="Ng5_AbsDocMasterS"/>
   <TcForm typeName="Ng5_AbsDocRevisionMaster" parentTypeName="DocumentRevision Master"
       typeClassName="Form" description="MasterForm object for &quot;Ng5_AbsDocRevision&quot; business object"
       isAbstract="false" artifactName="Ng5_AbsDocRevisionMaster" functionality="Ng5newgeneration"
       formStorageClassName="Ng5_AbsDocRevMasterS"/>
   <TcForm typeName="Ng5_CntlDocMaster" parentTypeName="Ng5_AbsDocMaster" typeClassName="Form"
       description="MasterForm object for &quot;Ng5_CntlDoc&quot; business object"
       isAbstract="false" artifactName="Ng5_CntlDocMaster" functionality="Ng5newgeneration"
       formStorageClassName="Ng5_CntlDocMasterS"/>
   <TcForm typeName="Ng5_CntlDocRevisionMaster" parentTypeName="Ng5_AbsDocRevisionMaster"
       typeClassName="Form" description="MasterForm object for &quot;Ng5_CntlDocRevision&quot; business object"
       isAbstract="false" artifactName="Ng5_CntlDocRevisionMaster" functionality="Ng5newgeneration"
       formStorageClassName="Ng5_CntlDocRevMasterS"/>
   <TcStandardType typeName="Ng5_AbsDoc" parentTypeName="Document" typeClassName="Ng5_AbsDoc"
       description="" isAbstract="true" artifactName="Ng5_AbsDoc" functionality="Ng5newgeneration"/>
   <TcStandardType typeName="Ng5_AbsDocMasterS" parentTypeName="IMSProfile" typeClassName="Ng5_AbsDocMasterS"
       description="Form Storage object for &quot;Ng5_AbsDocMaster&quot; business object"
       isAbstract="false" artifactName="Ng5_AbsDocMasterS" functionality="Ng5newgeneration"/>
   <TcStandardType typeName="Ng5_AbsDocRevMasterS" parentTypeName="IMSProfile" typeClassName="Ng5_AbsDocRevMasterS"
       description="Form Storage object for &quot;Ng5_AbsDocRevMaster&quot; business object"
       isAbstract="false" artifactName="Ng5_AbsDocRevMasterS" functionality="Ng5newgeneration"/>
   <TcStandardType typeName="Ng5_AbsDocRevision" parentTypeName="DocumentRevision"
       typeClassName="Ng5_AbsDocRevision" description="ItemRevision object for &quot;Ng5_AbsDoc&quot;  business object"
       isAbstract="true" artifactName="Ng5_AbsDocRevision" functionality="Ng5newgeneration"/>
   <TcStandardType typeName="Ng5_CntlDoc" parentTypeName="Ng5_AbsDoc" typeClassName="Ng5_CntlDoc"
       description="" isAbstract="false" artifactName="Ng5_CntlDoc" functionality="Ng5newgeneration">
     <TcProperty propName="Ng5_rHasReplacedByRel" propTypeName="Relation" propValueType="PROP_untyped_relation"
         propMaxStringLength="0" isArray="true" arrayLength="-1" description="" referencedTypeConstant=""
         referencedType=""/>
   </TcStandardType>
   <TcStandardType typeName="Ng5_CntlDocMasterS" parentTypeName="Ng5_AbsDocMasterS"
       typeClassName="Ng5_CntlDocMasterS" description="Form Storage object for &quot;Ng5_CntlDocMaster&quot; business object"
       isAbstract="false" artifactName="Ng5_CntlDocMasterS" functionality="Ng5newgeneration"/>
   <TcStandardType typeName="Ng5_CntlDocRevMasterS" parentTypeName="Ng5_AbsDocRevMasterS"
       typeClassName="Ng5_CntlDocRevMasterS" description="Form Storage object for &quot;Ng5_CntlDocRevMaster&quot; business object"
       isAbstract="false" artifactName="Ng5_CntlDocRevMasterS" functionality="Ng5newgeneration"/>
   <TcStandardType typeName="Ng5_CntlDocRevision" parentTypeName="Ng5_AbsDocRevision"
       typeClassName="Ng5_CntlDocRevision" description="ItemRevision object for &quot;Ng5_CntlDoc&quot;  business object"
       isAbstract="false" artifactName="Ng5_CntlDocRevision" functionality="Ng5newgeneration">
     <TcProperty propName="ng5_associated_partrevs" propTypeName="Runtime" propValueType="PROP_untyped_reference"
         propMaxStringLength="0" isArray="true" arrayLength="-1" description="" referencedTypeConstant=""
         referencedType=""/>
   </TcStandardType>
   <BusinessObjectInterface name="Ng5_CntlDocRevision" namespace="ng5newgeneration"
       libraryName="Ng5Core" createRelease="tc11000.2.2" typeName="Ng5_CntlDocRevision"
       primaryInterface="true" description="Interface Name for Business Object Ng5_CntlDocRevision"/>
   <PropertyOperation id="getNg5_associated_partrevs#std::vector&lt;tag_t&gt;,&amp;$std::vector&lt;int&gt;,&amp;"
       name="getNg5_associated_partrevs" createRelease="tc11000.2.2" description="Getter for a Tag Array Property"
       propertyName="ng5_associated_partrevs" operationType="Getter" opTemplate="int#get#std::vector&lt;tag_t&gt;,&amp;$std::vector&lt;int&gt;,&amp;"
       interface="ng5newgeneration::Ng5_CntlDocRevision" isPublished="true" canOverride="true"
       isPreActionAllowed="false" isPostActionAllowed="false" isPreConditionAllowed="false"
       returnDescription="Status. 0 if successful"/>
   <PropertyOperation id="setNg5_associated_partrevs#const,std::vector&lt;tag_t&gt;,&amp;$const,std::vector&lt;int&gt;,*"
       name="setNg5_associated_partrevs" createRelease="tc11000.2.2" description="Setter for a Tag Array Property"
       propertyName="ng5_associated_partrevs" operationType="Setter" opTemplate="int#set#const,std::vector&lt;tag_t&gt;,&amp;$const,std::vector&lt;int&gt;,*"
       interface="ng5newgeneration::Ng5_CntlDocRevision" isPublished="true" canOverride="true"
       isPreActionAllowed="false" isPostActionAllowed="false" isPreConditionAllowed="false"
       returnDescription="Status. 0 if successful"/>
   <TcTypeConstantAttach constantName="CreateInput" typeName="Ng5_AbsDoc" value="Ng5_AbsDocCreI"/>
   <TcTypeConstantAttach constantName="CreateInput" typeName="Ng5_AbsDocMaster" value="Ng5_AbsDocMasterCreI"/>
   <TcTypeConstantAttach constantName="CreateInput" typeName="Ng5_AbsDocMasterS" value="Ng5_AbsDocMasterSCreI"/>
   <TcTypeConstantAttach constantName="CreateInput" typeName="Ng5_AbsDocRevision"
       value="Ng5_AbsDocRevisionCreI"/>
   <TcTypeConstantAttach constantName="CreateInput" typeName="Ng5_AbsDocRevisionMaster"
       value="Ng5_AbsDocRevisionMasterCreI"/>
   <TcTypeConstantAttach constantName="CreateInput" typeName="Ng5_AbsDocRevMasterS"
       value="Ng5_AbsDocRevMasterSCreI"/>
   <TcTypeConstantAttach constantName="CreateInput" typeName="Ng5_CntlDoc" value="Ng5_CntlDocCreI"/>
   <TcTypeConstantAttach constantName="CreateInput" typeName="Ng5_CntlDocMaster" value="Ng5_CntlDocMasterCreI"/>
   <TcTypeConstantAttach constantName="CreateInput" typeName="Ng5_CntlDocMasterS"
       value="Ng5_CntlDocMasterSCreI"/>
   <TcTypeConstantAttach constantName="CreateInput" typeName="Ng5_CntlDocRevision"
       value="Ng5_CntlDocRevisionCreI"/>
   <TcTypeConstantAttach constantName="CreateInput" typeName="Ng5_CntlDocRevisionMaster"
       value="Ng5_CntlDocRevisionMasterCreI"/>
   <TcTypeConstantAttach constantName="CreateInput" typeName="Ng5_CntlDocRevMasterS"
       value="Ng5_CntlDocRevMasterSCreI"/>
   <TcTypeConstantAttach constantName="ItemRevision" typeName="Ng5_AbsDoc" value="Ng5_AbsDocRevision"/>
   <TcTypeConstantAttach constantName="ItemRevision" typeName="Ng5_CntlDoc" value="Ng5_CntlDocRevision"/>
   <TcTypeConstantAttach constantName="MasterForm" typeName="Ng5_AbsDoc" value="Ng5_AbsDocMaster"/>
   <TcTypeConstantAttach constantName="MasterForm" typeName="Ng5_AbsDocRevision" value="Ng5_AbsDocRevisionMaster"/>
   <TcTypeConstantAttach constantName="MasterForm" typeName="Ng5_CntlDoc" value="Ng5_CntlDocMaster"/>
   <TcTypeConstantAttach constantName="MasterForm" typeName="Ng5_CntlDocRevision"
       value="Ng5_CntlDocRevisionMaster"/>
   <TcTypeConstantAttach constantName="ReviseInput" typeName="Ng5_AbsDocRevision"
       value="Ng5_AbsDocRevisionRevI"/>
   <TcTypeConstantAttach constantName="ReviseInput" typeName="Ng5_CntlDocRevision"
       value="Ng5_CntlDocRevisionRevI"/>
   <TcTypeConstantAttach constantName="SaveAsInput" typeName="Ng5_AbsDoc" value="Ng5_AbsDocSvAI"/>
   <TcTypeConstantAttach constantName="SaveAsInput" typeName="Ng5_AbsDocMaster" value="Ng5_AbsDocMasterSvAI"/>
   <TcTypeConstantAttach constantName="SaveAsInput" typeName="Ng5_AbsDocMasterS" value="Ng5_AbsDocMasterSSvAI"/>
   <TcTypeConstantAttach constantName="SaveAsInput" typeName="Ng5_AbsDocRevision"
       value="Ng5_AbsDocRevisionSvAI"/>
   <TcTypeConstantAttach constantName="SaveAsInput" typeName="Ng5_AbsDocRevisionMaster"
       value="Ng5_AbsDocRevisionMasterSvAI"/>
   <TcTypeConstantAttach constantName="SaveAsInput" typeName="Ng5_AbsDocRevMasterS"
       value="Ng5_AbsDocRevMasterSSvAI"/>
   <TcTypeConstantAttach constantName="SaveAsInput" typeName="Ng5_CntlDoc" value="Ng5_CntlDocSvAI"/>
   <TcTypeConstantAttach constantName="SaveAsInput" typeName="Ng5_CntlDocMaster" value="Ng5_CntlDocMasterSvAI"/>
   <TcTypeConstantAttach constantName="SaveAsInput" typeName="Ng5_CntlDocMasterS"
       value="Ng5_CntlDocMasterSSvAI"/>
   <TcTypeConstantAttach constantName="SaveAsInput" typeName="Ng5_CntlDocRevision"
       value="Ng5_CntlDocRevisionSvAI"/>
   <TcTypeConstantAttach constantName="SaveAsInput" typeName="Ng5_CntlDocRevisionMaster"
       value="Ng5_CntlDocRevisionMasterSvAI"/>
   <TcTypeConstantAttach constantName="SaveAsInput" typeName="Ng5_CntlDocRevMasterS"
       value="Ng5_CntlDocRevMasterSSvAI"/>
   <TcPropertyConstantAttach constantName="Enabled" typeName="Ng5_AbsDoc" propertyName="ng5_owning_sytem"
       value="true"/>
   <TcPropertyConstantAttach constantName="Enabled" typeName="Ng5_CntlDoc" propertyName="ng5_document_type"
       value="true"/>
   <TcPropertyConstantAttach constantName="Enabled" typeName="Ng5_CntlDoc" propertyName="Ng5_rHasReplacedByRel"
       value="true"/>
   <TcPropertyConstantAttach constantName="Enabled" typeName="Ng5_CntlDocRevision"
       propertyName="ng5_associated_partrevs" value="true"/>
   <TcPropertyConstantAttach constantName="Enabled" typeName="Ng5_CntlDocRevision"
       propertyName="ng5_cntldoc_customer_number" value="true"/>
   <TcPropertyConstantAttach constantName="Modifiable" typeName="Ng5_AbsDoc" propertyName="ng5_owning_sytem"
       value="Write"/>
   <TcPropertyConstantAttach constantName="Modifiable" typeName="Ng5_CntlDoc" propertyName="ng5_document_type"
       value="Write"/>
   <TcPropertyConstantAttach constantName="Modifiable" typeName="Ng5_CntlDoc" propertyName="Ng5_rHasReplacedByRel"
       value="Write"/>
   <TcPropertyConstantAttach constantName="Modifiable" typeName="Ng5_CntlDocRevision"
       propertyName="ng5_associated_partrevs" value="Write"/>
   <TcPropertyConstantAttach constantName="Modifiable" typeName="Ng5_CntlDocRevision"
       propertyName="ng5_cntldoc_customer_number" value="Write"/>
   <TcPropertyConstantAttach constantName="Required" typeName="Ng5_CntlDoc" propertyName="ng5_document_type"
       value="true"/>
   <TcPropertyConstantAttach constantName="Visible" typeName="Ng5_GenDoc" propertyName="ng5_document_type"
       value="false"/>
   <TcNamingRule name="Ng5_CntlDoc_ItemId_NR">
     <TcPattern generateCounters="true" patternString="nnnnnnn" description="Item ID for control doc">
       <TcCounter initialValue="0000001" maximumValue="9999999"/>
     </TcPattern>
   </TcNamingRule>
   <TcRevNamingRule name="Ng5_CntlDoc_RevID_NR" excludeSkipLetters="true">
     <TcInitRevDetails revisionType="Alphabetic" revisionStart="AA" revisionDescription=""/>
   </TcRevNamingRule>
   <TcNamingRuleAttach ruleName="Ng5_CntlDoc_ItemId_NR" typeName="Ng5_CntlDoc" propertyName="item_id"
       case="Mix" conditionName="Ng5_isNonAdminGroup" override="false" ruleType="NamingRule"
       description=""/>
   <TcNamingRuleAttach ruleName="Ng5_CntlDoc_RevID_NR" typeName="Ng5_CntlDoc" propertyName="item_revision_id"
       case="Mix" conditionName="Ng5_isNonAdminGroup" override="false" ruleType="RevisionNamingRule"
       description=""/>
   <TcLOVAttach lovName="Ng5_DocumentType_LOV" typeName="Ng5_CntlDoc">
     <TcLOVAttachPropertyInfo valuePropertyName="ng5_document_type" conditionName="isTrue"
         override="false" level="0"/>
   </TcLOVAttach>
   <TcLOVAttach lovName="Ng5_Owning_System_LOV" typeName="Ng5_AbsDoc">
     <TcLOVAttachPropertyInfo valuePropertyName="ng5_owning_sytem" conditionName="isTrue"
         override="false" level="0"/>
   </TcLOVAttach>
</Add>
</TcBusinessData>
