<?xml version="1.0" encoding="UTF-8"?>
<TcBusinessData xmlns="http://teamcenter.com/BusinessModel/TcBusinessData" Date="">
<Add>
   <TcClass className="Ng5_Fixture_Expert" parentClassName="Participant" isExportable="false"
       isUninstantiable="false" isUninheritable="false" description=""/>
   <TcClass className="Ng5_Validation_Engineer" parentClassName="Participant" isExportable="false"
       isUninstantiable="false" isUninheritable="false" description=""/>
   <OperationInputType typeName="Ng5_Fixture_ExpertCreI" parentTypeName="ParticipantCreI"
       typeClassName="Ng5_Fixture_ExpertCreI" description="CreateInput object for &quot;Ng5_Fixture_Expert&quot; business object"
       isAbstract="false" artifactName="Ng5_Fixture_ExpertCreI"/>
   <OperationInputType typeName="Ng5_Fixture_ExpertSvAI" parentTypeName="ParticipantSvAI"
       typeClassName="Ng5_Fixture_ExpertSvAI" description="SaveAsInput object for &quot;Ng5_Fixture_Expert&quot; business object"
       isAbstract="false" artifactName="Ng5_Fixture_ExpertSvAI"/>
   <OperationInputType typeName="Ng5_Validation_EngineerCreI" parentTypeName="ParticipantCreI"
       typeClassName="Ng5_Validation_EngineerCreI" description="CreateInput object for &quot;Ng5_Validation_Engineer&quot; business object"
       isAbstract="false" artifactName="Ng5_Validation_EngineerCreI"/>
   <OperationInputType typeName="Ng5_Validation_EngineerSvAI" parentTypeName="ParticipantSvAI"
       typeClassName="Ng5_Validation_EngineerSvAI" description="SaveAsInput object for &quot;Ng5_Validation_Engineer&quot; business object"
       isAbstract="false" artifactName="Ng5_Validation_EngineerSvAI"/>
   <TcStandardType typeName="Ng5_Fixture_Expert" parentTypeName="Participant" typeClassName="Ng5_Fixture_Expert"
       description="" isAbstract="false" artifactName="Ng5_Fixture_Expert"/>
   <TcStandardType typeName="Ng5_Validation_Engineer" parentTypeName="Participant"
       typeClassName="Ng5_Validation_Engineer" description="" isAbstract="false" artifactName="Ng5_Validation_Engineer"/>
   <Condition name="Ng5_CNSolutionItemCheckForFixtureSupportDesignChange" expression="((p.ng5_change_type = &quot;Test Fixture&quot;) AND (s.object_type= &quot;Ng5_SupportPartRevision&quot; AND Condition::Ng5_isFixtureSupportDesign(s))) AND (Condition::Ng5_isMajor(s) AND Condition::Ng5_isWIP(s) )"
       secured="false" description="Checks the fixture support design condition">
     <ConditionParameter name="p" parameterTypeName="ChangeItemRevision"/>
     <ConditionParameter name="s" parameterTypeName="WorkspaceObject"/>
     <ConditionParameter name="u" parameterTypeName="UserSession"/>
   </Condition>
   <Condition name="Ng5_WF_AwardWFcheck" expression="(w.object_type=&quot;Ng5_MasterPrgRevision&quot;) "
       secured="false" description="">
     <ConditionParameter name="w" parameterTypeName="WorkspaceObject"/>
     <ConditionParameter name="t" parameterTypeName="ImanType"/>
     <ConditionParameter name="u" parameterTypeName="UserSession"/>
   </Condition>
   <Condition name="Ng5_WF_CNReadinessCheck" expression="(u.fnd0ConditionHelper.fnd0isSubTypeOf(o,&quot;ChangeNoticeRevision&quot;) AND (o.object_type!=&quot;Ng5_DRRevision&quot;))  AND ( o.fnd0CheckIfPropertyValueMatches(&quot;ng5_change_type&quot;,&quot;Typical Change&quot;,true) )AND ( Condition::Ng5_isEngUser(u) OR Condition::Ng5_isAdminGroup(u))"
       secured="false" description="Filter Condition">
     <ConditionParameter name="o" parameterTypeName="ChangeItemRevision"/>
     <ConditionParameter name="t" parameterTypeName="ImanType"/>
     <ConditionParameter name="u" parameterTypeName="UserSession"/>
   </Condition>
   <Condition name="Ng5_WF_ChangeNotice" expression="(u.fnd0ConditionHelper.fnd0isSubTypeOf(w,&quot;ChangeNoticeRevision&quot;)  AND (w.object_type!=&quot;Ng5_DRRevision&quot;) AND (w.object_type!=&quot;Ng5_MMTransferRevision&quot;) AND ((u.role_name=&quot;Engineering Manager&quot;) OR  Condition::Ng5_isAdminGroup(u)) AND( w.fnd0CheckIfPropertyValueMatches(&quot;ng5_change_type&quot;,&quot;Typical Change&quot;,true)))"
       secured="false" description="Filter Condition">
     <ConditionParameter name="w" parameterTypeName="WorkspaceObject"/>
     <ConditionParameter name="t" parameterTypeName="ImanType"/>
     <ConditionParameter name="u" parameterTypeName="UserSession"/>
   </Condition>
   <Condition name="Ng5_WF_ChangeRequest" expression="(u.fnd0ConditionHelper.fnd0isSubTypeOf(w,&quot;ChangeRequestRevision&quot;)=true) and (u.fnd0ConditionHelper.fnd0isSubTypeOf(w,&quot;Cm0DevRqstRevision&quot;)!=true) and (Condition::Ng5_isEngUser(u) OR Condition::Ng5_isAdminGroup(u))"
       secured="false" description="Filter Condition">
     <ConditionParameter name="w" parameterTypeName="WorkspaceObject"/>
     <ConditionParameter name="t" parameterTypeName="ImanType"/>
     <ConditionParameter name="u" parameterTypeName="UserSession"/>
   </Condition>
   <Condition name="Ng5_WF_CloseDAWFFilter" expression="(u.fnd0ConditionHelper.fnd0isSubTypeOf(w,&quot;Cm0DevRqstRevision&quot;)) AND ((u.role_name=&quot;Program Manager&quot;) OR Condition::Ng5_isAdminGroup(u))"
       secured="false" description="Filter Condition for the Admin : Close DA Workflow.&#x0A;Allows only DA revision and any role under internal engineering group or any user in program manager role&#x0A;Filter Condition">
     <ConditionParameter name="w" parameterTypeName="WorkspaceObject"/>
     <ConditionParameter name="t" parameterTypeName="ImanType"/>
     <ConditionParameter name="u" parameterTypeName="UserSession"/>
   </Condition>
   <Condition name="Ng5_WF_Control_DOC" expression="(u.fnd0ConditionHelper.fnd0isSubTypeOf(w,&quot;ChangeNoticeRevision&quot;)  and (w.object_type!=&quot;Ng5_DRRevision&quot;)  and ((u.role_name=&quot;Engineering Manager&quot;) OR Condition::Ng5_isAdminGroup(u)))  AND ( w.fnd0CheckIfPropertyValueMatches(&quot;ng5_change_type&quot;,&quot;Control Document Only Change&quot;,true)=true)"
       secured="false" description="">
     <ConditionParameter name="w" parameterTypeName="WorkspaceObject"/>
     <ConditionParameter name="t" parameterTypeName="ImanType"/>
     <ConditionParameter name="u" parameterTypeName="UserSession"/>
   </Condition>
   <Condition name="Ng5_WF_Create2DCompareRquest" expression="(w.object_type=&quot;Ng5_DrawingRevision&quot;) AND  (Condition::Ng5_isEngUser(u) OR Condition::Ng5_isAdminGroup(u))"
       secured="false" description="">
     <ConditionParameter name="w" parameterTypeName="WorkspaceObject"/>
     <ConditionParameter name="t" parameterTypeName="ImanType"/>
     <ConditionParameter name="u" parameterTypeName="UserSession"/>
   </Condition>
   <Condition name="Ng5_WF_CreateDrawings" expression="(w.object_type = &quot;Ng5_EngPartRevision&quot; and (w.owning_group = u.group OR Condition::Ng5_isAdminGroup(u))) OR (w.object_type=&quot;PDF&quot;) OR (w.object_type=&quot;TIF&quot;)"
       secured="false" description="Filter Condition">
     <ConditionParameter name="w" parameterTypeName="WorkspaceObject"/>
     <ConditionParameter name="t" parameterTypeName="ImanType"/>
     <ConditionParameter name="u" parameterTypeName="UserSession"/>
   </Condition>
   <Condition name="Ng5_WF_DOC" expression="(u.fnd0ConditionHelper.fnd0isSubTypeOf(w,&quot;ChangeNoticeRevision&quot;) AND (w.object_type!=&quot;Ng5_DRRevision&quot;) AND ((u.role_name=&quot;Engineering Manager&quot;) OR Condition::Ng5_isAdminGroup(u))) AND (w.fnd0CheckIfPropertyValueMatches(&quot;ng5_change_type&quot;,&quot;Drawing Only Change&quot;,true))"
       secured="false" description="Filter Condition">
     <ConditionParameter name="w" parameterTypeName="WorkspaceObject"/>
     <ConditionParameter name="t" parameterTypeName="ImanType"/>
     <ConditionParameter name="u" parameterTypeName="UserSession"/>
   </Condition>
   <Condition name="Ng5_WF_DeviationAuthorisation" expression="(u.fnd0ConditionHelper.fnd0isSubTypeOf(w,&quot;Cm0DevRqstRevision&quot;))"
       secured="false" description="">
     <ConditionParameter name="w" parameterTypeName="WorkspaceObject"/>
     <ConditionParameter name="t" parameterTypeName="ImanType"/>
     <ConditionParameter name="u" parameterTypeName="UserSession"/>
   </Condition>
   <Condition name="Ng5_WF_ExternalDesign" expression="(w.object_type=&quot;Ng5_NonEngPartRevision&quot;) AND (Condition::Ng5_isEngUser(u) OR Condition::Ng5_isAdminGroup(u))"
       secured="false" description="">
     <ConditionParameter name="w" parameterTypeName="WorkspaceObject"/>
     <ConditionParameter name="t" parameterTypeName="ImanType"/>
     <ConditionParameter name="u" parameterTypeName="UserSession"/>
   </Condition>
   <Condition name="Ng5_WF_FFMigration" expression="(u.fnd0ConditionHelper.fnd0isSubTypeOf(w,&quot;Ng5_AbsItemRevision&quot;)) AND (u.role_name=&quot;Flatfile Migration&quot;)"
       secured="false" description="">
     <ConditionParameter name="w" parameterTypeName="WorkspaceObject"/>
     <ConditionParameter name="t" parameterTypeName="ImanType"/>
     <ConditionParameter name="u" parameterTypeName="UserSession"/>
   </Condition>
   <Condition name="Ng5_WF_FixtureCN" expression="(u.fnd0ConditionHelper.fnd0isSubTypeOf(w,&quot;ChangeNoticeRevision&quot;) AND (Condition::Ng5_isEngUser(u) OR  Condition::Ng5_isAdminGroup(u)) AND( w.fnd0CheckIfPropertyValueMatches(&quot;ng5_change_type&quot;,&quot;Test Fixture&quot;,true)))"
       secured="false" description="">
     <ConditionParameter name="w" parameterTypeName="WorkspaceObject"/>
     <ConditionParameter name="t" parameterTypeName="ImanType"/>
     <ConditionParameter name="u" parameterTypeName="UserSession"/>
   </Condition>
   <Condition name="Ng5_WF_FreezeProgramCheck" expression="(u.fnd0ConditionHelper.fnd0isSubTypeOf(w,&quot;Ng5_AbsPrgRevision&quot;) AND (u.role_name=&quot;Program Manager&quot;))"
       secured="false" description="">
     <ConditionParameter name="w" parameterTypeName="WorkspaceObject"/>
     <ConditionParameter name="t" parameterTypeName="ImanType"/>
     <ConditionParameter name="u" parameterTypeName="UserSession"/>
   </Condition>
   <Condition name="Ng5_WF_HideOtherWorkflows" expression="Condition::isFalse()" secured="false"
       description="">
     <ConditionParameter name="w" parameterTypeName="WorkspaceObject"/>
     <ConditionParameter name="t" parameterTypeName="ImanType"/>
     <ConditionParameter name="u" parameterTypeName="UserSession"/>
   </Condition>
   <Condition name="Ng5_WF_IMDS_BOM_EXPORT" expression="(u.fnd0ConditionHelper.fnd0isSubTypeOf(w,&quot;Dataset&quot;)  and (w.object_type =&quot;Text&quot;) and(( u.fnd0getGroupName()=&quot;IMDS.Internal&quot;) OR Condition::Ng5_isAdminGroup(u)))"
       secured="false" description="Ng5_WF_IMDS_BOM_EXPORT Filter Condition">
     <ConditionParameter name="w" parameterTypeName="WorkspaceObject"/>
     <ConditionParameter name="t" parameterTypeName="ImanType"/>
     <ConditionParameter name="u" parameterTypeName="UserSession"/>
   </Condition>
   <Condition name="Ng5_WF_IMT" expression="(w.object_type=&quot;Ng5_MMTransferRevision&quot;) AND (Condition::Ng5_isIMMG(u) OR Condition::Ng5_isAdminGroup(u))"
       secured="false" description="Condition for IMTProcessWorkflow">
     <ConditionParameter name="w" parameterTypeName="WorkspaceObject"/>
     <ConditionParameter name="t" parameterTypeName="ImanType"/>
     <ConditionParameter name="u" parameterTypeName="UserSession"/>
   </Condition>
   <Condition name="Ng5_WF_LeadProgram" expression="Condition::Ng5_isAdminGroup(u)"
       secured="false" description="">
     <ConditionParameter name="w" parameterTypeName="WorkspaceObject"/>
     <ConditionParameter name="t" parameterTypeName="ImanType"/>
     <ConditionParameter name="u" parameterTypeName="UserSession"/>
   </Condition>
   <Condition name="Ng5_WF_Link_PR_CR" expression="(((u.fnd0ConditionHelper.fnd0isSubTypeOf(w,&quot;ChangeRequestRevision&quot;)=true ) AND (u.fnd0ConditionHelper.fnd0isSubTypeOf(w,&quot;Cm0DevRqstRevision&quot;)!=true) AND (w.owning_group.object_string= u.fnd0getGroupName() OR Condition::Ng5_isAdminGroup(u))) OR ( u.fnd0ConditionHelper.fnd0isSubTypeOf(w,&quot;ProblemReportRevision&quot;)=true )) AND (Condition::Ng5_isEngUser(u) OR Condition::Ng5_isAdminGroup(u))"
       secured="false" description="">
     <ConditionParameter name="w" parameterTypeName="WorkspaceObject"/>
     <ConditionParameter name="t" parameterTypeName="ImanType"/>
     <ConditionParameter name="u" parameterTypeName="UserSession"/>
   </Condition>
   <Condition name="Ng5_WF_MMTransfer" expression="(w.object_type=&quot;Ng5_MMTransferRevision&quot;) AND (Condition::Ng5_isMMRole(u) OR Condition::Ng5_isAdminGroup(u))"
       secured="false" description="">
     <ConditionParameter name="w" parameterTypeName="WorkspaceObject"/>
     <ConditionParameter name="t" parameterTypeName="ImanType"/>
     <ConditionParameter name="u" parameterTypeName="UserSession"/>
   </Condition>
   <Condition name="Ng5_WF_PA" expression="(u.fnd0ConditionHelper.fnd0isSubTypeOf(w,&quot;ChangeNoticeRevision&quot;) and (w.object_type=&quot;Ng5_DRRevision&quot;) ) and  (Condition::Ng5_isEngUser(u) OR  Condition::Ng5_isAdminGroup(u))"
       secured="false" description="">
     <ConditionParameter name="w" parameterTypeName="WorkspaceObject"/>
     <ConditionParameter name="t" parameterTypeName="ImanType"/>
     <ConditionParameter name="u" parameterTypeName="UserSession"/>
   </Condition>
   <Condition name="Ng5_WF_PMO" expression="(u.fnd0ConditionHelper.fnd0isSubTypeOf(w,&quot;Ng5_AbsPrg&quot;)) AND (Condition::Ng5_isPMOUser(u) OR Condition::Ng5_isAdminGroup(u)) AND w.isReplica()=false"
       secured="false" description="">
     <ConditionParameter name="w" parameterTypeName="WorkspaceObject"/>
     <ConditionParameter name="t" parameterTypeName="ImanType"/>
     <ConditionParameter name="u" parameterTypeName="UserSession"/>
   </Condition>
   <Condition name="Ng5_WF_ProblemReport" expression="(u.fnd0ConditionHelper.fnd0isSubTypeOf(w,&quot;ProblemReportRevision&quot;))"
       secured="false" description="">
     <ConditionParameter name="w" parameterTypeName="WorkspaceObject"/>
     <ConditionParameter name="t" parameterTypeName="ImanType"/>
     <ConditionParameter name="u" parameterTypeName="UserSession"/>
   </Condition>
   <Condition name="Ng5_WF_Program" expression="(u.fnd0ConditionHelper.fnd0isSubTypeOf(w,&quot;Ng5_AbsPrg&quot;)) AND (Condition::Ng5_isPrgUser(u) OR Condition::Ng5_isAdminGroup(u))"
       secured="false" description="Filter Condition">
     <ConditionParameter name="w" parameterTypeName="WorkspaceObject"/>
     <ConditionParameter name="t" parameterTypeName="ImanType"/>
     <ConditionParameter name="u" parameterTypeName="UserSession"/>
   </Condition>
   <Condition name="Ng5_WF_ShowInvalidProcess" expression="(w.object_type=&quot;Ng5_EngPart&quot; OR w.object_type=&quot;Ng5_RawMaterial&quot;  OR w.object_type=&quot;Ng5_SupportPart&quot;OR w.object_type=&quot;Ng5_Drawing&quot;OR w.object_type=&quot;Ng5_NonEngPart&quot;) AND  (Condition::Ng5_isAdminGroup(u))"
       secured="false" description="">
     <ConditionParameter name="w" parameterTypeName="WorkspaceObject"/>
     <ConditionParameter name="t" parameterTypeName="ImanType"/>
     <ConditionParameter name="u" parameterTypeName="UserSession"/>
   </Condition>
   <Condition name="Ng5_WF_Snapshot" expression="(w.object_type=&quot;Ng5_EngPartRevision&quot; OR w.object_type=&quot;Ng5_RawMaterialRevision&quot; OR  w.object_type=&quot;Ng5_SupportPartRevision&quot; OR w.object_type=&quot;Ng5_NonEngSupPrtRevision&quot;) AND (Condition::Ng5_isEngUser(u) OR Condition::Ng5_isAdminGroup(u))"
       secured="false" description="">
     <ConditionParameter name="w" parameterTypeName="WorkspaceObject"/>
     <ConditionParameter name="t" parameterTypeName="ImanType"/>
     <ConditionParameter name="u" parameterTypeName="UserSession"/>
   </Condition>
   <Condition name="Ng5_WF_SupportDesignChange" expression="(u.fnd0ConditionHelper.fnd0isSubTypeOf(w,&quot;ChangeNoticeRevision&quot;)  AND (w.object_type!=&quot;Ng5_DRRevision&quot;) AND (u.role_name=&quot;Engineering Manager&quot; OR Condition::Ng5_isAdminGroup(u))) AND (w.fnd0CheckIfPropertyValueMatches(&quot;ng5_change_type&quot;,&quot;Support Design Change&quot;,true))"
       secured="false" description="">
     <ConditionParameter name="w" parameterTypeName="WorkspaceObject"/>
     <ConditionParameter name="t" parameterTypeName="ImanType"/>
     <ConditionParameter name="u" parameterTypeName="UserSession"/>
   </Condition>
   <Condition name="Ng5_WF_TPDM_FPDM_EngPart_Sync" expression="((u.fnd0ConditionHelper.fnd0isSubGroupOf(u.group,&quot;Product Engineering.Engineering.Internal&quot;)) OR (u.group_name=&quot;Admin&quot;) OR (u.fnd0ConditionHelper.fnd0isSubGroupOf(u.group,&quot;Product Engineering.Engineering.CFAA&quot;)) OR (u.fnd0ConditionHelper.fnd0isSubGroupOf(u.group,&quot;Product Engineering.Engineering.YFAS&quot;))) AND ((w.items_tag.fnd0CheckIfPropertyValueMatches(&quot;ng5_integration_sync_site&quot;,&quot;TPDM.EU,TPDM.NA,TPDM.SA,TPDM.CS,FPDM.EU,TPDM.CY&quot;,true)))"
       secured="false" description="Ng5_WF_TPDM_FPDM_EngPart_Sync">
     <ConditionParameter name="w" parameterTypeName="Ng5_EngPartRevision"/>
     <ConditionParameter name="t" parameterTypeName="ImanType"/>
     <ConditionParameter name="u" parameterTypeName="UserSession"/>
   </Condition>
   <Condition name="Ng5_WF_TPDM_Program_Sync" expression="((u.fnd0ConditionHelper.fnd0isSubGroupOf(u.group,&quot;Program Management.Internal&quot;)) OR (u.group_name=&quot;Admin&quot;))  AND ((u.fnd0ConditionHelper.fnd0isSubTypeOf(w,&quot;Ng5_AbsPrg&quot;))) AND ((w.fnd0CheckIfPropertyValueMatches(&quot;ng5_product_group&quot;,&quot;Trim&quot;,true)) OR (w.fnd0CheckIfPropertyValueMatches(&quot;ng5_product_group&quot;,&quot;Foam&quot;,true)) OR (w.fnd0CheckIfPropertyValueMatches(&quot;ng5_product_group&quot;,&quot;Small Parts&quot;,true)))"
       secured="false" description="Ng5_WF_TPDM_Program_Sync">
     <ConditionParameter name="w" parameterTypeName="Ng5_AbsPrg"/>
     <ConditionParameter name="t" parameterTypeName="ImanType"/>
     <ConditionParameter name="u" parameterTypeName="UserSession"/>
   </Condition>
   <Condition name="Ng5_WF_UnEnrich" expression="(w.object_type=&quot;Ng5_PlantForm&quot;) AND (Condition::Ng5_isMMRole(u) OR Condition::Ng5_isAdminGroup(u))"
       secured="false" description="">
     <ConditionParameter name="w" parameterTypeName="WorkspaceObject"/>
     <ConditionParameter name="t" parameterTypeName="ImanType"/>
     <ConditionParameter name="u" parameterTypeName="UserSession"/>
   </Condition>
   <Condition name="Ng5_WF_Update_FrozenItems" expression="(w.object_type=&quot;Ng5_EngPartRevision&quot; OR w.object_type=&quot;Ng5_NonEngPartRevision&quot; OR w.object_type=&quot;Ng5_SupportPartRevision&quot; )  and ((w.owning_group=u.group) OR Condition::Ng5_isAdminGroup(u)) and  (w.items_tag.fnd0CheckIfPropertyValueMatches(&quot;ng5_owning_system&quot;,&quot;&quot;,true))"
       secured="false" description="Filter Condition">
     <ConditionParameter name="w" parameterTypeName="Ng5_AbsItemRevision"/>
     <ConditionParameter name="t" parameterTypeName="ImanType"/>
     <ConditionParameter name="u" parameterTypeName="UserSession"/>
   </Condition>
   <Condition name="Ng5_WF_XBOMAdmin" expression="Condition::Ng5_isXBOM(u)" secured="false"
       description="Admin group only">
     <ConditionParameter name="w" parameterTypeName="WorkspaceObject"/>
     <ConditionParameter name="t" parameterTypeName="ImanType"/>
     <ConditionParameter name="u" parameterTypeName="UserSession"/>
   </Condition>
   <Condition name="Ng5_XBOMCheck" expression="o.owning_group.object_string=&quot;*Engineering.CQADNT&quot; AND (u.ng5_isXBOMApplicable()=true)"
       secured="false" description="">
     <ConditionParameter name="o" parameterTypeName="WorkspaceObject"/>
     <ConditionParameter name="u" parameterTypeName="UserSession"/>
   </Condition>
   <Condition name="Ng5_isFixtureSupportDesign" expression="o.fnd0CheckIfPropertyValueMatches(&quot;ng5_design_types&quot;,&quot;Fixture&quot;,true)"
       secured="false" description="This will return true in case of support design with Fixture design type.">
     <ConditionParameter name="o" parameterTypeName="WorkspaceObject"/>
   </Condition>
   <Condition name="Ng5_isNonFixtureSupportDesign" expression="!(o.fnd0CheckIfPropertyValueMatches(&quot;ng5_design_types&quot;,&quot;Fixture&quot;,true))"
       secured="true" description="">
     <ConditionParameter name="o" parameterTypeName="WorkspaceObject"/>
   </Condition>
   <Condition name="Ng5_isPMOUser" expression="u.role_name=&quot;Program Executive&quot;"
       secured="false" description="">
     <ConditionParameter name="u" parameterTypeName="UserSession"/>
   </Condition>
   <Condition name="Ng5_isPrgUser" expression="u.role_name=&quot;Program Executive&quot; OR u.role_name=&quot;Program Manager&quot;"
       secured="false" description="">
     <ConditionParameter name="u" parameterTypeName="UserSession"/>
   </Condition>
   <Condition name="Ng5_isValidSupportDesginforBOM" expression="Condition::Ng5_isFixtureSupportDesign(child)=false"
       secured="false" description="Fixture Support Design are not allowed in the BOM structure of Item Revision">
     <ConditionParameter name="parent" parameterTypeName="Ng5_AbsItemRevision"/>
     <ConditionParameter name="child" parameterTypeName="Ng5_SupportPartRevision"/>
   </Condition>
   <Condition name="Ng5_isXBOM" expression="u.group_name=&quot;Admin&quot;" secured="false"
       description="">
     <ConditionParameter name="u" parameterTypeName="UserSession"/>
   </Condition>
   <TcTypeConstantAttach constantName="CreateInput" typeName="Ng5_Fixture_Expert"
       value="Ng5_Fixture_ExpertCreI"/>
   <TcTypeConstantAttach constantName="CreateInput" typeName="Ng5_Validation_Engineer"
       value="Ng5_Validation_EngineerCreI"/>
   <TcTypeConstantAttach constantName="ParticipantHandlerKeyword" typeName="Ng5_Fixture_Expert"
       value="NG5_FIXTURE_EXPERT"/>
   <TcTypeConstantAttach constantName="ParticipantHandlerKeyword" typeName="Ng5_Validation_Engineer"
       value="NG5_VALIDATION_ENGINEER"/>
   <TcTypeConstantAttach constantName="ParticipantUsedOnObjectTypes" typeName="Ng5_Fixture_Expert"
       value="Ng5_CNRevision"/>
   <TcTypeConstantAttach constantName="ParticipantUsedOnObjectTypes" typeName="Ng5_Validation_Engineer"
       value="Ng5_CNRevision"/>
   <TcTypeConstantAttach constantName="SaveAsInput" typeName="Ng5_Fixture_Expert"
       value="Ng5_Fixture_ExpertSvAI"/>
   <TcTypeConstantAttach constantName="SaveAsInput" typeName="Ng5_Validation_Engineer"
       value="Ng5_Validation_EngineerSvAI"/>
   <VerificationRule functionality="Fnd0OccurrenceConditionValidation" typeName="Ng5_EngPartRevision"
       context="isTrue" conditionName="Ng5_isValidSupportDesginforBOM"/>
   <VerificationRule functionality="Fnd0OccurrenceConditionValidation" typeName="Ng5_RawMaterialRevision"
       context="isTrue" conditionName="Ng5_isValidSupportDesginforBOM"/>
</Add>
</TcBusinessData>
