<?xml version="1.0" encoding="UTF-8"?>
<TcBusinessDataIncludes>
    <include iconfile="Ng5_programplan.png"/>
    <include iconfile="Ng5_projectplan.png"/>
    <include iconfile="Ng5_EngineeredPart.png"/>
    <include iconfile="Ng5_ExternalSupDesignRevision.png"/>
    <include iconfile="Ng5_ExternalPartRevision.png"/>
    <include iconfile="Ng5_ExternalSupDesign.png"/>
    <include iconfile="Ng5_EngineeredPartRevision.png"/>
    <include iconfile="Ng5_SupportDesign.png"/>
    <include iconfile="Ng5_SupportDesignRevision.png"/>
    <include iconfile="Ng5_ExternalPart.png"/>
     <include iconfile="Ng5Indicator_Black.png"/>
    <include iconfile="Ng5Indicator_Green.png"/>
    <include iconfile="Ng5Indicator_Red.png"/>
    <include iconfile="Ng5_ROC.png"/>
    <include iconfile="Ng5_CNRev.png"/>
    <include iconfile="Ng5_DA.png"/>
    <include iconfile="Ng5_DARevision.png"/>
    <include iconfile="Ng5_CN_Pass.png"/>
    <include iconfile="Ng5_CN_Fail.png"/>
    <include iconfile="Ng5_CRRev.png"/>
    <include iconfile="Ng5_CR_Pass.png"/>
    <include iconfile="Ng5_CR_Fail.png"/>
    <include iconfile="Ng5_CR_Warning.png"/>
    <include iconfile="Ng5_CR_Cancelled.png"/>
	<include iconfile="Ng5_CN_Cancelled.png"/>
	<include iconfile="Ng5_DA_Cancelled.png"/>
	<include iconfile="Ng5_PR_Cancelled.png"/>
    <include iconfile="Ng5_DR_Pass.png"/>
    <include iconfile="Ng5_DR_Fail.png"/>
    <include iconfile="Ng5_DRRev.png"/>
	<include iconfile="Ng5_PR.png"/>
	<include iconfile="Ng5_PRRev.png"/>
	<include iconfile="Ng5_Fail.png"/>	
	<include iconfile="Ng5_Drawing.png"/>
    <include iconfile="Ng5_DrawingRevision.png"/>
    <include iconfile="Ng5_MatlMaster.png"/>
    <include iconfile="Ng5_MatlMasterRevision.png"/>
    <include iconfile="Ng5_RawMaterial.png"/>
    <include iconfile="Ng5_RawMaterialRevision.png"/>
    <include iconfile="Ng5_EnggPartRevision.png"/>
    <include iconfile="Ng5_BuildToPrintPart.png"/>
    <include iconfile="Ng5_BtoPrintLogo.png"/>
    <include iconfile="Ng5_BtoPExtPartrev.png"/>
     <include iconfile="Ng5_BtoPPartRevision.png"/>
    <include iconfile="Ng5Q.png"/>
    <include iconfile="Ng5_Q-Checker_F3.png"/>
    <include iconfile="Ng5_Q-Checker_P3.png"/>
    <include iconfile="Ng5_Q-Checker3.png"/>
    <include iconfile="Ng5Indicator_150bom.png"/>
    <include iconfile="Ng5_EngPart.png"/>
    <include iconfile="Ng5_EngPart_150.png"/>
    <include iconfile="Ng5_Visio.png"/>
    <include iconfile="Ng5_Packaging.png"/>
    <include iconfile="Ng5_CRIA_Icon.png"/>
	 <include iconfile="Ng5_blue.png"/>
	 <include iconfile="Ng5_MfgPart.png"/>
	 <include iconfile="Ng5_MfgPartRevision.png"/>
	 <include iconfile="Ng5_MfgCN.png"/>
	 <include iconfile="Ng5_MfgCNRev.png"/>
	<include iconfile="Ng5_MCN_Fail.png"/>
    <include iconfile="Ng5_MCN_Pass.png"/>
	<include iconfile="Ng5_TDP_Package.png"/> 
	 <include iconfile="Ng5_MassUpdate.png"/>
	 <include iconfile="Ng5_MassUpdateRev.png"/>
	<include iconfile="Ng5_MassUpdate_Fail.png"/>
	 <include iconfile="Ng5IndicatorTDPFailed.png"/>
	 <include iconfile="Ng5_Indicator_Passed.png"/>
	<include iconfile="Ng5_MassUpdate_Pass.png"/>
	<include iconfile="Ng5_MMTransfer.png"/>
	<include iconfile="Ng5_MMTransferRev.png"/>
</TcBusinessDataIncludes>
