<?xml version="1.0" encoding="UTF-8"?>
<TcBusinessData xmlns="http://teamcenter.com/BusinessModel/TcBusinessData" batchXSDVersion="1.0"
    Date="Thu Aug 22 01:27:54 PM 2019"
>
<!--This file can be used to update the LOV values and sub-LOV attachments on LOV: Ng5_MaterialTaxInd_LOV. 
1. Please ensure that the LOV has been deployed to the Teamcenter Server.  
2. Modify this file by replacing the commented code below with your values. 
3. Modify the localization files in the lang folder by replacing the commented code with your values. 
4. Run the command: 
bmide_manage_batch_lovs -u=<username> -p=<password> -g=<group> -option=update -file=<BMIDE Project Folder>/output/lnx64/Samples/LOVS/Ng5_MaterialTaxInd_LOV/Ng5_MaterialTaxInd_LOV.xml.-->

  <Add>
<!--The following sub-LOV attachment, enclosed in comments, is there as a sample. You can replace it by your own sub-LOV attachments, for creating cascading LOVs.-->
<!--
<TcLOVValueSubLOVAttach conditionName="isTrue" subLOVName="SampleSubLOV" targetLOVName="Ng5_MaterialTaxInd_LOV" targetValue="SampleLOVValue"/>
-->
  </Add>
  <Change>
    <TcLOV name="Ng5_CountryOfOrigin_LOV" lovType="ListOfValuesString" usage="Exhaustive"
        description="LOV defined for Country Of Origin" isManagedExternally="true">
<!--The following LOV values, enclosed in comments, are there as a sample. You can replace them by your own LOV values.-->
<TcLOVValue value="FJ" description="Fiji" conditionName="isTrue" />
<TcLOVValue value="FI" description="Finland" conditionName="isTrue" />
<TcLOVValue value="FR" description="France" conditionName="isTrue" />
<TcLOVValue value="AF" description="Afghanistan" conditionName="isTrue" />
<TcLOVValue value="AL" description="Albania" conditionName="isTrue" />
<TcLOVValue value="DZ" description="Algeria" conditionName="isTrue" />
<TcLOVValue value="VI" description="Amer.Virgin Is." conditionName="isTrue" />
<TcLOVValue value="AD" description="Andorra" conditionName="isTrue" />
<TcLOVValue value="AO" description="Angola" conditionName="isTrue" />
<TcLOVValue value="AI" description="Anguilla" conditionName="isTrue" />
<TcLOVValue value="AQ" description="Antarctica" conditionName="isTrue" />
<TcLOVValue value="AG" description="Antigua/Barbuda" conditionName="isTrue" />
<TcLOVValue value="AR" description="Argentina" conditionName="isTrue" />
<TcLOVValue value="AM" description="Armenia" conditionName="isTrue" />
<TcLOVValue value="AW" description="Aruba" conditionName="isTrue" />
<TcLOVValue value="AU" description="Australia" conditionName="isTrue" />
<TcLOVValue value="AT" description="Austria" conditionName="isTrue" />
<TcLOVValue value="AZ" description="Azerbaijan" conditionName="isTrue" />
<TcLOVValue value="BS" description="Bahamas" conditionName="isTrue" />
<TcLOVValue value="BH" description="Bahrain" conditionName="isTrue" />
<TcLOVValue value="BD" description="Bangladesh" conditionName="isTrue" />
<TcLOVValue value="BB" description="Barbados" conditionName="isTrue" />
<TcLOVValue value="BY" description="Belarus" conditionName="isTrue" />
<TcLOVValue value="BE" description="Belgium" conditionName="isTrue" />
<TcLOVValue value="BZ" description="Belize" conditionName="isTrue" />
<TcLOVValue value="BJ" description="Benin" conditionName="isTrue" />
<TcLOVValue value="BM" description="Bermuda" conditionName="isTrue" />
<TcLOVValue value="BT" description="Bhutan" conditionName="isTrue" />
<TcLOVValue value="BO" description="Bolivia" conditionName="isTrue" />
<TcLOVValue value="BW" description="Botswana" conditionName="isTrue" />
<TcLOVValue value="BV" description="Bouvet Islands" conditionName="isTrue" />
<TcLOVValue value="BR" description="Brazil" conditionName="isTrue" />
<TcLOVValue value="IO" description="Brit.Ind.Oc.Ter" conditionName="isTrue" />
<TcLOVValue value="VG" description="Brit.Virgin Is." conditionName="isTrue" />
<TcLOVValue value="BN" description="Brunei Daruss." conditionName="isTrue" />
<TcLOVValue value="BG" description="Bulgaria" conditionName="isTrue" />
<TcLOVValue value="BI" description="Burundi" conditionName="isTrue" />
<TcLOVValue value="KH" description="Cambodia" conditionName="isTrue" />
<TcLOVValue value="CM" description="Cameroon" conditionName="isTrue" />
<TcLOVValue value="CA" description="Canada" conditionName="isTrue" />
<TcLOVValue value="CV" description="Cape Verde" conditionName="isTrue" />
<TcLOVValue value="IS" description="Iceland" conditionName="isTrue" />
<TcLOVValue value="IN" description="India" conditionName="isTrue" />
<TcLOVValue value="ID" description="Indonesia" conditionName="isTrue" />
<TcLOVValue value="IR" description="Iran" conditionName="isTrue" />
<TcLOVValue value="IQ" description="Iraq" conditionName="isTrue" />
<TcLOVValue value="IE" description="Ireland" conditionName="isTrue" />
<TcLOVValue value="IL" description="Israel" conditionName="isTrue" />
<TcLOVValue value="IT" description="Italy" conditionName="isTrue" />
<TcLOVValue value="CI" description="Ivory Coast" conditionName="isTrue" />
<TcLOVValue value="JM" description="Jamaica" conditionName="isTrue" />
<TcLOVValue value="JP" description="Japan" conditionName="isTrue" />
<TcLOVValue value="JO" description="Jordan" conditionName="isTrue" />
<TcLOVValue value="KZ" description="Kazakhstan" conditionName="isTrue" />
<TcLOVValue value="KE" description="Kenya" conditionName="isTrue" />
<TcLOVValue value="KI" description="Kiribati" conditionName="isTrue" />
<TcLOVValue value="KW" description="Kuwait" conditionName="isTrue" />
<TcLOVValue value="KG" description="Kyrgyzstan" conditionName="isTrue" />
<TcLOVValue value="LA" description="Laos" conditionName="isTrue" />
<TcLOVValue value="LV" description="Latvia" conditionName="isTrue" />
<TcLOVValue value="LB" description="Lebanon" conditionName="isTrue" />
<TcLOVValue value="LS" description="Lesotho" conditionName="isTrue" />
<TcLOVValue value="LR" description="Liberia" conditionName="isTrue" />
<TcLOVValue value="LY" description="Libya" conditionName="isTrue" />
<TcLOVValue value="LI" description="Liechtenstein" conditionName="isTrue" />
<TcLOVValue value="LT" description="Lithuania" conditionName="isTrue" />
<TcLOVValue value="LU" description="Luxembourg" conditionName="isTrue" />
<TcLOVValue value="MO" description="Macau" conditionName="isTrue" />
<TcLOVValue value="MK" description="Macedonia" conditionName="isTrue" />
<TcLOVValue value="MG" description="Madagascar" conditionName="isTrue" />
<TcLOVValue value="MW" description="Malawi" conditionName="isTrue" />
<TcLOVValue value="MY" description="Malaysia" conditionName="isTrue" />
<TcLOVValue value="MV" description="Maldives" conditionName="isTrue" />
<TcLOVValue value="ML" description="Mali" conditionName="isTrue" />
<TcLOVValue value="MT" description="Malta" conditionName="isTrue" />
<TcLOVValue value="MH" description="Marshall Islnds" conditionName="isTrue" />
<TcLOVValue value="MQ" description="Martinique" conditionName="isTrue" />
<TcLOVValue value="MR" description="Mauretania" conditionName="isTrue" />
<TcLOVValue value="MU" description="Mauritius" conditionName="isTrue" />
<TcLOVValue value="YT" description="Mayotte" conditionName="isTrue" />
<TcLOVValue value="MX" description="Mexico" conditionName="isTrue" />
<TcLOVValue value="FM" description="Micronesia" conditionName="isTrue" />
<TcLOVValue value="UM" description="Minor Outl.Isl." conditionName="isTrue" />
<TcLOVValue value="MD" description="Moldavia" conditionName="isTrue" />
<TcLOVValue value="MC" description="Monaco" conditionName="isTrue" />
<TcLOVValue value="MN" description="Mongolia" conditionName="isTrue" />
<TcLOVValue value="MS" description="Montserrat" conditionName="isTrue" />
<TcLOVValue value="MA" description="Morocco" conditionName="isTrue" />
<TcLOVValue value="MZ" description="Mozambique" conditionName="isTrue" />
<TcLOVValue value="MM" description="Myanmar" conditionName="isTrue" />
<TcLOVValue value="MP" description="N.Mariana Islnd" conditionName="isTrue" />
<TcLOVValue value="NA" description="Namibia" conditionName="isTrue" />
<TcLOVValue value="NR" description="Nauru" conditionName="isTrue" />
<TcLOVValue value="NP" description="Nepal" conditionName="isTrue" />
<TcLOVValue value="NL" description="Netherlands" conditionName="isTrue" />
<TcLOVValue value="NC" description="New Caledonia" conditionName="isTrue" />
<TcLOVValue value="NZ" description="New Zealand" conditionName="isTrue" />
<TcLOVValue value="NI" description="Nicaragua" conditionName="isTrue" />
<TcLOVValue value="NE" description="Niger" conditionName="isTrue" />
<TcLOVValue value="NG" description="Nigeria" conditionName="isTrue" />
<TcLOVValue value="NU" description="Niue Islands" conditionName="isTrue" />
<TcLOVValue value="NF" description="Norfolk Islands" conditionName="isTrue" />
<TcLOVValue value="KP" description="North Korea" conditionName="isTrue" />
<TcLOVValue value="NO" description="Norway" conditionName="isTrue" />
<TcLOVValue value="OM" description="Oman" conditionName="isTrue" />
<TcLOVValue value="PK" description="Pakistan" conditionName="isTrue" />
<TcLOVValue value="PW" description="Palau" conditionName="isTrue" />
<TcLOVValue value="PA" description="Panama" conditionName="isTrue" />
<TcLOVValue value="PG" description="Pap. New Guinea" conditionName="isTrue" />
<TcLOVValue value="PY" description="Paraguay" conditionName="isTrue" />
<TcLOVValue value="PE" description="Peru" conditionName="isTrue" />
<TcLOVValue value="PH" description="Philippines" conditionName="isTrue" />
<TcLOVValue value="PN" description="Pitcairn Islnds" conditionName="isTrue" />
<TcLOVValue value="PL" description="Poland" conditionName="isTrue" />
<TcLOVValue value="PT" description="Portugal" conditionName="isTrue" />
<TcLOVValue value="PR" description="Puerto Rico" conditionName="isTrue" />
<TcLOVValue value="QA" description="Qatar" conditionName="isTrue" />
<TcLOVValue value="RE" description="Reunion" conditionName="isTrue" />
<TcLOVValue value="KY" description="Cayman Islands" conditionName="isTrue" />
<TcLOVValue value="CF" description="Central Afr.Rep" conditionName="isTrue" />
<TcLOVValue value="TD" description="Chad" conditionName="isTrue" />
<TcLOVValue value="CL" description="Chile" conditionName="isTrue" />
<TcLOVValue value="CN" description="China" conditionName="isTrue" />
<TcLOVValue value="CX" description="Christmas Islnd" conditionName="isTrue" />
<TcLOVValue value="CC" description="Coconut Islands" conditionName="isTrue" />
<TcLOVValue value="CO" description="Colombia" conditionName="isTrue" />
<TcLOVValue value="KM" description="Comoros" conditionName="isTrue" />
<TcLOVValue value="CD" description="Congo" conditionName="isTrue" />
<TcLOVValue value="CG" description="Congo" conditionName="isTrue" />
<TcLOVValue value="CK" description="Cook Islands" conditionName="isTrue" />
<TcLOVValue value="CR" description="Costa Rica" conditionName="isTrue" />
<TcLOVValue value="HR" description="Croatia" conditionName="isTrue" />
<TcLOVValue value="CU" description="Cuba" conditionName="isTrue" />
<TcLOVValue value="CY" description="Cyprus" conditionName="isTrue" />
<TcLOVValue value="CZ" description="Czech Republic" conditionName="isTrue" />
<TcLOVValue value="DK" description="Denmark" conditionName="isTrue" />
<TcLOVValue value="DJ" description="Djibouti" conditionName="isTrue" />
<TcLOVValue value="DM" description="Dominica" conditionName="isTrue" />
<TcLOVValue value="DO" description="Dominican Rep." conditionName="isTrue" />
<TcLOVValue value="AN" description="Dutch Antilles" conditionName="isTrue" />
<TcLOVValue value="TP" description="East Timor" conditionName="isTrue" />
<TcLOVValue value="EC" description="Ecuador" conditionName="isTrue" />
<TcLOVValue value="EG" description="Egypt" conditionName="isTrue" />
<TcLOVValue value="SV" description="El Salvador" conditionName="isTrue" />
<TcLOVValue value="GQ" description="Equatorial Guin" conditionName="isTrue" />
<TcLOVValue value="ER" description="Eritrea" conditionName="isTrue" />
<TcLOVValue value="EE" description="Estonia" conditionName="isTrue" />
<TcLOVValue value="ET" description="Ethiopia" conditionName="isTrue" />
<TcLOVValue value="FK" description="Falkland Islnds" conditionName="isTrue" />
<TcLOVValue value="FO" description="Faroe Islands" conditionName="isTrue" />
<TcLOVValue value="PF" description="Frenc.Polynesia" conditionName="isTrue" />
<TcLOVValue value="GF" description="French Guyana" conditionName="isTrue" />
<TcLOVValue value="TF" description="French S.Territ" conditionName="isTrue" />
<TcLOVValue value="GA" description="Gabon" conditionName="isTrue" />
<TcLOVValue value="GM" description="Gambia" conditionName="isTrue" />
<TcLOVValue value="GE" description="Georgia" conditionName="isTrue" />
<TcLOVValue value="DE" description="Germany" conditionName="isTrue" />
<TcLOVValue value="GH" description="Ghana" conditionName="isTrue" />
<TcLOVValue value="GI" description="Gibraltar" conditionName="isTrue" />
<TcLOVValue value="GR" description="Greece" conditionName="isTrue" />
<TcLOVValue value="GL" description="Greenland" conditionName="isTrue" />
<TcLOVValue value="GD" description="Grenada" conditionName="isTrue" />
<TcLOVValue value="GP" description="Guadeloupe" conditionName="isTrue" />
<TcLOVValue value="GU" description="Guam" conditionName="isTrue" />
<TcLOVValue value="GT" description="Guatemala" conditionName="isTrue" />
<TcLOVValue value="GN" description="Guinea" conditionName="isTrue" />
<TcLOVValue value="GY" description="Guyana" conditionName="isTrue" />
<TcLOVValue value="HT" description="Haiti" conditionName="isTrue" />
<TcLOVValue value="HM" description="Heard/McDon.Isl" conditionName="isTrue" />
<TcLOVValue value="HN" description="Honduras" conditionName="isTrue" />
<TcLOVValue value="HK" description="Hong Kong" conditionName="isTrue" />
<TcLOVValue value="HU" description="Hungary" conditionName="isTrue" />
<TcLOVValue value="RO" description="Romania" conditionName="isTrue" />
<TcLOVValue value="RW" description="Ruanda" conditionName="isTrue" />
<TcLOVValue value="RU" description="Russian Fed." conditionName="isTrue" />
<TcLOVValue value="GS" description="S. Sandwich Ins" conditionName="isTrue" />
<TcLOVValue value="ST" description="S.Tome,Principe" conditionName="isTrue" />
<TcLOVValue value="AS" description="Samoa, America" conditionName="isTrue" />
<TcLOVValue value="SM" description="San Marino" conditionName="isTrue" />
<TcLOVValue value="SA" description="Saudi Arabia" conditionName="isTrue" />
<TcLOVValue value="SN" description="Senegal" conditionName="isTrue" />
<TcLOVValue value="SC" description="Seychelles" conditionName="isTrue" />
<TcLOVValue value="SL" description="Sierra Leone" conditionName="isTrue" />
<TcLOVValue value="SG" description="Singapore" conditionName="isTrue" />
<TcLOVValue value="SK" description="Slovakia" conditionName="isTrue" />
<TcLOVValue value="SI" description="Slovenia" conditionName="isTrue" />
<TcLOVValue value="SB" description="Solomon Islands" conditionName="isTrue" />
<TcLOVValue value="SO" description="Somalia" conditionName="isTrue" />
<TcLOVValue value="ZA" description="South Africa" conditionName="isTrue" />
<TcLOVValue value="KR" description="South Korea" conditionName="isTrue" />
<TcLOVValue value="ES" description="Spain" conditionName="isTrue" />
<TcLOVValue value="LK" description="Sri Lanka" conditionName="isTrue" />
<TcLOVValue value="KN" description="St Kitts &amp; Nevis" conditionName="isTrue" />
<TcLOVValue value="SH" description="St. Helena" conditionName="isTrue" />
<TcLOVValue value="LC" description="St. Lucia" conditionName="isTrue" />
<TcLOVValue value="VC" description="St. Vincent" conditionName="isTrue" />
<TcLOVValue value="PM" description="St.Pier,Miquel." conditionName="isTrue" />
<TcLOVValue value="SD" description="Sudan" conditionName="isTrue" />
<TcLOVValue value="SR" description="Suriname" conditionName="isTrue" />
<TcLOVValue value="SJ" description="Svalbard" conditionName="isTrue" />
<TcLOVValue value="SZ" description="Swaziland" conditionName="isTrue" />
<TcLOVValue value="SE" description="Sweden" conditionName="isTrue" />
<TcLOVValue value="CH" description="Switzerland" conditionName="isTrue" />
<TcLOVValue value="SY" description="Syria" conditionName="isTrue" />
<TcLOVValue value="TW" description="Taiwan" conditionName="isTrue" />
<TcLOVValue value="TJ" description="Tajikstan" conditionName="isTrue" />
<TcLOVValue value="TZ" description="Tanzania" conditionName="isTrue" />
<TcLOVValue value="TH" description="Thailand" conditionName="isTrue" />
<TcLOVValue value="TG" description="Togo" conditionName="isTrue" />
<TcLOVValue value="TK" description="Tokelau Islands" conditionName="isTrue" />
<TcLOVValue value="TO" description="Tonga" conditionName="isTrue" />
<TcLOVValue value="TT" description="Trinidad,Tobago" conditionName="isTrue" />
<TcLOVValue value="TN" description="Tunisia" conditionName="isTrue" />
<TcLOVValue value="TR" description="Turkey" conditionName="isTrue" />
<TcLOVValue value="TM" description="Turkmenistan" conditionName="isTrue" />
<TcLOVValue value="TC" description="Turksh Caicosin" conditionName="isTrue" />
<TcLOVValue value="TV" description="Tuvalu" conditionName="isTrue" />
<TcLOVValue value="US" description="USA" conditionName="isTrue" />
<TcLOVValue value="UG" description="Uganda" conditionName="isTrue" />
<TcLOVValue value="UA" description="Ukraine" conditionName="isTrue" />
<TcLOVValue value="GB" description="United Kingdom" conditionName="isTrue" />
<TcLOVValue value="UY" description="Uruguay" conditionName="isTrue" />
<TcLOVValue value="AE" description="Utd.Arab Emir" conditionName="isTrue" />
<TcLOVValue value="UZ" description="Uzbekistan" conditionName="isTrue" />
<TcLOVValue value="VU" description="Vanuatu" conditionName="isTrue" />
<TcLOVValue value="VA" description="Vatican City" conditionName="isTrue" />
<TcLOVValue value="VE" description="Venezuela" conditionName="isTrue" />
<TcLOVValue value="VN" description="Vietnam" conditionName="isTrue" />
<TcLOVValue value="WF" description="Wallis,Futuna" conditionName="isTrue" />
<TcLOVValue value="EH" description="West Sahara" conditionName="isTrue" />
<TcLOVValue value="WS" description="Western Samoa" conditionName="isTrue" />
<TcLOVValue value="YE" description="Yemen" conditionName="isTrue" />
<TcLOVValue value="YU" description="Yugoslavia" conditionName="isTrue" />
<TcLOVValue value="ZM" description="Zambia" conditionName="isTrue" />
<TcLOVValue value="ZW" description="Zimbabwe" conditionName="isTrue" />
<TcLOVValue value="ME" description="Montenegro" conditionName="isTrue" />
<TcLOVValue value="RS" description="Serbia" conditionName="isTrue" />
<TcLOVValue value="GW" description="Guinea Bissau" conditionName="isTrue" />
<TcLOVValue value="BF" description="Burkina Faso" conditionName="isTrue" />
<TcLOVValue value="BA" description="Bosnia Herz" conditionName="isTrue" />
    </TcLOV>
  </Change>
</TcBusinessData>
