<?xml version="1.0" encoding="UTF-8"?>
<TcBusinessData xmlns="http://teamcenter.com/BusinessModel/TcBusinessData" batchXSDVersion="1.0"
    Date="Thu Jan 26 09:01:31 AM 2017"
>
<!--This file can be used to update the LOV values and sub-LOV attachments on LOV: Ng5_GenDoc_DocumentType_LOV. 
1. Please ensure that the LOV has been deployed to the Teamcenter Server.  
2. Modify this file by replacing the commented code below with your values. 
3. Modify the localization files in the lang folder by replacing the commented code with your values. 
4. Run the command: 
bmide_manage_batch_lovs -u=<username> -p=<password> -g=<group> -option=update -file=<BMIDE Project Folder>/output/lnx64/Samples/LOVS/Ng5_GenDoc_DocumentType_LOV/Ng5_GenDoc_DocumentType_LOV.xml.-->

  <Add>
<!--The following sub-LOV attachment, enclosed in comments, is there as a sample. You can replace it by your own sub-LOV attachments, for creating cascading LOVs.-->
<!--
<TcLOVValueSubLOVAttach conditionName="isTrue" subLOVName="SampleSubLOV" targetLOVName="Ng5_GenDoc_DocumentType_LOV" targetValue="SampleLOVValue"/>
-->
  </Add>
  <Change>
    <TcLOV name="Ng5_GenDoc_DocumentType_LOV" lovType="ListOfValuesString" usage="Exhaustive"
        description="" isManagedExternally="true">
<!--The following LOV values, enclosed in comments, are there as a sample. You can replace them by your own LOV values.-->
   <TcLOVValue value="Adient General Document" description="" conditionName="isTrue" />
   <TcLOVValue value="Engineering Doc" description="" conditionName="isTrue" />
   <TcLOVValue value="Finance Document" description="" conditionName="isTrue" />
   <TcLOVValue value="General Document" description="" conditionName="isTrue" />
   <TcLOVValue value="Manufacturing Doc" description="" conditionName="isTrue" />
   <TcLOVValue value="Launch doc" description="" conditionName="isTrue" />
   <TcLOVValue value="Program Mgmt Doc" description="" conditionName="isTrue" />
   <TcLOVValue value="Purchasing Document" description="" conditionName="isTrue" />
   <TcLOVValue value="Quality Doc" description="" conditionName="isTrue" />
   <TcLOVValue value="Sales Doc" description="" conditionName="isTrue" />
   <TcLOVValue value="PPAP Deliverable" description="" conditionName="isTrue" />
   <TcLOVValue value="PPAP Part Package" description="" conditionName="isTrue" />
   <TcLOVValue value="PPAP Program Package" description="" conditionName="isTrue" />
    </TcLOV>
  </Change>
</TcBusinessData>
