<?xml version="1.0" encoding="UTF-8"?>
<TcBusinessData xmlns="http://teamcenter.com/BusinessModel/TcBusinessData"
	batchXSDVersion="1.0" Date="Tue Sep 20 06:40:47 PM 2016">

	<Add>
	</Add>
	<Change>
		<TcLOV name="Ng5_UpDown_LOV" lovType="ListOfValuesString" usage="Exhaustive"
			description="" isManagedExternally="true">
			<!--The following LOV values, enclosed in comments, are there as a sample. 
				You can replace them by your own LOV values. -->

			<TcLOVValue value="UPR" description="Upper" conditionName="isTrue" />
			<TcLOVValue value="LWR" description="Lower" conditionName="isTrue" />
			<TcLOVValue value="TOP" description="Top" conditionName="isTrue" />
			<TcLOVValue value="BTM" description="Bottom" conditionName="isTrue" />
			<TcLOVValue value="HOR" description="Horizontal" conditionName="isTrue" />
			<TcLOVValue value="VER" description="Vertical" conditionName="isTrue" />

		</TcLOV>
	</Change>
</TcBusinessData>
