<?xml version="1.0" encoding="UTF-8"?>
<TcBusinessData xmlns="http://teamcenter.com/BusinessModel/TcBusinessData" batchXSDVersion="1.0"
    Date="Fri Apr 21 12:52:22 AM 2017"
>
  <Add>
  </Add>
  <Change>
    <TcLOV name="Ng5_CADType_LOV" lovType="ListOfValuesString" usage="Exhaustive"
        description="" isManagedExternally="true">
        <TcLOVValue value="3D" description="" conditionName="isTrue"/>
      <TcLOVValue value="2D" description="" conditionName="isTrue"/>
      
    </TcLOV>
  </Change>
</TcBusinessData>
