<?xml version="1.0" encoding="UTF-8"?>
<TcBusinessData xmlns="http://teamcenter.com/BusinessModel/TcBusinessData" batchXSDVersion="1.0"
    Date="Tue Sep 20 06:50:39 PM 2016"
>
<!--This file can be used to update the LOV values and sub-LOV attachments on LOV: Ng5_DrawingType_LOV. 
1. Please ensure that the LOV has been deployed to the Teamcenter Server.  
2. Modify this file by replacing the commented code below with your values. 
3. Modify the localization files in the lang folder by replacing the commented code with your values. 
4. Run the command: 
bmide_manage_batch_lovs -u=<username> -p=<password> -g=<group> -option=update -file=<BMIDE Project Folder>/output/lnx64/Samples/LOVS/Ng5_DrawingType_LOV/Ng5_DrawingType_LOV.xml.-->

  <Add>
<!--The following sub-LOV attachment, enclosed in comments, is there as a sample. You can replace it by your own sub-LOV attachments, for creating cascading LOVs.-->
<!--
<TcLOVValueSubLOVAttach conditionName="isTrue" subLOVName="SampleSubLOV" targetLOVName="Ng5_DrawingType_LOV" targetValue="SampleLOVValue"/>
-->
  </Add>
  <Change>
    <TcLOV name="Ng5_DrawingType_LOV" lovType="ListOfValuesString" usage="Exhaustive"
        description="" isManagedExternally="true">
<!--The following LOV values, enclosed in comments, are there as a sample. You can replace them by your own LOV values.-->
	<TcLOVValue value="ASM" description="Assembly drawing" conditionName="isTrue" />
	<TcLOVValue value="BNK" description="Blank drawing" conditionName="isTrue" />
	<TcLOVValue value="CRT" description="Charted drawing" conditionName="isTrue" />
	<TcLOVValue value="CST" description="Customer drawing" conditionName="isTrue" />
	<TcLOVValue value="EXP" description="Exploded view drawing" conditionName="isTrue" />
	<TcLOVValue value="EXT" description="External drawing" conditionName="isTrue" />
	<TcLOVValue value="LAW" description="Proof of Law / Homologation drawing" conditionName="isTrue" />
	<TcLOVValue value="LO" description="Layout" conditionName="isTrue" />
	<TcLOVValue value="PLN" description="Planning drawing" conditionName="isTrue" />
	<TcLOVValue value="COMP" description="Component drawing" conditionName="isTrue" />
	<TcLOVValue value="TRQ" description="Torque drawing" conditionName="isTrue" />
	<TcLOVValue value="A" description="Applicable for Layout, Envelope, TSO Drawing" conditionName="isTrue" />
	<TcLOVValue value="ENV" description="Envelope Drawing" conditionName="isTrue" />
	<TcLOVValue value="TSO" description="TSO Drawing" conditionName="isTrue" />
	<TcLOVValue value="EL" description="Electrical Drawing" conditionName="isTrue" />
	</TcLOV>
  </Change>
</TcBusinessData>
