<?xml version="1.0" encoding="UTF-8"?>
<TcBusinessData xmlns="http://teamcenter.com/BusinessModel/TcBusinessData"
	batchXSDVersion="1.0" Date="Tue Sep 20 06:37:25 PM 2016">
	<Add>
</Add>
<Change>
		<TcLOV name="Ng5_CostResposibility_LOV" lovType="ListOfValuesString"
			usage="Exhaustive" description="" isManagedExternally="true">

			<!--The following LOV values, enclosed in comments, are there as a sample. 
				You can replace them by your own LOV values. -->
			<TcLOVValue value="Internal" description="Internal" conditionName="isTrue" />
			<TcLOVValue value="Supplier" description="Supplier" conditionName="isTrue" />
			<TcLOVValue value="Customer" description="Customer" conditionName="isTrue" />
		</TcLOV>
	</Change>
</TcBusinessData>

