<?xml version="1.0" encoding="UTF-8"?>
<TcBusinessData xmlns="http://teamcenter.com/BusinessModel/TcBusinessData" batchXSDVersion="1.0"
    Date="Tue Sep 20 03:14:58 PM 2016"
>
<!--This file can be used to update the LOV values and sub-LOV attachments on LOV: Ng5_Product_Area_LOV. 
1. Please ensure that the LOV has been deployed to the Teamcenter Server.  
2. Modify this file by replacing the commented code below with your values. 
3. Modify the localization files in the lang folder by replacing the commented code with your values. 
4. Run the command: 
bmide_manage_batch_lovs -u=<username> -p=<password> -g=<group> -option=update -file=<BMIDE Project Folder>/output/lnx64/Samples/LOVS/Ng5_Product_Area_LOV/Ng5_Product_Area_LOV.xml.-->

  <Add>
<!--The following sub-LOV attachment, enclosed in comments, is there as a sample. You can replace it by your own sub-LOV attachments, for creating cascading LOVs.-->
<!--
     <TcLOVValueSubLOVAttach conditionName="isTrue" subLOVName="SampleSubLOV" targetLOVName="Ng5_Product_Area_LOV" targetValue="SampleLOVValue"/>
-->
  </Add>
  <Change>
    <TcLOV name="Ng5_Product_Area_LOV" lovType="ListOfValuesString" usage="Exhaustive"
        description="Program Management LOV" isManagedExternally="true">
     <TcLOVValue value="1st Row" description="" conditionName="isTrue"/>
     <TcLOVValue value="2nd Row" description="" conditionName="isTrue"/>
     <TcLOVValue value="3rd Row" description="" conditionName="isTrue"/>
     <TcLOVValue value="1st&amp;2nd Row" description="" conditionName="isTrue"/>
     <TcLOVValue value="1st&amp;3rd Row" description="" conditionName="isTrue"/>
     <TcLOVValue value="2nd&amp;3rd Row" description="" conditionName="isTrue"/>
     <TcLOVValue value="All Rows" description="" conditionName="isTrue"/>
	 <TcLOVValue value="DP" description="" conditionName="isTrue"/>
	 <TcLOVValue value="FC" description="" conditionName="isTrue"/>
	 <TcLOVValue value="HL" description="" conditionName="isTrue"/>
	 <TcLOVValue value="IP" description="" conditionName="isTrue"/>
	 <TcLOVValue value="OHC" description="" conditionName="isTrue"/>
    </TcLOV>
  </Change>
</TcBusinessData>
