<?xml version="1.0" encoding="UTF-8"?>
<TcBusinessData xmlns="http://teamcenter.com/BusinessModel/TcBusinessData" batchXSDVersion="1.0"
    Date="Tue Sep 20 02:33:15 PM 2016"
>
<!--This file can be used to update the LOV values and sub-LOV attachments on LOV: Ng5_Product_Line_LOV. 
1. Please ensure that the LOV has been deployed to the Teamcenter Server.  
2. Modify this file by replacing the commented code below with your values. 
3. Modify the localization files in the lang folder by replacing the commented code with your values. 
4. Run the command: 
bmide_manage_batch_lovs -u=<username> -p=<password> -g=<group> -option=update -file=<BMIDE Project Folder>/output/lnx64/Samples/LOVS/Ng5_Product_Line_LOV/Ng5_Product_Line_LOV.xml.-->

  <Add>
<!--The following sub-LOV attachment, enclosed in comments, is there as a sample. You can replace it by your own sub-LOV attachments, for creating cascading LOVs.-->
<!--
     <TcLOVValueSubLOVAttach conditionName="isTrue" subLOVName="SampleSubLOV" targetLOVName="Ng5_Product_Line_LOV" targetValue="SampleLOVValue"/>
-->
  </Add>
  <Change>
    <TcLOV name="Ng5_Product_Line_LOV" lovType="ListOfValuesString" usage="Exhaustive"
        description="" isManagedExternally="true">
		<TcLOVValue value="Armrest" description="" conditionName="isTrue"/>
		<TcLOVValue value="Complete Seat" description="" conditionName="isTrue"/>
		<TcLOVValue value="Foam Large" description="" conditionName="isTrue"/>
		<TcLOVValue value="Foam Small" description="" conditionName="isTrue"/>
		<TcLOVValue value="Headrest" description="" conditionName="isTrue"/>
		<TcLOVValue value="Metal Frame" description="" conditionName="isTrue"/>
		<TcLOVValue value="Metal Height Adjuster" description="" conditionName="isTrue"/>
		<TcLOVValue value="Metal Latches" description="" conditionName="isTrue"/>
		<TcLOVValue value="Metal Multiple Parts" description="" conditionName="isTrue"/>
		<TcLOVValue value="Metal Recliner" description="" conditionName="isTrue"/>
		<TcLOVValue value="Metal Tracks" description="" conditionName="isTrue"/>
		<TcLOVValue value="Metal Tilt Adjuster" description="" conditionName="isTrue"/>
		<TcLOVValue value="Other" description="" conditionName="isTrue"/>
		<TcLOVValue value="Interiors" description="" conditionName="isTrue"/>
		<TcLOVValue value="Trim Covers" description="" conditionName="isTrue"/>		
    </TcLOV>
  </Change>
</TcBusinessData>
