<?xml version="1.0" encoding="UTF-8"?>
<TcBusinessData xmlns="http://teamcenter.com/BusinessModel/TcBusinessData"
	batchXSDVersion="1.0" Date="Tue Sep 20 06:37:48 PM 2016">
	<!--This file can be used to update the LOV values and sub-LOV attachments 
		on LOV: Ng5_Row_LOV. 1. Please ensure that the LOV has been deployed to the 
		Teamcenter Server. 2. Modify this file by replacing the commented code below 
		with your values. 3. Modify the localization files in the lang folder by 
		replacing the commented code with your values. 4. Run the command: bmide_manage_batch_lovs 
		-u=<username> -p=<password> -g=<group> -option=update -file=<BMIDE Project 
		Folder>/output/lnx64/Samples/LOVS/Ng5_Row_LOV/Ng5_Row_LOV.xml. -->

	<Add>
		<!--The following sub-LOV attachment, enclosed in comments, is there as 
			a sample. You can replace it by your own sub-LOV attachments, for creating 
			cascading LOVs. -->
		<!-- <TcLOVValueSubLOVAttach conditionName="isTrue" subLOVName="SampleSubLOV" 
			targetLOVName="Ng5_Row_LOV" targetValue="SampleLOVValue"/> -->
	</Add>
	<Change>
		<TcLOV name="Ng5_Row_LOV" lovType="ListOfValuesString" usage="Exhaustive"
			description="" isManagedExternally="true">
			<!--The following LOV values, enclosed in comments, are there as a sample. 
				You can replace them by your own LOV values. -->
			<TcLOVValue value="1R" description="First Row"
				conditionName="isTrue" />
			<TcLOVValue value="2R" description="Second Row"
				conditionName="isTrue" />
			<TcLOVValue value="3R" description="Third Row"
				conditionName="isTrue" />
			<TcLOVValue value="4R" description="Fourth Row"
				conditionName="isTrue" />
			<TcLOVValue value="5R" description="Fifth Row"
				conditionName="isTrue" />
			<TcLOVValue value="6R" description="Sixth Row"
				conditionName="isTrue" />
			<TcLOVValue value="7R" description="Seventh Row"
				conditionName="isTrue" />
			<TcLOVValue value="8R" description="Eighth Row"
				conditionName="isTrue" />
			<TcLOVValue value="9R" description="Ninth Row"
				conditionName="isTrue" />
			<TcLOVValue value="FR" description="First Row"
				conditionName="isTrue" />
			<TcLOVValue value="LR" description="Last Row"
				conditionName="isTrue" />
			<TcLOVValue value="SR" description="Standard Row"
				conditionName="isTrue" />
				
		</TcLOV>
	</Change>
</TcBusinessData>
