<?xml version="1.0" encoding="UTF-8"?>
<TcBusinessData xmlns="http://teamcenter.com/BusinessModel/TcBusinessData" batchXSDVersion="1.0"
    Date="Thu Nov 21 12:38:43 PM 2019">
  <Add/>
  <Change>
    <TcLOV name="Ng5_DoorPanels_SUB_LOV" lovType="ListOfValuesString" usage="Suggestive" description="" isManagedExternally="true">
      <TcLOVValue value="9" description="Undefined" conditionName="isTrue"/>
      <TcLOVValue value="A" description="Apply Cover Material" conditionName="isTrue"/>
      <TcLOVValue value="C" description="Produce Cover Material" conditionName="isTrue"/>
      <TcLOVValue value="L" description="Form Cover Material" conditionName="isTrue"/>
      <TcLOVValue value="M" description="Apply Cover Material to Other Components" conditionName="isTrue"/>
      <TcLOVValue value="P" description="Produce Substrate Material" conditionName="isTrue"/>
      <TcLOVValue value="Y" description="Produce Cover Material for Component" conditionName="isTrue"/>
      <TcLOVValue value="Z" description="Form Cover Material for Component" conditionName="isTrue"/>
      <TcLOVValue value="X" description="Produce Component Material" conditionName="isTrue"/>
      <TcLOVValue value="F" description="Form Substrate Material" conditionName="isTrue"/>
      <TcLOVValue value="O" description="Form Other Components" conditionName="isTrue"/>
    </TcLOV>
  </Change>
</TcBusinessData>
