<?xml version="1.0" encoding="UTF-8"?>
<TcBusinessData xmlns="http://teamcenter.com/BusinessModel/TcBusinessData" batchXSDVersion="1.0"
    Date="Mon Oct 07 11:13:26 AM 2019"
>
<!--This file can be used to update the LOV values and sub-LOV attachments on LOV: Ng5_EnterpriseSourcingDcsn_LOV. 
1. Please ensure that the LOV has been deployed to the Teamcenter Server.  
2. Modify this file by replacing the commented code below with your values. 
3. Modify the localization files in the lang folder by replacing the commented code with your values. 
4. Run the command: 
bmide_manage_batch_lovs -u=<username> -p=<password> -g=<group> -option=update -file=<BMIDE Project Folder>/output/lnx64/Samples/LOVS/Ng5_EnterpriseSourcingDcsn_LOV/Ng5_EnterpriseSourcingDcsn_LOV.xml.-->

  <Add>
<!--The following sub-LOV attachment, enclosed in comments, is there as a sample. You can replace it by your own sub-LOV attachments, for creating cascading LOVs.-->
<!--
<TcLOVValueSubLOVAttach conditionName="isTrue" subLOVName="SampleSubLOV" targetLOVName="Ng5_EnterpriseSourcingDcsn_LOV" targetValue="SampleLOVValue"/>
-->
  </Add>
  <Change>
    <TcLOV name="Ng5_EnterpriseSourcingDcsn_LOV" lovType="ListOfValuesString" usage="Exhaustive"
        description="LOV for Enterprise Sourcing Decision" isManagedExternally="true">
<!--The following LOV values, enclosed in comments, are there as a sample. You can replace them by your own LOV values.-->
 <TcLOVValue value="B" description="Purchased Both Cont 30%" conditionName="isTrue" />
 <TcLOVValue value="S" description="Purchased Both Cont 75%" conditionName="isTrue" />
 <TcLOVValue value="F" description="Purchased Both Cont 50%" conditionName="isTrue" />
 <TcLOVValue value="X" description="Purchased (Controlled)" conditionName="isTrue" />
 <TcLOVValue value="D" description="Purchased (Directed)" conditionName="isTrue" />
 <TcLOVValue value="P" description="Purchased" conditionName="isTrue" />
 <TcLOVValue value="M" description="Manufactured" conditionName="isTrue" />
 <TcLOVValue value="C" description="Contract" conditionName="isTrue" />
 </TcLOV>
  </Change>
</TcBusinessData>
