<?xml version="1.0" encoding="UTF-8"?>
<TcBusinessData xmlns="http://teamcenter.com/BusinessModel/TcBusinessData" batchXSDVersion="1.0"
    Date="Thu Nov 21 12:29:29 PM 2019">
  <Add/>
  <Change>
    <TcLOV name="Ng5_Visor_SUB_LOV" lovType="ListOfValuesString" usage="Suggestive"
        description="" isManagedExternally="true">
      <TcLOVValue value="9" description="Undefined" conditionName="isTrue"/>
      <TcLOVValue value="A" description="Aux or Slide on Rod" conditionName="isTrue"/>
      <TcLOVValue value="B" description="Blank" conditionName="isTrue"/>
      <TcLOVValue value="U" description="Unlit Vanity" conditionName="isTrue"/>
      <TcLOVValue value="H" description="Homelink" conditionName="isTrue"/>
      <TcLOVValue value="L" description="Lit Vanity" conditionName="isTrue"/>
      <TcLOVValue value="T" description="Telematics" conditionName="isTrue"/>
    </TcLOV>
  </Change>
</TcBusinessData>
