<?xml version="1.0" encoding="UTF-8"?>
<TcBusinessData xmlns="http://teamcenter.com/BusinessModel/TcBusinessData" batchXSDVersion="1.0"
    Date="Thu Nov 21 11:16:31 AM 2019">
  <Add/>
  <Change>
    <TcLOV name="Ng5_Headliners_SUB_LOV" lovType="ListOfValuesString" usage="Suggestive"
        description="" isManagedExternally="true">
      <TcLOVValue value="9" description="Undefined" conditionName="isTrue"/>
      <TcLOVValue value="B" description="Bolster Assembly .183" conditionName="isTrue"/>
      <TcLOVValue value="C" description="Cores Made" conditionName="isTrue"/>
      <TcLOVValue value="E" description="Edgewraped Headliners" conditionName="isTrue"/>
      <TcLOVValue value="H" description="Headliners Produced" conditionName="isTrue"/>
      <TcLOVValue value="P" description="Package Tray .305" conditionName="isTrue"/>
      <TcLOVValue value="R" description="Produce Raw Material for Core" conditionName="isTrue"/>
    </TcLOV>
  </Change>
</TcBusinessData>
