<?xml version="1.0" encoding="UTF-8"?>
<TcBusinessData xmlns="http://teamcenter.com/BusinessModel/TcBusinessData"
    batchXSDVersion="1.0" Date="Tue Sep 20 06:37:25 PM 2016">
    <Add>
</Add>
<Change>
        <TcLOV name="Ng5_DA_Reason_LOV" lovType="ListOfValuesString"
            usage="Suggestive" description="" isManagedExternally="true">

            <TcLOVValue value="Use Parts that do not meet engineering drawing specifications" description="" conditionName="isTrue" />
            <TcLOVValue value="Material substitution (Describe in Comments/Special Instructions)" description="" conditionName="isTrue" />
            <TcLOVValue value="Use Parts that do not meet approved appearance standards" description="" conditionName="isTrue" />
            <TcLOVValue value="Use Parts for saleable vehicles prior to Supplier Part Submission approval" description="" conditionName="isTrue" />
            <TcLOVValue value="Sample build on current product line" description="" conditionName="isTrue" />
            <TcLOVValue value="Unable to temporarily follow Control Plan and/or instructions" description="" conditionName="isTrue" />
            <TcLOVValue value="Continuation of non-capable process" description="" conditionName="isTrue" />
            <TcLOVValue value="Other: e.g Manufacturing Changes" description="" conditionName="isTrue" />
        </TcLOV>
    </Change>
</TcBusinessData>

