<?xml version="1.0" encoding="UTF-8"?>
<TcBusinessData xmlns="http://teamcenter.com/BusinessModel/TcBusinessData"
	batchXSDVersion="1.0" Date="Tue Sep 20 06:41:58 PM 2016">
	<Add>
	</Add>
	<Change>
		<TcLOV name="Ng5_DriveTrain_LOV" lovType="ListOfValuesString"
			usage="Exhaustive" description="" isManagedExternally="true">
			<!--The following LOV values, enclosed in comments, are there as a sample. 
				You can replace them by your own LOV values. -->
			<TcLOVValue value="LHD" description="Left-hand drive"
				conditionName="isTrue" />
			<TcLOVValue value="RHD" description="Right-hand drive"
				conditionName="isTrue" />
		</TcLOV>
	</Change>
</TcBusinessData>
