<?xml version="1.0" encoding="UTF-8"?>
<TcBusinessData xmlns="http://teamcenter.com/BusinessModel/TcBusinessData"
	batchXSDVersion="1.0" Date="Tue Sep 20 06:40:26 PM 2016">

	<Add>
	</Add>
	<Change>
		<TcLOV name="Ng5_ForeAft_LOV" lovType="ListOfValuesString"
			usage="Exhaustive" description="" isManagedExternally="true">
			<!--The following LOV values, enclosed in comments, are there as a sample. 
				You can replace them by your own LOV values. -->
			<TcLOVValue value="FRT" description="Front" conditionName="isTrue" />
			<TcLOVValue value="BCK" description="Back" conditionName="isTrue" />
			<TcLOVValue value="RR" description="Rear" conditionName="isTrue" />
			<TcLOVValue value="FW" description="Forward"
				conditionName="isTrue" />
			<TcLOVValue value="RW" description="Rearward"
				conditionName="isTrue" />

		</TcLOV>
	</Change>
</TcBusinessData>
