<?xml version="1.0" encoding="UTF-8"?>
<TcBusinessData xmlns="http://teamcenter.com/BusinessModel/TcBusinessData" batchXSDVersion="1.0"
    Date="Wed Sep 21 02:46:05 PM 2016"
>
<!--This file can be used to update the LOV values and sub-LOV attachments on LOV: Ng5_Prg_Type_LOV. 
1. Please ensure that the LOV has been deployed to the Teamcenter Server.  
2. Modify this file by replacing the commented code below with your values. 
3. Modify the localization files in the lang folder by replacing the commented code with your values. 
4. Run the command: 
bmide_manage_batch_lovs -u=<username> -p=<password> -g=<group> -option=update -file=<BMIDE Project Folder>/output/lnx64/Samples/LOVS/Ng5_Prg_Type_LOV/Ng5_Prg_Type_LOV.xml.-->

  <Add>
<!--The following sub-LOV attachment, enclosed in comments, is there as a sample. You can replace it by your own sub-LOV attachments, for creating cascading LOVs.-->
<!--
<TcLOVValueSubLOVAttach conditionName="isTrue" subLOVName="SampleSubLOV" targetLOVName="Ng5_Prg_Type_LOV" targetValue="SampleLOVValue"/>
-->
  </Add>
  <Change>
    <TcLOV name="Ng5_Prg_Type_LOV" lovType="ListOfValuesString" usage="Exhaustive"
        description="Program Management LOVs" isManagedExternally="true">
<!--The following LOV values, enclosed in comments, are there as a sample. You can replace them by your own LOV values.-->
<!--
<TcLOVValue value="SampleValueOne" description="Sample Description One" conditionName="isTrue" />
<TcLOVValue value="SampleValueTwo" description="Sample Description Two" conditionName="isTrue" />
<TcLOVValue value="SampleValueThree" description="Sample Description Three" conditionName="isTrue" />
-->
		<TcLOVValue value="Application Program" description="" conditionName="isTrue"/>		
		<TcLOVValue value="CPP" description="" conditionName="isTrue"/>
		<TcLOVValue value="Global Program" description="" conditionName="isTrue"/>
		<TcLOVValue value="Launch Program" description="" conditionName="isTrue"/>
		<TcLOVValue value="Portfolio" description="" conditionName="isTrue"/>
		<TcLOVValue value="Standard Part Program" description="" conditionName="isTrue"/>
		<TcLOVValue value="Other" description="" conditionName="isTrue"/>
    </TcLOV>
  </Change>
</TcBusinessData>
