<?xml version="1.0" encoding="UTF-8"?>
<TcBusinessData xmlns="http://teamcenter.com/BusinessModel/TcBusinessData" batchXSDVersion="1.0"
    Date="Tue Sep 20 06:42:12 PM 2016"
>
<!--This file can be used to update the LOV values and sub-LOV attachments on LOV: Ng5_Options_LOV. 
1. Please ensure that the LOV has been deployed to the Teamcenter Server.  
2. Modify this file by replacing the commented code below with your values. 
3. Modify the localization files in the lang folder by replacing the commented code with your values. 
4. Run the command: 
bmide_manage_batch_lovs -u=<username> -p=<password> -g=<group> -option=update -file=<BMIDE Project Folder>/output/lnx64/Samples/LOVS/Ng5_Options_LOV/Ng5_Options_LOV.xml.-->

  <Add>
<!--The following sub-LOV attachment, enclosed in comments, is there as a sample. You can replace it by your own sub-LOV attachments, for creating cascading LOVs.-->
<!--
<TcLOVValueSubLOVAttach conditionName="isTrue" subLOVName="SampleSubLOV" targetLOVName="Ng5_Options_LOV" targetValue="SampleLOVValue"/>
-->
  </Add>
  <Change>
    <TcLOV name="Ng5_Options_LOV" lovType="ListOfValuesString" usage="Suggestive"
        description="" isManagedExternally="true">
<!--The following LOV values, enclosed in comments, are there as a sample. You can replace them by your own LOV values.-->
	<TcLOVValue value="Basic" description="" conditionName="isTrue" />
	<TcLOVValue value="Wide" description="" conditionName="isTrue" />
	<TcLOVValue value="Easy Entry" description="" conditionName="isTrue" />
	<TcLOVValue value="OCS" description="" conditionName="isTrue" />
	<TcLOVValue value="Isofix" description="" conditionName="isTrue" />
	<TcLOVValue value="None" description="" conditionName="isTrue" />
	<TcLOVValue value="HVAC" description="" conditionName="isTrue" />
	<TcLOVValue value="With Memory" description="" conditionName="isTrue" />
	<TcLOVValue value="Multi function active seat" description="" conditionName="isTrue" />
	<TcLOVValue value="Multi function seat" description="" conditionName="isTrue" />
	<TcLOVValue value="SAB" description="" conditionName="isTrue" />
	<TcLOVValue value="Narrow" description="" conditionName="isTrue" />
	<TcLOVValue value="Sport" description="" conditionName="isTrue" />
	<TcLOVValue value="Supersport" description="" conditionName="isTrue" />
	<TcLOVValue value="HUD" description="" conditionName="isTrue" />
	<TcLOVValue value="AUX" description="" conditionName="isTrue" />
	<TcLOVValue value="USB" description="" conditionName="isTrue" />
	<TcLOVValue value="SWD" description="" conditionName="isTrue" />
	<TcLOVValue value="NA" description="" conditionName="isTrue" />
	<TcLOVValue value="EU" description="" conditionName="isTrue" />
	<TcLOVValue value="AP" description="" conditionName="isTrue" />
	<TcLOVValue value="12V" description="" conditionName="isTrue" />
	<TcLOVValue value="M4" description="" conditionName="isTrue" />
	<TcLOVValue value="M6" description="" conditionName="isTrue" />
	<TcLOVValue value="M8" description="" conditionName="isTrue" />
	<TcLOVValue value="M10" description="" conditionName="isTrue" />
	<TcLOVValue value="M12" description="" conditionName="isTrue" />
	<TcLOVValue value="MEM" description="" conditionName="isTrue" />
	<TcLOVValue value="MIN" description="" conditionName="isTrue" />
	<TcLOVValue value="MAX" description="" conditionName="isTrue" />
	<TcLOVValue value="M" description="" conditionName="isTrue" />
	<TcLOVValue value="F" description="" conditionName="isTrue" />
	<TcLOVValue value="AB_" description="" conditionName="isTrue" />
	<TcLOVValue value="SGN" description="" conditionName="isTrue" />
	<TcLOVValue value="SGW" description="" conditionName="isTrue" />
	<TcLOVValue value="DBN" description="" conditionName="isTrue" />
	<TcLOVValue value="DBW" description="" conditionName="isTrue" />
	<TcLOVValue value="IGN SW" description="" conditionName="isTrue" />
	<TcLOVValue value="NAVI" description="" conditionName="isTrue" />
	<TcLOVValue value="Radio" description="" conditionName="isTrue" />
	<TcLOVValue value="Heater" description="" conditionName="isTrue" />
	<TcLOVValue value="DSP 3.5&quot;" description="" conditionName="isTrue" />
	<TcLOVValue value="DSP 4.2&quot;" description="" conditionName="isTrue" />
	<TcLOVValue value="DSP 5&quot;" description="" conditionName="isTrue" />
	<TcLOVValue value="DSP 5+" description="" conditionName="isTrue" />
	<TcLOVValue value="DSP 5.8&quot;" description="" conditionName="isTrue" />
	<TcLOVValue value="DSP 7&quot;" description="" conditionName="isTrue" />
	<TcLOVValue value="DSP 8&quot;" description="" conditionName="isTrue" />
	<TcLOVValue value="EPB" description="" conditionName="isTrue" />
	<TcLOVValue value="MNL" description="" conditionName="isTrue" />
	<TcLOVValue value="ATM" description="" conditionName="isTrue" />
	<TcLOVValue value="DSG" description="" conditionName="isTrue" />
	<TcLOVValue value="Sun sensor" description="" conditionName="isTrue" />
	<TcLOVValue value="Rain sensor" description="" conditionName="isTrue" />
	<TcLOVValue value="ABG SW" description="" conditionName="isTrue" />
	<TcLOVValue value="Light SW" description="" conditionName="isTrue" />
	<TcLOVValue value="Lock" description="" conditionName="isTrue" />
	<TcLOVValue value="Unlock" description="" conditionName="isTrue" />
	<TcLOVValue value="Tank Release" description="" conditionName="isTrue" />
	<TcLOVValue value="Hood Release" description="" conditionName="isTrue" />
	<TcLOVValue value="Temp Sensor" description="" conditionName="isTrue" />
	<TcLOVValue value="TPO" description="" conditionName="isTrue" />
	<TcLOVValue value="PVC" description="" conditionName="isTrue" />
	<TcLOVValue value="Leather" description="" conditionName="isTrue" />
	<TcLOVValue value="Chrome" description="" conditionName="isTrue" />
	<TcLOVValue value="ALU" description="" conditionName="isTrue" />
	<TcLOVValue value="Flock" description="" conditionName="isTrue" />
	<TcLOVValue value="Hi" description="" conditionName="isTrue" />
	<TcLOVValue value="Mid" description="" conditionName="isTrue" />
	<TcLOVValue value="Low" description="" conditionName="isTrue" />
	<TcLOVValue value="Base" description="" conditionName="isTrue" />
	<TcLOVValue value="Std" description="" conditionName="isTrue" />
	<TcLOVValue value="Top" description="" conditionName="isTrue" />
	<TcLOVValue value="Punched" description="" conditionName="isTrue" />
	<TcLOVValue value="Welded" description="" conditionName="isTrue" />
	<TcLOVValue value="Foamed" description="" conditionName="isTrue" />
	<TcLOVValue value="Laminated" description="" conditionName="isTrue" />
	<TcLOVValue value="Painted" description="" conditionName="isTrue" />
	<TcLOVValue value="Scored" description="" conditionName="isTrue" />
	<TcLOVValue value="Unscored" description="" conditionName="isTrue" />
	<TcLOVValue value="Milled" description="" conditionName="isTrue" />
	<TcLOVValue value="E-plated" description="" conditionName="isTrue" />
	<TcLOVValue value="Wrapped" description="" conditionName="isTrue" />
	<TcLOVValue value="US Welded" description="" conditionName="isTrue" />
	<TcLOVValue value="IR Welded" description="" conditionName="isTrue" />
	<TcLOVValue value="VIP Welded" description="" conditionName="isTrue" />
    </TcLOV>
  </Change>
</TcBusinessData>
