<?xml version="1.0" encoding="UTF-8"?>
<TcBusinessData xmlns="http://teamcenter.com/BusinessModel/TcBusinessData" batchXSDVersion="1.0"
    Date="Thu Nov 21 12:35:03 PM 2019">
  <Add/>
  <Change>
    <TcLOV name="Ng5_OverheadSys_SUB_LOV" lovType="ListOfValuesString" usage="Suggestive"
        description="" isManagedExternally="true">
      <TcLOVValue value="9" description="Undefined" conditionName="isTrue"/>
      <TcLOVValue value="D" description="DVD System" conditionName="isTrue"/>
      <TcLOVValue value="H" description="Homelink" conditionName="isTrue"/>
      <TcLOVValue value="N" description="Navigation Systems" conditionName="isTrue"/>
      <TcLOVValue value="O" description="OHC" conditionName="isTrue"/>
      <TcLOVValue value="T" description="Telematics" conditionName="isTrue"/>
      <TcLOVValue value="V" description="Visor" conditionName="isTrue"/>
    </TcLOV>
  </Change>
</TcBusinessData>
