<?xml version="1.0" encoding="UTF-8"?>
<TcBusinessData xmlns="http://teamcenter.com/BusinessModel/TcBusinessData" batchXSDVersion="1.0"
    Date="Fri Dec 16 05:25:32 AM 2016"
>
  <Add>
  </Add>
  <Change>
    <TcLOV name="Ng5_CNType_LOV" lovType="ListOfValuesString" usage="Exhaustive" description="" isManagedExternally="true">
	<TcLOVValue value="Support Design Change" description="Support Design Change" conditionName="isTrue" />
	<TcLOVValue value="Control Document Only Change" description="Control Document Only Change" conditionName="isTrue" />
	<TcLOVValue value="Test Fixture" description="Test Fixture" conditionName="isTrue" />
    </TcLOV>
  </Change>
</TcBusinessData>
