<?xml version="1.0" encoding="UTF-8"?>
<TcBusinessData xmlns="http://teamcenter.com/BusinessModel/TcBusinessData" batchXSDVersion="1.0"
    Date="Mon May 02 01:40:54 AM 2022">
  <Add/>
  <Change>
    <TcLOV name="Ng5_CNTypeNonEng_LOV" lovType="ListOfValuesString" usage="Exhaustive"
        description="Ng5_CNTypeNonEng_LOV" isManagedExternally="true">
      <TcLOVValue value="Typical Change" description="Typical Change" conditionName="isTrue"/>
      <TcLOVValue value="Drawing Only Change" description="Drawing Only Change" conditionName="isTrue"/>
      <TcLOVValue value="Support Design Change" description="Support Design Change"
          conditionName="isTrue"/>
      <TcLOVValue value="Control Document Only Change" description="Control Document Only Change"
          conditionName="isTrue"/>
      <TcLOVValue value="Test Fixture" description="Test Fixture" conditionName="isTrue"/>
    </TcLOV>
  </Change>
</TcBusinessData>
