<?xml version="1.0" encoding="UTF-8"?>
<TcBusinessData xmlns="http://teamcenter.com/BusinessModel/TcBusinessData" batchXSDVersion="1.0"
    Date="Sat Oct 08 09:37:15 PM 2016">
<!--This file can be used to update the LOV values and sub-LOV attachments on LOV: Ng5_ChangeType_LOV. 
1. Please ensure that the LOV has been deployed to the Teamcenter Server.  
2. Modify this file by replacing the commented code below with your values. 
3. Modify the localization files in the lang folder by replacing the commented code with your values. 
4. Run the command: 
bmide_manage_batch_lovs -u=<username> -p=<password> -g=<group> -option=update -file=<BMIDE Project Folder>/output/lnx64/Samples/LOVS/Ng5_ChangeType_LOV/Ng5_ChangeType_LOV.xml.-->

  <Add>
<!--The following sub-LOV attachment, enclosed in comments, is there as a sample. You can replace it by your own sub-LOV attachments, for creating cascading LOVs.-->
<!--
<TcLOVValueSubLOVAttach conditionName="isTrue" subLOVName="SampleSubLOV" targetLOVName="Ng5_ChangeType_LOV" targetValue="SampleLOVValue"/>
-->
  </Add>
  <Change>
    <TcLOV name="Ng5_IMANRelCM_LOV" lovType="ListOfValuesString" usage="Exhaustive"
        description="" isManagedExternally="true">
<!--The following LOV values, enclosed in comments, are there as a sample. You can replace them by your own LOV values.-->

<TcLOVValue value="$TARGET.(ItemRevision).IMAN_specification.*" description="" conditionName="isTrue" />
<TcLOVValue value="$TARGET.(ItemRevision).IMAN_Rendering.(Dataset)*" description="" conditionName="isTrue" />
<TcLOVValue value="$TARGET.(ItemRevision).IMAN_manifestation.(Dataset)*" description="" conditionName="isTrue" />
<TcLOVValue value="$TARGET.(ItemRevision).PSBOMViewRevision.*" description="" conditionName="isTrue" />
<TcLOVValue value="$TARGET.(Ng5_EngPartRevision).Ng5_rHasTDPPackage.(Ng5_TDP_Package)*" description="" conditionName="isTrue" />
<TcLOVValue value="$TARGET.(Ng5_EngPartRevision).Ng5_rHasTDPAttach.(Dataset)*" description="" conditionName="isTrue" />
</TcLOV>
  </Change>
</TcBusinessData>

