<?xml version="1.0" encoding="UTF-8"?>
<TcBusinessData xmlns="http://teamcenter.com/BusinessModel/TcBusinessData"
	batchXSDVersion="1.0" Date="Tue Sep 20 06:41:27 PM 2016">
	<Add>
	</Add>
	<Change>
		<TcLOV name="Ng5_RelativePosition_LOV" lovType="ListOfValuesString"
			usage="Exhaustive" description="" isManagedExternally="true">
			<!--The following LOV values, enclosed in comments, are there as a sample. 
				You can replace them by your own LOV values. -->
			<TcLOVValue value="INR" description="Inner" conditionName="isTrue" />
			<TcLOVValue value="OTR" description="Outer" conditionName="isTrue" />
			<TcLOVValue value="IB" description="In Board" conditionName="isTrue" />
			<TcLOVValue value="OB" description="Out Board" conditionName="isTrue" />

		</TcLOV>
	</Change>
</TcBusinessData>
