<?xml version="1.0" encoding="UTF-8"?>
<TcBusinessData xmlns="http://teamcenter.com/BusinessModel/TcBusinessData"
	batchXSDVersion="1.0" Date="Tue Sep 20 06:41:43 PM 2016">

	<Add>
	</Add>
	<Change>
		<TcLOV name="Ng5_OccupantPosition_LOV" lovType="ListOfValuesString"
			usage="Exhaustive" description="" isManagedExternally="true">
			<!--The following LOV values, enclosed in comments, are there as a sample. 
				You can replace them by your own LOV values. -->
			<TcLOVValue value="DS" description="Driver side"
				conditionName="isTrue" />
			<TcLOVValue value="PS" description="Passenger side"
				conditionName="isTrue" />
			<TcLOVValue value="B" description="Business Class"
				conditionName="isTrue" />
			<TcLOVValue value="E" description="Economy Class"
				conditionName="isTrue" />
			<TcLOVValue value="F" description="First Class"
				conditionName="isTrue" />

		</TcLOV>
	</Change>
</TcBusinessData>
