<?xml version="1.0" encoding="UTF-8"?>
<TcBusinessData xmlns="http://teamcenter.com/BusinessModel/TcBusinessData" batchXSDVersion="1.0"
    Date="Tue Sep 20 06:42:30 PM 2016"
>
<!--This file can be used to update the LOV values and sub-LOV attachments on LOV: Ng5_DesignType_LOV. 
1. Please ensure that the LOV has been deployed to the Teamcenter Server.  
2. Modify this file by replacing the commented code below with your values. 
3. Modify the localization files in the lang folder by replacing the commented code with your values. 
4. Run the command: 
bmide_manage_batch_lovs -u=<username> -p=<password> -g=<group> -option=update -file=<BMIDE Project Folder>/output/lnx64/Samples/LOVS/Ng5_DesignType_LOV/Ng5_DesignType_LOV.xml.-->

  <Add>
<!--The following sub-LOV attachment, enclosed in comments, is there as a sample. You can replace it by your own sub-LOV attachments, for creating cascading LOVs.-->
<!--
<TcLOVValueSubLOVAttach conditionName="isTrue" subLOVName="SampleSubLOV" targetLOVName="Ng5_DesignType_LOV" targetValue="SampleLOVValue"/>
-->
  </Add>
  <Change>
    <TcLOV name="Ng5_Plant_Usage_LOV" lovType="ListOfValuesString" usage="Exhaustive"
        description="" isManagedExternally="true">
			<TcLOVValue value="FG-0" description="FINISHED GOOD - Obsolete" conditionName="isTrue" />
			<TcLOVValue value="FG-1" description="FINISHED GOOD - Production Item" conditionName="isTrue" />
			<TcLOVValue value="FG-2" description="FINISHED GOOD - Service Item" conditionName="isTrue" />
			<TcLOVValue value="FG-3" description="FINISHED GOOD - Inter Co Item" conditionName="isTrue" />
			<TcLOVValue value="SFG-0" description="SEMIFINISHED GOOD - Obsolete" conditionName="isTrue" />
			<TcLOVValue value="SFG-1" description="SEMIFINISHED GOOD - WIP No Post" conditionName="isTrue" />
			<TcLOVValue value="SFG-2" description="SEMIFINISHED GOOD - WIP Post" conditionName="isTrue" />
			<TcLOVValue value="SFG-3" description="SEMIFINISHED GOOD - Engineering" conditionName="isTrue" />
			<TcLOVValue value="DUG-1" description="DUAL USE GOOD -FG and SFG" conditionName="isTrue" />
			<TcLOVValue value="DUG-2" description="DUAL USE GOOD -FG and PG" conditionName="isTrue" />
			<TcLOVValue value="DUG-3" description="DUAL USE GOOD -PG and SFG" conditionName="isTrue" />
			<TcLOVValue value="PG-0" description="PURCHASED GOOD - Obsolete" conditionName="isTrue" />
			<TcLOVValue value="PG-1" description="PURCHASED GOOD - Direct" conditionName="isTrue" />
			<TcLOVValue value="PG-2" description="PURCHASED GOOD - Indirect or MRO" conditionName="isTrue" />
			<TcLOVValue value="PG-3" description="PURCHASED GOOD - Inter Co" conditionName="isTrue" />
			<TcLOVValue value="BBPHOG" description="PURCHASED GOOD - Used for BBP Reports" conditionName="isTrue" />
			<TcLOVValue value="BBPNO" description="PURCHASED GOOD - Used for BBP Reports" conditionName="isTrue" />
			<TcLOVValue value="BBPEND" description="FINISHED GOOD - Used for BBP Reports" conditionName="isTrue" />
			<TcLOVValue value="RC" description="RETURNABLE CONTAINER" conditionName="isTrue" />
			<TcLOVValue value="XC" description="EXPENDABLE CONTAINER" conditionName="isTrue" />
    </TcLOV>
  </Change>
</TcBusinessData>


