<?xml version="1.0" encoding="UTF-8"?>
<TcBusinessData xmlns="http://teamcenter.com/BusinessModel/TcBusinessData" batchXSDVersion="1.0"
    Date="Tue Sep 20 02:40:59 PM 2016"
>
<!--This file can be used to update the LOV values and sub-LOV attachments on LOV: Ng5_Customer_Group_LOV. 
1. Please ensure that the LOV has been deployed to the Teamcenter Server.  
2. Modify this file by replacing the commented code below with your values. 
3. Modify the localization files in the lang folder by replacing the commented code with your values. 
4. Run the command: 
bmide_manage_batch_lovs -u=<username> -p=<password> -g=<group> -option=update -file=<BMIDE Project Folder>/output/lnx64/Samples/LOVS/Ng5_Customer_Group_LOV/Ng5_Customer_Group_LOV.xml.-->

  <Add>
<!--The following sub-LOV attachment, enclosed in comments, is there as a sample. You can replace it by your own sub-LOV attachments, for creating cascading LOVs.-->
<!--
       <TcLOVValueSubLOVAttach conditionName="isTrue" subLOVName="SampleSubLOV" targetLOVName="Ng5_Customer_Group_LOV" targetValue="SampleLOVValue"/>
-->
  </Add>
  <Change>
    <TcLOV name="Ng5_Customer_Group_LOV" lovType="ListOfValuesString" usage="Exhaustive"
        description="Program Management LOV" isManagedExternally="true">
		<TcLOVValue value="AMERICAS - FORD / VW / PowerSports" description="" conditionName="isTrue"/>
		<TcLOVValue value="AMERICAS - GM / BMW / Daimler / Tesla" description="" conditionName="isTrue"/>
		<TcLOVValue value="AMERICAS - HONDA / NISSAN" description="" conditionName="isTrue"/>
		<TcLOVValue value="AMERICAS - SOUTH AMERICA" description="" conditionName="isTrue"/>
		<TcLOVValue value="AMERICAS - STELLANTIS / WEST COAST" description="" conditionName="isTrue"/>
		<TcLOVValue value="AMERICAS - TOYOTA / HKMC" description="" conditionName="isTrue"/>
		<TcLOVValue value="APAC - Asia - India" description="" conditionName="isTrue"/>
		<TcLOVValue value="APAC - Asia - Indonesia" description="" conditionName="isTrue"/>
		<TcLOVValue value="APAC - Asia - Japan" description="" conditionName="isTrue"/>
		<TcLOVValue value="APAC - Asia - Korea" description="" conditionName="isTrue"/>
		<TcLOVValue value="APAC - Asia - Malaysia" description="" conditionName="isTrue"/>
		<TcLOVValue value="APAC - Asia - Thailand" description="" conditionName="isTrue"/>
		<TcLOVValue value="APAC - China - Adient Chongqing" description="" conditionName="isTrue"/>
		<TcLOVValue value="APAC - China - BJA" description="" conditionName="isTrue"/>
		<TcLOVValue value="APAC - China - CAA" description="" conditionName="isTrue"/>
		<TcLOVValue value="APAC - China - CFAA - CV - Interiors" description="" conditionName="isTrue"/>
		<TcLOVValue value="APAC - China - CFAA - CV - Seating" description="" conditionName="isTrue"/>
		<TcLOVValue value="APAC - China - CFAA - Interiors" description="" conditionName="isTrue"/>
		<TcLOVValue value="APAC - China - CFAA - Seating" description="" conditionName="isTrue"/>
		<TcLOVValue value="APAC - China - FAA" description="" conditionName="isTrue"/>
		<TcLOVValue value="APAC - China - GAAS" description="" conditionName="isTrue"/>
		<TcLOVValue value="APAC - China - LF" description="" conditionName="isTrue"/>
		<TcLOVValue value="APAC - China - NT" description="" conditionName="isTrue"/>
		<TcLOVValue value="EMEA - CS BMW / DAIMLER / FORD / TESLA" description="" conditionName="isTrue"/>
		<TcLOVValue value="EMEA - CS JLR / NISSAN / TOYOTA / RENAULT" description="" conditionName="isTrue"/>
		<TcLOVValue value="EMEA - CS STELLANTIS / HKMC" description="" conditionName="isTrue"/>
		<TcLOVValue value="EMEA - CS VOLVO" description="" conditionName="isTrue"/>
		<TcLOVValue value="EMEA - CS VW / AUDI / PORSCHE / SEAT / SKODA" description="" conditionName="isTrue"/>
		<TcLOVValue value="EMEA - REGION SOUTH AFRICA" description="" conditionName="isTrue"/>
		<TcLOVValue value="EMEA - REGION TURKEY" description="" conditionName="isTrue"/>
		<TcLOVValue value="EMEA - SS&amp;M - BMW / DAIMLER" description="" conditionName="isTrue"/>
		<TcLOVValue value="EMEA - SS&amp;M - MECHANISM" description="" conditionName="isTrue"/>
		<TcLOVValue value="EMEA - SS&amp;M - NON GERMAN OEMS" description="" conditionName="isTrue"/>
		<TcLOVValue value="EMEA - SS&amp;M - VW GROUP &amp; CV" description="" conditionName="isTrue"/>
		<TcLOVValue value="EMEA - T&amp;F - FOAM" description="" conditionName="isTrue"/>
		<TcLOVValue value="EMEA - T&amp;F - SMALL PARTS" description="" conditionName="isTrue"/>
		<TcLOVValue value="EMEA - T&amp;F - TRIM" description="" conditionName="isTrue"/>
    </TcLOV>
  </Change>
</TcBusinessData>
