<?xml version="1.0" encoding="UTF-8"?>
<TcBusinessData xmlns="http://teamcenter.com/BusinessModel/TcBusinessData" batchXSDVersion="1.0"
    Date="Mon Feb 20 02:30:14 PM 2017"
>
<!--This file can be used to update the LOV values and sub-LOV attachments on LOV: Ng5_RevType_LOV. 
1. Please ensure that the LOV has been deployed to the Teamcenter Server.  
2. Modify this file by replacing the commented code below with your values. 
3. Modify the localization files in the lang folder by replacing the commented code with your values. 
4. Run the command: 
bmide_manage_batch_lovs -u=<username> -p=<password> -g=<group> -option=update -file=<BMIDE Project Folder>/output/lnx64/Samples/LOVS/Ng5_RevType_LOV/Ng5_RevType_LOV.xml.-->

  <Add>
<!--The following sub-LOV attachment, enclosed in comments, is there as a sample. You can replace it by your own sub-LOV attachments, for creating cascading LOVs.-->
<!--
<TcLOVValueSubLOVAttach conditionName="isTrue" subLOVName="SampleSubLOV" targetLOVName="Ng5_RevType_LOV" targetValue="SampleLOVValue"/>
-->
  </Add>
  <Change>
    <TcLOV name="Ng5_RevType_LOV" lovType="ListOfValuesString" usage="Exhaustive"
        description="This LOV will hold revision type values e.g. Major or Minor"
        isManagedExternally="true">
<!--The following LOV values, enclosed in comments, are there as a sample. You can replace them by your own LOV values.-->
		<TcLOVValue value="Major" description="Major Revision" conditionName="isTrue" />
		<TcLOVValue value="Minor" description="Minor Revision" conditionName="isTrue" />
	</TcLOV>
</Change>
</TcBusinessData>
