<?xml version="1.0" encoding="UTF-8"?>
<TcBusinessData xmlns="http://teamcenter.com/BusinessModel/TcBusinessData" batchXSDVersion="1.0"
    Date="Tue Sep 20 03:06:50 PM 2016"
>
<!--This file can be used to update the LOV values and sub-LOV attachments on LOV: Ng5_Launch_Site_Region_LOV. 
1. Please ensure that the LOV has been deployed to the Teamcenter Server.  
2. Modify this file by replacing the commented code below with your values. 
3. Modify the localization files in the lang folder by replacing the commented code with your values. 
4. Run the command: 
bmide_manage_batch_lovs -u=<username> -p=<password> -g=<group> -option=update -file=<BMIDE Project Folder>/output/lnx64/Samples/LOVS/Ng5_Launch_Site_Region_LOV/Ng5_Launch_Site_Region_LOV.xml.-->

  <Add>
<!--The following sub-LOV attachment, enclosed in comments, is there as a sample. You can replace it by your own sub-LOV attachments, for creating cascading LOVs.-->
<!--
<TcLOVValueSubLOVAttach conditionName="isTrue" subLOVName="SampleSubLOV" targetLOVName="Ng5_Launch_Site_Region_LOV" targetValue="SampleLOVValue"/>
-->
  </Add>
  <Change>
    <TcLOV name="Ng5_Launch_Site_Region_LOV" lovType="ListOfValuesString" usage="Exhaustive"
        description="" isManagedExternally="true">
		<TcLOVValue value="AFR" description="Africa" conditionName="isTrue"/>
		<TcLOVValue value="AM" description="Americas" conditionName="isTrue"/>
		<TcLOVValue value="AP" description="Asia Pacific" conditionName="isTrue"/>
		<TcLOVValue value="CHN" description="China" conditionName="isTrue"/>
		<TcLOVValue value="EU" description="Europe" conditionName="isTrue"/>
		<TcLOVValue value="IND" description="India" conditionName="isTrue"/>
		<TcLOVValue value="JPN" description="Japan" conditionName="isTrue"/>
		<TcLOVValue value="JK" description="Japan &amp; Korea" conditionName="isTrue"/>
		<TcLOVValue value="KOR" description="Korea" conditionName="isTrue"/>
		<TcLOVValue value="ME" description="Middle East" conditionName="isTrue"/>
		<TcLOVValue value="NA" description="North America" conditionName="isTrue"/>
		<TcLOVValue value="RUS" description="Russia" conditionName="isTrue"/>
		<TcLOVValue value="SA" description="South America" conditionName="isTrue"/>
		<TcLOVValue value="SEA" description="South East Asia" conditionName="isTrue"/>
		<TcLOVValue value="TUR" description="Turkey" conditionName="isTrue"/>
		<TcLOVValue value="ZAF" description="South Africa" conditionName="isTrue"/>
    </TcLOV>
  </Change>
</TcBusinessData>
