<?xml version="1.0" encoding="UTF-8"?>		
<TcBusinessData xmlns="http://teamcenter.com/BusinessModel/TcBusinessData" batchXSDVersion="1.0"		
    Date="Tue Sep 20 02:38:28 PM 2016"		
>		
<!--This file can be used to update the LOV values and sub-LOV attachments on LOV: Ng5_OEM_Name_LOV. 		
1. Please ensure that the LOV has been deployed to the Teamcenter Server.  		
2. Modify this file by replacing the commented code below with your values. 		
3. Modify the localization files in the lang folder by replacing the commented code with your values. 		
4. Run the command: 		
bmide_manage_batch_lovs -u=<username> -p=<password> -g=<group> -option=update -file=<BMIDE Project Folder>/output/lnx64/Samples/LOVS/Ng5_OEM_Name_LOV/Ng5_OEM_Name_LOV.xml.-->		
		
  <Add>		
<!--The following sub-LOV attachment, enclosed in comments, is there as a sample. You can replace it by your own sub-LOV attachments, for creating cascading LOVs.-->		
<!--		
      <TcLOVValueSubLOVAttach conditionName="isTrue" subLOVName="SampleSubLOV" targetLOVName="Ng5_OEM_Name_LOV" targetValue="SampleLOVValue"/>		
-->		
  </Add>		
  <Change>		
    <TcLOV name="Ng5_OEM_Name_LOV" lovType="ListOfValuesString" usage="Exhaustive"		
        description="Program Management LOVS" isManagedExternally="true">		
		
<TcLOVValue value="ADIENT" description="" conditionName="isTrue"/>
<TcLOVValue value="AGRALE" description="" conditionName="isTrue"/>		
<TcLOVValue value="ARO" description="" conditionName="isTrue"/>		
<TcLOVValue value="ASHOK LEYLAND" description="" conditionName="isTrue"/>		
<TcLOVValue value="ASTON MARTIN" description="" conditionName="isTrue"/>		
<TcLOVValue value="ATUL AUTO" description="" conditionName="isTrue"/>		
<TcLOVValue value="AUDI - FAW" description="" conditionName="isTrue"/>
<TcLOVValue value="AUX" description="" conditionName="isTrue"/>		
<TcLOVValue value="BAHMAN" description="" conditionName="isTrue"/>		
<TcLOVValue value="BAIC - FOTON" description="" conditionName="isTrue"/>		
<TcLOVValue value="BAJAJ" description="" conditionName="isTrue"/>		
<TcLOVValue value="BAOLONG" description="" conditionName="isTrue"/>		
<TcLOVValue value="BBAC" description="" conditionName="isTrue"/>
<TcLOVValue value="BEIJING AUTO" description="" conditionName="isTrue"/>	
<TcLOVValue value="BMW" description="" conditionName="isTrue"/>
<TcLOVValue value="BMW - BMW" description="" conditionName="isTrue"/>
<TcLOVValue value="BMW - MINI" description="" conditionName="isTrue"/>		
<TcLOVValue value="BMW - ROLLS ROYCE" description="" conditionName="isTrue"/>	
<TcLOVValue value="BORDRIN" description="" conditionName="isTrue"/>	
<TcLOVValue value="BREMACH" description="" conditionName="isTrue"/>	
<TcLOVValue value="BRILLIANCE" description="" conditionName="isTrue"/>
<TcLOVValue value="BRILLIANCE - JINBEI" description="" conditionName="isTrue"/>	
<TcLOVValue value="BRILLIANCE -ZHONGHUA" description="" conditionName="isTrue"/>
<TcLOVValue value="BRP" description="" conditionName="isTrue"/>
<TcLOVValue value="BYD" description="" conditionName="isTrue"/>
<TcLOVValue value="BYD - DENZA" description="" conditionName="isTrue"/>		
<TcLOVValue value="CATERHAM" description="" conditionName="isTrue"/>
<TcLOVValue value="CHANGAN" description="" conditionName="isTrue"/>	
<TcLOVValue value="CHANGAN - CHANGHE" description="" conditionName="isTrue"/>	
<TcLOVValue value="CHANGAN - HAFEI" description="" conditionName="isTrue"/>		
<TcLOVValue value="CHANGAN - SONGHUAJIANG" description="" conditionName="isTrue"/>
<TcLOVValue value="CHANGFENG-YANGZI" description="" conditionName="isTrue"/>	
<TcLOVValue value="CHENGDU XINDADI - DADI" description="" conditionName="isTrue"/>
<TcLOVValue value="CHERY" description="" conditionName="isTrue"/>
<TcLOVValue value="CHERY - KARRY" description="" conditionName="isTrue"/>		
<TcLOVValue value="CHERY - QOROS" description="" conditionName="isTrue"/>		
<TcLOVValue value="CHERY - RELY" description="" conditionName="isTrue"/>		
<TcLOVValue value="CHERY - RIICH" description="" conditionName="isTrue"/>		
<TcLOVValue value="CHERY - SPERANZA" description="" conditionName="isTrue"/>	
<TcLOVValue value="CHERY - VORTEX" description="" conditionName="isTrue"/>		
<TcLOVValue value="CHINA FIRST TRACTOR" description="" conditionName="isTrue"/>	
<TcLOVValue value="CHINA MOTOR" description="" conditionName="isTrue"/>		
<TcLOVValue value="CJLR" description="" conditionName="isTrue"/>
<TcLOVValue value="CNHTC - HUANGHE" description="" conditionName="isTrue"/>		
<TcLOVValue value="DACIA" description="" conditionName="isTrue"/>		
<TcLOVValue value="DAIHATSU" description="" conditionName="isTrue"/>		
<TcLOVValue value="DAYUN" description="" conditionName="isTrue"/>
<TcLOVValue value="DERWAYS" description="" conditionName="isTrue"/>		
<TcLOVValue value="DF YUEDA KIA" description="" conditionName="isTrue"/>
<TcLOVValue value="DONGAN - HEIBAO" description="" conditionName="isTrue"/>		
<TcLOVValue value="DONGFENG" description="" conditionName="isTrue"/>
<TcLOVValue value="DONGFENG - NISSAN" description="" conditionName="isTrue"/>	
<TcLOVValue value="DONGFENG - VENUCIA" description="" conditionName="isTrue"/>	
<TcLOVValue value="DR MOTOR" description="" conditionName="isTrue"/>		
<TcLOVValue value="ECOCRAFT" description="" conditionName="isTrue"/>		
<TcLOVValue value="EICHER MOTOR" description="" conditionName="isTrue"/>		
<TcLOVValue value="EVERGRAND FF" description="" conditionName="isTrue"/>		
<TcLOVValue value="EVERG VEHICLE" description="" conditionName="isTrue"/>		
<TcLOVValue value="FARADAY" description="" conditionName="isTrue"/>	
<TcLOVValue value="FAW" description="" conditionName="isTrue"/>	
<TcLOVValue value="FAW - FCC" description="" conditionName="isTrue"/>
<TcLOVValue value="FAW - FEIDIE AUTO" description="" conditionName="isTrue"/>	
<TcLOVValue value="FAW - HONGQI" description="" conditionName="isTrue"/>		
<TcLOVValue value="FAW - JIEFANG" description="" conditionName="isTrue"/>
<TcLOVValue value="FAW - TIANJIN AUTO" description="" conditionName="isTrue"/>	
<TcLOVValue value="FAW - VW" description="" conditionName="isTrue"/>		
<TcLOVValue value="FISKER" description="" conditionName="isTrue"/>		
<TcLOVValue value="FORCE MOTORS" description="" conditionName="isTrue"/>		
<TcLOVValue value="FORD" description="" conditionName="isTrue"/>
<TcLOVValue value="FORD - FORD" description="" conditionName="isTrue"/>
<TcLOVValue value="FORD - LINCOLN" description="" conditionName="isTrue"/>		
<TcLOVValue value="FORD - MAZDA" description="" conditionName="isTrue"/>			
<TcLOVValue value="FREIGHTLINER" description="" conditionName="isTrue"/>		
<TcLOVValue value="FSO" description="" conditionName="isTrue"/>		
<TcLOVValue value="FUJIAN - FORTA" description="" conditionName="isTrue"/>		
<TcLOVValue value="FUJIAN - LONGMA" description="" conditionName="isTrue"/>		
<TcLOVValue value="FUQI" description="" conditionName="isTrue"/>		
<TcLOVValue value="FUZHOU - FORTA" description="" conditionName="isTrue"/>	
<TcLOVValue value="GAC - AION" description="" conditionName="isTrue"/>	
<TcLOVValue value="GAC - FCA" description="" conditionName="isTrue"/>
<TcLOVValue value="GAC HONDA - EVERUS" description="" conditionName="isTrue"/>	
<TcLOVValue value="GAIG - CHANGFENG" description="" conditionName="isTrue"/>	
<TcLOVValue value="GAIG - GUANGZHOU" description="" conditionName="isTrue"/>	
<TcLOVValue value="GAIG - YANGZI" description="" conditionName="isTrue"/>		
<TcLOVValue value="GAMC" description="" conditionName="isTrue"/>
<TcLOVValue value="GAZ" description="" conditionName="isTrue"/>	
<TcLOVValue value="GEELY" description="" conditionName="isTrue"/>	
<TcLOVValue value="GEELY - EMGRAD" description="" conditionName="isTrue"/>		
<TcLOVValue value="GEELY - ENGLON" description="" conditionName="isTrue"/>		
<TcLOVValue value="GEELY - GLEAGLE" description="" conditionName="isTrue"/>		
<TcLOVValue value="GEELY - LOTUS" description="" conditionName="isTrue"/>		
<TcLOVValue value="GEELY - VOLVO" description="" conditionName="isTrue"/>		
<TcLOVValue value="GERBER" description="" conditionName="isTrue"/>		
<TcLOVValue value="GHAC" description="" conditionName="isTrue"/>
<TcLOVValue value="GM" description="" conditionName="isTrue"/>
<TcLOVValue value="GM - BUICK" description="" conditionName="isTrue"/>		
<TcLOVValue value="GM - CADILLAC" description="" conditionName="isTrue"/>
<TcLOVValue value="GM - CHEVROLET" description="" conditionName="isTrue"/>
<TcLOVValue value="GM - DAEWOO" description="" conditionName="isTrue"/>
<TcLOVValue value="GM - GMC" description="" conditionName="isTrue"/>
<TcLOVValue value="GM - HOLDEN" description="" conditionName="isTrue"/>
<TcLOVValue value="GM - HUMMER" description="" conditionName="isTrue"/>
<TcLOVValue value="GM - OLDSMOBILE" description="" conditionName="isTrue"/>
<TcLOVValue value="GM - PONTIAC" description="" conditionName="isTrue"/>
<TcLOVValue value="GM - SATURN" description="" conditionName="isTrue"/>
<TcLOVValue value="GMDAT - CHEVROLET" description="" conditionName="isTrue"/>
<TcLOVValue value="GMDAT - DAEWOO" description="" conditionName="isTrue"/>
<TcLOVValue value="GMDAT - GM-DAEWOO" description="" conditionName="isTrue"/>
<TcLOVValue value="GMMC" description="" conditionName="isTrue"/>
<TcLOVValue value="GONOW" description="" conditionName="isTrue"/>
<TcLOVValue value="GRAMMER" description="" conditionName="isTrue"/>
<TcLOVValue value="GREAT WALL" description="" conditionName="isTrue"/>
<TcLOVValue value="GTAC" description="" conditionName="isTrue"/>
<TcLOVValue value="GUANGZHOU - CHANGFENG" description="" conditionName="isTrue"/>
<TcLOVValue value="GUANGZHOU - GONOW" description="" conditionName="isTrue"/>
<TcLOVValue value="GUANGZHOU BUS" description="" conditionName="isTrue"/>
<TcLOVValue value="GUILIN BUS" description="" conditionName="isTrue"/>
<TcLOVValue value="GUIZHOU YUANTONG - SPACE" description="" conditionName="isTrue"/>
<TcLOVValue value="HAIMA" description="" conditionName="isTrue"/>
<TcLOVValue value="HANTENG" description="" conditionName="isTrue"/>
<TcLOVValue value="HAURUI" description="" conditionName="isTrue"/>
<TcLOVValue value="HEBEI CHANGZHENG" description="" conditionName="isTrue"/>
<TcLOVValue value="HEZHONG" description="" conditionName="isTrue"/>
<TcLOVValue value="HEZON" description="" conditionName="isTrue"/>
<TcLOVValue value="HINDUSTAN" description="" conditionName="isTrue"/>
<TcLOVValue value="HINO" description="" conditionName="isTrue"/>
<TcLOVValue value="HOLDEN" description="" conditionName="isTrue"/>
<TcLOVValue value="HONDA" description="" conditionName="isTrue"/>
<TcLOVValue value="HONDA - ACURA" description="" conditionName="isTrue"/>
<TcLOVValue value="HONDA - AMERICA" description="" conditionName="isTrue"/>
<TcLOVValue value="HONDA - CIIMO" description="" conditionName="isTrue"/>
<TcLOVValue value="HONDA - EVERUS" description="" conditionName="isTrue"/>
<TcLOVValue value="HONDA - HONDA" description="" conditionName="isTrue"/>
<TcLOVValue value="HONDA JAPAN - HONDA" description="" conditionName="isTrue"/>
<TcLOVValue value="HUAREN" description="" conditionName="isTrue"/>
<TcLOVValue value="HUATAI - HAWTAI" description="" conditionName="isTrue"/>
<TcLOVValue value="HUBEI SANHUAN" description="" conditionName="isTrue"/>
<TcLOVValue value="HUBEI SANJIANG - WANSHAN" description="" conditionName="isTrue"/>
<TcLOVValue value="HUMAN-HORIZONS" description="" conditionName="isTrue"/>
<TcLOVValue value="HYCAN" description="" conditionName="isTrue"/>
<TcLOVValue value="HYUNDAI" description="" conditionName="isTrue"/>
<TcLOVValue value="HYUNDAI - DIANYUE" description="" conditionName="isTrue"/>
<TcLOVValue value="HYUNDAI - HYUNDAI" description="" conditionName="isTrue"/>
<TcLOVValue value="HYUNDAI - KIA" description="" conditionName="isTrue"/>
<TcLOVValue value="HYUNDAI - SHOUWANG" description="" conditionName="isTrue"/>
<TcLOVValue value="ICM" description="" conditionName="isTrue"/>
<TcLOVValue value="INOKOM" description="" conditionName="isTrue"/>
<TcLOVValue value="INOKOM - HYUNDAI" description="" conditionName="isTrue"/>
<TcLOVValue value="IRAN KHODRO" description="" conditionName="isTrue"/>
<TcLOVValue value="ISUZU" description="" conditionName="isTrue"/>
<TcLOVValue value="ISUZU - NISSAN" description="" conditionName="isTrue"/>
<TcLOVValue value="ISUZU - UD TRUCKS" description="" conditionName="isTrue"/>
<TcLOVValue value="IVECO" description="" conditionName="isTrue"/>		
<TcLOVValue value="IZMASH" description="" conditionName="isTrue"/>
<TcLOVValue value="JAC" description="" conditionName="isTrue"/>
<TcLOVValue value="JIANGHUAI - JIANGHUAI" description="" conditionName="isTrue"/>
<TcLOVValue value="JIANGLING" description="" conditionName="isTrue"/>
<TcLOVValue value="JIANGLING - LANDWIND" description="" conditionName="isTrue"/>
<TcLOVValue value="JIANGLING - LUSHAN" description="" conditionName="isTrue"/>
<TcLOVValue value="JIANGLING - TIANLU" description="" conditionName="isTrue"/>
<TcLOVValue value="JIANGXI FIRE ENGINE - LUSHAN" description="" conditionName="isTrue"/>
<TcLOVValue value="JINGGONG ZHENJIANG - SHENYE" description="" conditionName="isTrue"/>
<TcLOVValue value="JINKANG" description="" conditionName="isTrue"/>
<TcLOVValue value="JMC" description="" conditionName="isTrue"/>
<TcLOVValue value="KAMAZ" description="" conditionName="isTrue"/>
<TcLOVValue value="KING LONG" description="" conditionName="isTrue"/>
<TcLOVValue value="KING LONG - GOLDEN DRAGON" description="" conditionName="isTrue"/>
<TcLOVValue value="LADA" description="" conditionName="isTrue"/>
<TcLOVValue value="LADA - ZAZ" description="" conditionName="isTrue"/>
<TcLOVValue value="LDV" description="" conditionName="isTrue"/>
<TcLOVValue value="LEAPMOTOR" description="" conditionName="isTrue"/>
<TcLOVValue value="LEGACY" description="" conditionName="isTrue"/>
<TcLOVValue value="LIAONING HUANGHAI" description="" conditionName="isTrue"/>
<TcLOVValue value="LIAONING LINGYUAN - LINGHE" description="" conditionName="isTrue"/>
<TcLOVValue value="LIEBAO" description="" conditionName="isTrue"/>
<TcLOVValue value="LIFAN" description="" conditionName="isTrue"/>
<TcLOVValue value="LOKESH MOTORS - MLR" description="" conditionName="isTrue"/>
<TcLOVValue value="LONDON TAXIS - EMGRAND" description="" conditionName="isTrue"/>
<TcLOVValue value="LONDON TAXIS - ENGLON" description="" conditionName="isTrue"/>
<TcLOVValue value="LUOKE" description="" conditionName="isTrue"/>
<TcLOVValue value="LVCHI" description="" conditionName="isTrue"/>
<TcLOVValue value="MAHINDRA" description="" conditionName="isTrue"/>
<TcLOVValue value="MAHINDRA - SSANGYONG" description="" conditionName="isTrue"/>
<TcLOVValue value="MAN" description="" conditionName="isTrue"/>
<TcLOVValue value="MAZDA" description="" conditionName="isTrue"/>
<TcLOVValue value="MAZDA - FORD" description="" conditionName="isTrue"/>
<TcLOVValue value="MCLAREN" description="" conditionName="isTrue"/>
<TcLOVValue value="MERCEDES" description="" conditionName="isTrue"/>
<TcLOVValue value="MERCEDES - MAYBACH" description="" conditionName="isTrue"/>
<TcLOVValue value="MERCEDES - MERCEDES" description="" conditionName="isTrue"/>
<TcLOVValue value="MERCEDES - SMART" description="" conditionName="isTrue"/>
<TcLOVValue value="MITSUBISHI" description="" conditionName="isTrue"/>
<TcLOVValue value="MITSUBISHI - DONGFENG" description="" conditionName="isTrue"/>
<TcLOVValue value="MITSUBISHI - CHANGFENG" description="" conditionName="isTrue"/>
<TcLOVValue value="MITSUBISHI - FUSO" description="" conditionName="isTrue"/>
<TcLOVValue value="MITSUBISHI - SOUEAST" description="" conditionName="isTrue"/>
<TcLOVValue value="MORGAN" description="" conditionName="isTrue"/>
<TcLOVValue value="MOSKVITCH" description="" conditionName="isTrue"/>
<TcLOVValue value="NASR" description="" conditionName="isTrue"/>
<TcLOVValue value="NAZA" description="" conditionName="isTrue"/>
<TcLOVValue value="NEVS" description="" conditionName="isTrue"/>
<TcLOVValue value="NIO" description="" conditionName="isTrue"/>
<TcLOVValue value="NISSAN" description="" conditionName="isTrue"/>
<TcLOVValue value="NISSAN - NISSAN" description="" conditionName="isTrue"/>
<TcLOVValue value="NISSAN - DATSUN" description="" conditionName="isTrue"/>
<TcLOVValue value="NISSAN - INFINITI" description="" conditionName="isTrue"/>
<TcLOVValue value="NISSAN - VENUCIA" description="" conditionName="isTrue"/>
<TcLOVValue value="NISSAN NA" description="" conditionName="isTrue"/>
<TcLOVValue value="NIUTRON" description="" conditionName="isTrue"/>
<TcLOVValue value="NIUTRONEV" description="" conditionName="isTrue"/>
<TcLOVValue value="OTHER" description="" conditionName="isTrue"/>
<TcLOVValue value="PAYKAN" description="" conditionName="isTrue"/>
<TcLOVValue value="PERODUA" description="" conditionName="isTrue"/>
<TcLOVValue value="PIAGGIO" description="" conditionName="isTrue"/>
<TcLOVValue value="PMC" description="" conditionName="isTrue"/>
<TcLOVValue value="POLARIS" description="" conditionName="isTrue"/>
<TcLOVValue value="POLESTAR" description="" conditionName="isTrue"/>
<TcLOVValue value="PREMIER" description="" conditionName="isTrue"/>
<TcLOVValue value="PROTON" description="" conditionName="isTrue"/>
<TcLOVValue value="PROTON - LOTUS" description="" conditionName="isTrue"/>
<TcLOVValue value="PSA - DONGFENG" description="" conditionName="isTrue"/>
<TcLOVValue value="PUCH" description="" conditionName="isTrue"/>
<TcLOVValue value="QINGLING" description="" conditionName="isTrue"/>
<TcLOVValue value="RECARO" description="" conditionName="isTrue"/>
<TcLOVValue value="RENAULT" description="" conditionName="isTrue"/>
<TcLOVValue value="RENAULT - ALPINE" description="" conditionName="isTrue"/>
<TcLOVValue value="RENAULT - RENAULT" description="" conditionName="isTrue"/>
<TcLOVValue value="RENAULT - SAMSUNG" description="" conditionName="isTrue"/>
<TcLOVValue value="RIVIAN" description="" conditionName="isTrue"/>
<TcLOVValue value="SAAB SPYKER" description="" conditionName="isTrue"/>
<TcLOVValue value="SAIC - HUIZHONG" description="" conditionName="isTrue"/>
<TcLOVValue value="SAIC - MAXUS DATONG" description="" conditionName="isTrue"/>
<TcLOVValue value="SAIC - MG" description="" conditionName="isTrue"/>
<TcLOVValue value="SAIC - ROEWE" description="" conditionName="isTrue"/>
<TcLOVValue value="SAIC - ROVER" description="" conditionName="isTrue"/>
<TcLOVValue value="SAIC - SAIC" description="" conditionName="isTrue"/>
<TcLOVValue value="SAIC - SUNWIN" description="" conditionName="isTrue"/>
<TcLOVValue value="SAIC - YUEJIN" description="" conditionName="isTrue"/>
<TcLOVValue value="SAIC SHANGHAI AUTO" description="" conditionName="isTrue"/>
<TcLOVValue value="SAIC-GM-WULING" description="" conditionName="isTrue"/>
<TcLOVValue value="SAIC-GM-WULING - BAOJUN" description="" conditionName="isTrue"/>
<TcLOVValue value="SAIC-HONGYAN" description="" conditionName="isTrue"/>
<TcLOVValue value="SAIC-INDIA" description="" conditionName="isTrue"/>
<TcLOVValue value="SAIPA" description="" conditionName="isTrue"/>
<TcLOVValue value="SALEEN" description="" conditionName="isTrue"/>
<TcLOVValue value="SANTANA" description="" conditionName="isTrue"/>
<TcLOVValue value="SGM" description="" conditionName="isTrue"/>
<TcLOVValue value="SHAANXI AUTO" description="" conditionName="isTrue"/>
<TcLOVValue value="SHAANXI AUTO TONGJIA" description="" conditionName="isTrue"/>
<TcLOVValue value="SHANDONG AUTO" description="" conditionName="isTrue"/>
<TcLOVValue value="SHANDONG KAIMA" description="" conditionName="isTrue"/>
<TcLOVValue value="SHANDONG TANGJUN OUL" description="" conditionName="isTrue"/>
<TcLOVValue value="SHEHEJIA" description="" conditionName="isTrue"/>
<TcLOVValue value="SHUANGHUAN" description="" conditionName="isTrue"/>
<TcLOVValue value="SHUGUANG GROUP - HUANGHAI" description="" conditionName="isTrue"/>
<TcLOVValue value="SICHUAN NANJUN" description="" conditionName="isTrue"/>
<TcLOVValue value="SICHUAN YEMA" description="" conditionName="isTrue"/>
<TcLOVValue value="SICHUAN YINHE MACHIN - CHUANLU" description="" conditionName="isTrue"/>
<TcLOVValue value="SINGULATOR" description="" conditionName="isTrue"/>
<TcLOVValue value="SOUEAST" description="" conditionName="isTrue"/>
<TcLOVValue value="SSANGYONG" description="" conditionName="isTrue"/>
<TcLOVValue value="STELLANTIS" description="" conditionName="isTrue"/>
<TcLOVValue value="STELLANTIS - ALPHA ROMEO" description="" conditionName="isTrue"/>
<TcLOVValue value="STELLANTIS - CHRYSLER" description="" conditionName="isTrue"/>
<TcLOVValue value="STELLANTIS - CITROEN" description="" conditionName="isTrue"/>
<TcLOVValue value="STELLANTIS - DODGE" description="" conditionName="isTrue"/>
<TcLOVValue value="STELLANTIS - FERRARI" description="" conditionName="isTrue"/>
<TcLOVValue value="STELLANTIS - FIAT" description="" conditionName="isTrue"/>
<TcLOVValue value="STELLANTIS - JEEP" description="" conditionName="isTrue"/>
<TcLOVValue value="STELLANTIS - LANCIA" description="" conditionName="isTrue"/>
<TcLOVValue value="STELLANTIS - MASERATI" description="" conditionName="isTrue"/>
<TcLOVValue value="STELLANTIS - OPEL" description="" conditionName="isTrue"/>
<TcLOVValue value="STELLANTIS - PEUGEOT" description="" conditionName="isTrue"/>
<TcLOVValue value="STELLANTIS - PLYMOUTH" description="" conditionName="isTrue"/>
<TcLOVValue value="STELLANTIS - RAM" description="" conditionName="isTrue"/>
<TcLOVValue value="SUBARU" description="" conditionName="isTrue"/>
<TcLOVValue value="SUZUKI" description="" conditionName="isTrue"/>
<TcLOVValue value="SUZUKI - MARUTI-SUZUKI" description="" conditionName="isTrue"/>
<TcLOVValue value="SVM" description="" conditionName="isTrue"/>
<TcLOVValue value="TAGAZ" description="" conditionName="isTrue"/>
<TcLOVValue value="TATA" description="" conditionName="isTrue"/>
<TcLOVValue value="TATA - JAGUAR" description="" conditionName="isTrue"/>
<TcLOVValue value="TATA - JAGUAR / LANDROVER" description="" conditionName="isTrue"/>
<TcLOVValue value="TATA - LAND ROVER" description="" conditionName="isTrue"/>
<TcLOVValue value="TESLA" description="" conditionName="isTrue"/>
<TcLOVValue value="TEST OEM" description="" conditionName="isTrue"/>
<TcLOVValue value="TIANJIN MEIYA" description="" conditionName="isTrue"/>
<TcLOVValue value="TOYOTA" description="" conditionName="isTrue"/>
<TcLOVValue value="TOYOTA - DAIHATSU" description="" conditionName="isTrue"/>
<TcLOVValue value="TOYOTA - FAW" description="" conditionName="isTrue"/>
<TcLOVValue value="TOYOTA - GAC" description="" conditionName="isTrue"/>
<TcLOVValue value="TOYOTA - GOLDEN DRAGON" description="" conditionName="isTrue"/>
<TcLOVValue value="TOYOTA - HINO" description="" conditionName="isTrue"/>
<TcLOVValue value="TOYOTA - JINBEI" description="" conditionName="isTrue"/>
<TcLOVValue value="TOYOTA - LEXUS" description="" conditionName="isTrue"/>
<TcLOVValue value="TOYOTA - SCION" description="" conditionName="isTrue"/>
<TcLOVValue value="TOYOTA - TOYOTA" description="" conditionName="isTrue"/>
<TcLOVValue value="TVR" description="" conditionName="isTrue"/>
<TcLOVValue value="UAZ" description="" conditionName="isTrue"/>
<TcLOVValue value="VOLGA" description="" conditionName="isTrue"/>
<TcLOVValue value="VOLVO" description="" conditionName="isTrue"/>
<TcLOVValue value="VPG" description="" conditionName="isTrue"/>
<TcLOVValue value="VW" description="" conditionName="isTrue"/>
<TcLOVValue value="VW - AUDI" description="" conditionName="isTrue"/>
<TcLOVValue value="VW - BENTLEY" description="" conditionName="isTrue"/>
<TcLOVValue value="VW - BUGATTI" description="" conditionName="isTrue"/>
<TcLOVValue value="VW - LAMBORGHINI" description="" conditionName="isTrue"/>
<TcLOVValue value="VW - PORSCHE" description="" conditionName="isTrue"/>
<TcLOVValue value="VW - SEAT" description="" conditionName="isTrue"/>
<TcLOVValue value="VW - SKODA" description="" conditionName="isTrue"/>
<TcLOVValue value="VW - VOLKSWAGEN" description="" conditionName="isTrue"/>
<TcLOVValue value="WEICHAI POWER - CHUANJIANG" description="" conditionName="isTrue"/>
<TcLOVValue value="WEICHAI POWER CHINA - YAXING" description="" conditionName="isTrue"/>
<TcLOVValue value="XIAOPENG MOTOR" description="" conditionName="isTrue"/>
<TcLOVValue value="YO-MOBILE" description="" conditionName="isTrue"/>
<TcLOVValue value="YOUTH AUTO - YOUNGMAN LOTUS" description="" conditionName="isTrue"/>
<TcLOVValue value="YUEJIN" description="" conditionName="isTrue"/>
<TcLOVValue value="YULON - LUXGEN" description="" conditionName="isTrue"/>
<TcLOVValue value="YULON - TOBE" description="" conditionName="isTrue"/>
<TcLOVValue value="YUNQUE - YUNQUE" description="" conditionName="isTrue"/>
<TcLOVValue value="YUTONG" description="" conditionName="isTrue"/>
<TcLOVValue value="ZAZ" description="" conditionName="isTrue"/>
<TcLOVValue value="ZHENGZHOU YUTONG CHI" description="" conditionName="isTrue"/>
<TcLOVValue value="ZHI MI" description="" conditionName="isTrue"/>
<TcLOVValue value="ZHONGXING - KOMODO" description="" conditionName="isTrue"/>
<TcLOVValue value="ZHONGXING - ZHONGXING" description="" conditionName="isTrue"/>
<TcLOVValue value="ZOOMLION - HUNAN ZOOMLION AXLE" description="" conditionName="isTrue"/>
<TcLOVValue value="ZOTYE" description="" conditionName="isTrue"/>
<TcLOVValue value="ZOTYE - JIANGNAN" description="" conditionName="isTrue"/>
    </TcLOV>		
  </Change>		
</TcBusinessData>		
