<?xml version="1.0" encoding="UTF-8"?>
<TcBusinessData xmlns="http://teamcenter.com/BusinessModel/TcBusinessData" batchXSDVersion="1.0"
    Date="Mon Dec 12 11:17:11 PM 2016"
>
<!--This file can be used to update the LOV values and sub-LOV attachments on LOV: Ng5_DocumentType_LOV. 
1. Please ensure that the LOV has been deployed to the Teamcenter Server.  
2. Modify this file by replacing the commented code below with your values. 
3. Modify the localization files in the lang folder by replacing the commented code with your values. 
4. Run the command: 
bmide_manage_batch_lovs -u=<username> -p=<password> -g=<group> -option=update -file=<BMIDE Project Folder>/output/lnx64/Samples/LOVS/Ng5_DocumentType_LOV/Ng5_DocumentType_LOV.xml.-->

  <Add>
<!--The following sub-LOV attachment, enclosed in comments, is there as a sample. You can replace it by your own sub-LOV attachments, for creating cascading LOVs.-->
<!--
<TcLOVValueSubLOVAttach conditionName="isTrue" subLOVName="SampleSubLOV" targetLOVName="Ng5_DocumentType_LOV" targetValue="SampleLOVValue"/>
-->
  </Add>
  <Change>
    <TcLOV name="Ng5_DocumentType_LOV" lovType="ListOfValuesString" usage="Exhaustive"
        description="Document Types" isManagedExternally="true">
	 <TcLOVValue value="Drawing Supplement" description="Drawing Supplement" conditionName="isTrue" />	
     <TcLOVValue value="Finish Specification" description="Finish Specification" conditionName="isTrue" />
	 <TcLOVValue value="Foam Specification" description="Foam Specification" conditionName="isTrue" />
	 <TcLOVValue value="Lamination Specification" description="Lamination Specification" conditionName="isTrue" />
     <TcLOVValue value="Material Specification" description="Material Specification" conditionName="isTrue" />
     <TcLOVValue value="Performance Specification" description="Performance Specification" conditionName="isTrue" />	 
	 <TcLOVValue value="Product Specification" description="Product Specification" conditionName="isTrue" />
	 <TcLOVValue value="Scrim Specification" description="Scrim Specification" conditionName="isTrue" />
	 <TcLOVValue value="Sew Specification" description="Sew Specification" conditionName="isTrue" />
	 <TcLOVValue value="Test Specification" description="Test Specification" conditionName="isTrue" />
	 <TcLOVValue value="Weld Specification" description="Weld Specification" conditionName="isTrue" />
    </TcLOV>
  </Change>
</TcBusinessData>
