﻿<?xml version="1.0" encoding="UTF-8"?>
<TcBusinessData xmlns="http://teamcenter.com/BusinessModel/TcBusinessData" batchXSDVersion="1.0"
    Date="Tue Sep 20 03:07:45 PM 2016"
>
<!--This file can be used to update the LOV values and sub-LOV attachments on LOV: Ng5_Prod_Facilities_LOV. 
1. Please ensure that the LOV has been deployed to the Teamcenter Server.  
2. Modify this file by replacing the commented code below with your values. 
3. Modify the localization files in the lang folder by replacing the commented code with your values. 
4. Run the command: 
bmide_manage_batch_lovs -u=<username> -p=<password> -g=<group> -option=update -file=<BMIDE Project Folder>/output/lnx64/Samples/LOVS/Ng5_Prod_Facilities_LOV/Ng5_Prod_Facilities_LOV.xml.-->

  <Add>
<!--The following sub-LOV attachment, enclosed in comments, is there as a sample. You can replace it by your own sub-LOV attachments, for creating cascading LOVs.-->
<!--
<TcLOVValueSubLOVAttach conditionName="isTrue" subLOVName="SampleSubLOV" targetLOVName="Ng5_Prod_Facilities_LOV" targetValue="SampleLOVValue"/>
-->
  </Add>
  <Change>
    <TcLOV name="Ng5_Prod_Facilities_LOV" lovType="ListOfValuesString" usage="Suggestive"
        description="" isManagedExternally="true">

<TcLOVValue value="0013-Tillsonburg US" description="" conditionName="isTrue"/>
<TcLOVValue value="0016-Greenfield" description="" conditionName="isTrue"/>
<TcLOVValue value="0039-Sycamore" description="" conditionName="isTrue"/>
<TcLOVValue value="0043-West Point" description="" conditionName="isTrue"/>
<TcLOVValue value="0059-Virtual City JIT US" description="" conditionName="isTrue"/>
<TcLOVValue value="0095-Setex" description="" conditionName="isTrue"/>
<TcLOVValue value="0099-Ellesmere Port" description="" conditionName="isTrue"/>
<TcLOVValue value="0110-Bochum" description="" conditionName="isTrue"/>
<TcLOVValue value="0115-Pulaski" description="" conditionName="isTrue"/>
<TcLOVValue value="0117-Murfreesboro (Vintec)" description="" conditionName="isTrue"/>
<TcLOVValue value="0118-Burton_Upon_Trent" description="" conditionName="isTrue"/>
<TcLOVValue value="0142-Burscheid" description="" conditionName="isTrue"/>
<TcLOVValue value="0204-Foamech" description="" conditionName="isTrue"/>
<TcLOVValue value="0206-Cordoba" description="" conditionName="isTrue"/>
<TcLOVValue value="0246-Wednesbury" description="" conditionName="isTrue"/>
<TcLOVValue value="0252-Valencia" description="" conditionName="isTrue"/>
<TcLOVValue value="0255-Liverpool Brunswick" description="" conditionName="isTrue"/>
<TcLOVValue value="0265-Stafford Park" description="" conditionName="isTrue"/>
<TcLOVValue value="0275-Mlada Boleslav" description="" conditionName="isTrue"/>
<TcLOVValue value="0290-Uitenhage JIT" description="" conditionName="isTrue"/>
<TcLOVValue value="0297-Sao Bernardo" description="" conditionName="isTrue"/>
<TcLOVValue value="0322-Slovenj Gradec" description="" conditionName="isTrue"/>
<TcLOVValue value="0325-Pretoria JIT" description="" conditionName="isTrue"/>
<TcLOVValue value="0326-Uitenhage Trim" description="" conditionName="isTrue"/>
<TcLOVValue value="0330-Garin" description="" conditionName="isTrue"/>
<TcLOVValue value="0335-Winchester" description="" conditionName="isTrue"/>
<TcLOVValue value="0338-Novo Mesto" description="" conditionName="isTrue"/>
<TcLOVValue value="0341-Strasbourg Foam" description="" conditionName="isTrue"/>
<TcLOVValue value="0343-Rosny" description="" conditionName="isTrue"/>
<TcLOVValue value="0370-Trim Leader Martin SK" description="" conditionName="isTrue"/>
<TcLOVValue value="0373-JIT Plant - Rayong  21140" description="" conditionName="isTrue"/>
<TcLOVValue value="0375-ChungNam Asan" description="" conditionName="isTrue"/>
<TcLOVValue value="0377-Purwakarta" description="" conditionName="isTrue"/>
<TcLOVValue value="0391-Bridgewater Detroit" description="" conditionName="isTrue"/>
<TcLOVValue value="0397-Argentina SAR" description="" conditionName="isTrue"/>
<TcLOVValue value="0423-Sao Bernardo Foam" description="" conditionName="isTrue"/>
<TcLOVValue value="0441-Pouso Alegre" description="" conditionName="isTrue"/>
<TcLOVValue value="0459-Sao Jose Dos Campos" description="" conditionName="isTrue"/>
<TcLOVValue value="0460-Rosario Seating" description="" conditionName="isTrue"/>
<TcLOVValue value="0461-Santo Andre" description="" conditionName="isTrue"/>
<TcLOVValue value="0464-Brasil SAR" description="" conditionName="isTrue"/>
<TcLOVValue value="0465-Brasil Trading" description="" conditionName="isTrue"/>
<TcLOVValue value="0469-Curitiba" description="" conditionName="isTrue"/>
<TcLOVValue value="0472-Saltillo" description="" conditionName="isTrue"/>
<TcLOVValue value="0539-Sao Jose Dos Campos Interiors" description="" conditionName="isTrue"/>
<TcLOVValue value="0583-Liverpool Halewood" description="" conditionName="isTrue"/>
<TcLOVValue value="0586-Foam Saltillo" description="" conditionName="isTrue"/>
<TcLOVValue value="0607-Northwood" description="" conditionName="isTrue"/>
<TcLOVValue value="0608-Earth City" description="" conditionName="isTrue"/>
<TcLOVValue value="0664-Monclova" description="" conditionName="isTrue"/>
<TcLOVValue value="0667-Assenede UK" description="" conditionName="isTrue"/>
<TcLOVValue value="0675-Yokosuka" description="" conditionName="isTrue"/>
<TcLOVValue value="0676-Yokosuka" description="" conditionName="isTrue"/>
<TcLOVValue value="0677-Hiratsuka" description="" conditionName="isTrue"/>
<TcLOVValue value="0678-Yokosuka" description="" conditionName="isTrue"/>
<TcLOVValue value="0679-Hamamatsu" description="" conditionName="isTrue"/>
<TcLOVValue value="0680-Miyako Gun" description="" conditionName="isTrue"/>
<TcLOVValue value="0681-Kinryo Kogyo-Miyako Gun" description="" conditionName="isTrue"/>
<TcLOVValue value="0685-Sunderland" description="" conditionName="isTrue"/>
<TcLOVValue value="0690-Shah Alam" description="" conditionName="isTrue"/>
<TcLOVValue value="0691-Shah Alam Trim" description="" conditionName="isTrue"/>
<TcLOVValue value="0692-Shah Alam" description="" conditionName="isTrue"/>
<TcLOVValue value="0693-Alor Gajah JIT" description="" conditionName="isTrue"/>
<TcLOVValue value="0709-Automotive Global Logistics" description="" conditionName="isTrue"/>
<TcLOVValue value="0715-Assenede BE" description="" conditionName="isTrue"/>
<TcLOVValue value="0748-Changchun Seat Changchun- China" description="" conditionName="isTrue"/>
<TcLOVValue value="0785-BWI Oxford" description="" conditionName="isTrue"/>
<TcLOVValue value="0786-BWI Detroit" description="" conditionName="isTrue"/>
<TcLOVValue value="0787-BWI Warren" description="" conditionName="isTrue"/>
<TcLOVValue value="0788-Bridgewater Lansing" description="" conditionName="isTrue"/>
<TcLOVValue value="0803-Changchun Foam Changchun- China" description="" conditionName="isTrue"/>
<TcLOVValue value="0846-CQADNT-HMP JIT Plant" description="" conditionName="isTrue"/>
<TcLOVValue value="0848-San Antonio" description="" conditionName="isTrue"/>
<TcLOVValue value="0849-Avanzar Technologies JV" description="" conditionName="isTrue"/>
<TcLOVValue value="0864-Sao Bernardo Interiors" description="" conditionName="isTrue"/>
<TcLOVValue value="0872-Battle Creek SCO" description="" conditionName="isTrue"/>
<TcLOVValue value="0881-Princeton" description="" conditionName="isTrue"/>
<TcLOVValue value="0893-Changchun Trim Changchun- China" description="" conditionName="isTrue"/>
<TcLOVValue value="0896-Changchun - Engineering Changchun- China" description="" conditionName="isTrue"/>
<TcLOVValue value="0919-Lakewood Mechanisms" description="" conditionName="isTrue"/>
<TcLOVValue value="0922-Adient Dongsung" description="" conditionName="isTrue"/>
<TcLOVValue value="0943-Siemianowice" description="" conditionName="isTrue"/>
<TcLOVValue value="1028-Rosario Trim" description="" conditionName="isTrue"/>
<TcLOVValue value="1050-Mezolak" description="" conditionName="isTrue"/>
<TcLOVValue value="1051-Zory" description="" conditionName="isTrue"/>
<TcLOVValue value="1198-Kecskemet" description="" conditionName="isTrue"/>
<TcLOVValue value="1199-Conflans" description="" conditionName="isTrue"/>
<TcLOVValue value="1226-Cottondale" description="" conditionName="isTrue"/>
<TcLOVValue value="1318-Curitiba Fabrics" description="" conditionName="isTrue"/>
<TcLOVValue value="1320-Curitiba C and S" description="" conditionName="isTrue"/>
<TcLOVValue value="1339-Kansas City Riverside" description="" conditionName="isTrue"/>
<TcLOVValue value="1344-Rayong- Thailand" description="" conditionName="isTrue"/>
<TcLOVValue value="1351-Clanton- AL- USA" description="" conditionName="isTrue"/>
<TcLOVValue value="1352-Matamoros- Mexico" description="" conditionName="isTrue"/>
<TcLOVValue value="1361-Gebze" description="" conditionName="isTrue"/>
<TcLOVValue value="1420-Kragujevac - Seating" description="" conditionName="isTrue"/>
<TcLOVValue value="1421-Kragujevac - Interiors" description="" conditionName="isTrue"/>
<TcLOVValue value="1442-Pouso Alegre Foam" description="" conditionName="isTrue"/>
<TcLOVValue value="1449-Rockenhausen" description="" conditionName="isTrue"/>
<TcLOVValue value="1463-Eldon" description="" conditionName="isTrue"/>
<TcLOVValue value="1465-Detroit- MI- USA" description="" conditionName="isTrue"/>
<TcLOVValue value="1490-CQADNT-Frame" description="" conditionName="isTrue"/>
<TcLOVValue value="1491-CQADNT-HMP JIT Trim" description="" conditionName="isTrue"/>
<TcLOVValue value="1492-CQADNT-Foam" description="" conditionName="isTrue"/>
<TcLOVValue value="1497-CQADNT-DongguanPlant" description="" conditionName="isTrue"/>
<TcLOVValue value="1498-CQADNT-ChengduPlant" description="" conditionName="isTrue"/>
<TcLOVValue value="1502-Skarbimierz" description="" conditionName="isTrue"/>
<TcLOVValue value="1503-Swiebodzin" description="" conditionName="isTrue"/>
<TcLOVValue value="1518-A.Muang Samutprakarn- Thailand" description="" conditionName="isTrue"/>
<TcLOVValue value="1525-JCIT Lucenec" description="" conditionName="isTrue"/>
<TcLOVValue value="1607-Lerma (RECARO)" description="" conditionName="isTrue"/>
<TcLOVValue value="1620-Sao Bernardo Trading" description="" conditionName="isTrue"/>
<TcLOVValue value="1628-Piracicaba" description="" conditionName="isTrue"/>
<TcLOVValue value="1672-Pune- India" description="" conditionName="isTrue"/>
<TcLOVValue value="1678-Jamshedpur- India" description="" conditionName="isTrue"/>
<TcLOVValue value="1679-Lucknow- India" description="" conditionName="isTrue"/>
<TcLOVValue value="1681-Rudrapur- India" description="" conditionName="isTrue"/>
<TcLOVValue value="1682-Sanand- India" description="" conditionName="isTrue"/>
<TcLOVValue value="1683-Chennai- India" description="" conditionName="isTrue"/>
<TcLOVValue value="1684-Bengaluru- India" description="" conditionName="isTrue"/>
<TcLOVValue value="1716-A.Sriracha- Chonburi- Thailand" description="" conditionName="isTrue"/>
<TcLOVValue value="1721-FOAM QUERETARO" description="" conditionName="isTrue"/>
<TcLOVValue value="1725-Virtual City Foam QUERETARO" description="" conditionName="isTrue"/>
<TcLOVValue value="1726-CQADNT-DaqingPlant" description="" conditionName="isTrue"/>
<TcLOVValue value="1727-CQADNT-NanchangPlant" description="" conditionName="isTrue"/>
<TcLOVValue value="1728-CQADNT-Hangzhou Plant" description="" conditionName="isTrue"/>
<TcLOVValue value="1737-CQADNT-YuZui Plant" description="" conditionName="isTrue"/>
<TcLOVValue value="1744-CQADNT-HefeiPlant" description="" conditionName="isTrue"/>
<TcLOVValue value="1745-CQADNT-ZhaoqingPlant" description="" conditionName="isTrue"/> 
<TcLOVValue value="1752-Athens" description="" conditionName="isTrue"/>
<TcLOVValue value="1754-Lexington" description="" conditionName="isTrue"/>
<TcLOVValue value="1769-Bor" description="" conditionName="isTrue"/>
<TcLOVValue value="1773-Kinryo" description="" conditionName="isTrue"/>
<TcLOVValue value="1869-CQADNT-JiangjinLuohuangPlant" description="" conditionName="isTrue"/>
<TcLOVValue value="1870-Gravatai AE JIT" description="" conditionName="isTrue"/>
<TcLOVValue value="1871-Gravatai AE Foam" description="" conditionName="isTrue"/>
<TcLOVValue value="1872-Columbia- TN- USA" description="" conditionName="isTrue"/>
<TcLOVValue value="1953-Avanzar Interiors-Falcon" description="" conditionName="isTrue"/>
<TcLOVValue value="1966-Lesotho" description="" conditionName="isTrue"/>
<TcLOVValue value="2013-Foam Plant - PluakdaengRayong  21140" description="" conditionName="isTrue"/>
<TcLOVValue value="2014-Chonburi- Thailand" description="" conditionName="isTrue"/>
<TcLOVValue value="2015-Metal Plant - SrirachaChonburi  20110" description="" conditionName="isTrue"/>
<TcLOVValue value="2100-Kvasiny" description="" conditionName="isTrue"/>
<TcLOVValue value="2102-Bierun-GM-Cyclone" description="" conditionName="isTrue"/>
<TcLOVValue value="2106-Mandling" description="" conditionName="isTrue"/>
<TcLOVValue value="2108-Graz Spare Parts Center" description="" conditionName="isTrue"/>
<TcLOVValue value="2109-Arendal" description="" conditionName="isTrue"/>
<TcLOVValue value="2132-Meerane" description="" conditionName="isTrue"/>
<TcLOVValue value="2133-Mor" description="" conditionName="isTrue"/>
<TcLOVValue value="2148-Bursa" description="" conditionName="isTrue"/>
<TcLOVValue value="2152-Hilchenbach" description="" conditionName="isTrue"/>
<TcLOVValue value="2153-Solingen" description="" conditionName="isTrue"/>
<TcLOVValue value="2158-Valladolid" description="" conditionName="isTrue"/>
<TcLOVValue value="2162-Alagon" description="" conditionName="isTrue"/>
<TcLOVValue value="2165-Zilina" description="" conditionName="isTrue"/>
<TcLOVValue value="2171-Lucenec" description="" conditionName="isTrue"/>
<TcLOVValue value="2172-Eurosit Barcelona" description="" conditionName="isTrue"/>
<TcLOVValue value="2173-Zaragoza" description="" conditionName="isTrue"/>
<TcLOVValue value="2185-Craiova" description="" conditionName="isTrue"/>
<TcLOVValue value="2186-Ploiesti- Romania" description="" conditionName="isTrue"/>
<TcLOVValue value="2188-Pitesti - Metal" description="" conditionName="isTrue"/>
<TcLOVValue value="2189-Poiana" description="" conditionName="isTrue"/>
<TcLOVValue value="2202-Johnson Controls Jimbolia" description="" conditionName="isTrue"/>
<TcLOVValue value="2301-Saarlouis" description="" conditionName="isTrue"/>
<TcLOVValue value="2323-Roudnice- Czech Republic" description="" conditionName="isTrue"/>
<TcLOVValue value="2325-Burscheid- Germany" description="" conditionName="isTrue"/>
<TcLOVValue value="2350-Ceska Lipa DE" description="" conditionName="isTrue"/>
<TcLOVValue value="2351-Trimco DE" description="" conditionName="isTrue"/>
<TcLOVValue value="2352-Roudnice DE" description="" conditionName="isTrue"/>
<TcLOVValue value="2354-Stip Trim" description="" conditionName="isTrue"/>
<TcLOVValue value="2355-Foam - Virtual Entity" description="" conditionName="isTrue"/>
<TcLOVValue value="2358-Pitesti Principal" description="" conditionName="isTrue"/>
<TcLOVValue value="2359-Strumica" description="" conditionName="isTrue"/>
<TcLOVValue value="2361-Rastatt" description="" conditionName="isTrue"/>
<TcLOVValue value="2382-Hanover-Motus" description="" conditionName="isTrue"/>
<TcLOVValue value="2413-Queretaro Foam Toll Manufacturing" description="" conditionName="isTrue"/>
<TcLOVValue value="2450-CQADNT-HaerbinPlant" description="" conditionName="isTrue"/>
<TcLOVValue value="2484-Rosslyn JIT" description="" conditionName="isTrue"/>
<TcLOVValue value="2490-Mississauga US" description="" conditionName="isTrue"/>
<TcLOVValue value="2493-Zaragoza Foam" description="" conditionName="isTrue"/>
<TcLOVValue value="2510-JC Leasing-Aguascalients" description="" conditionName="isTrue"/>
<TcLOVValue value="2528-Virtual City Foam" description="" conditionName="isTrue"/>
<TcLOVValue value="2542-Derramadero (Adient)" description="" conditionName="isTrue"/>
<TcLOVValue value="2543-Lerma (Adient)" description="" conditionName="isTrue"/>
<TcLOVValue value="2544-Puebla (Adient)" description="" conditionName="isTrue"/>
<TcLOVValue value="2546-Ramos Metals" description="" conditionName="isTrue"/>
<TcLOVValue value="2547-Tlaxcala (Adient)" description="" conditionName="isTrue"/>
<TcLOVValue value="2548-Lerma Fabric" description="" conditionName="isTrue"/>
<TcLOVValue value="2549-Queretaro Foam Contract Mfg II" description="" conditionName="isTrue"/>
<TcLOVValue value="2551-Ramos Press Room" description="" conditionName="isTrue"/>
<TcLOVValue value="2557-Aguascalientes" description="" conditionName="isTrue"/>
<TcLOVValue value="2559-CQADNT-XiangtanPlant" description="" conditionName="isTrue"/>
<TcLOVValue value="2566-Guanajuato- Mexico" description="" conditionName="isTrue"/>
<TcLOVValue value="2568-GAAS" description="" conditionName="isTrue"/>
<TcLOVValue value="2571-Arendal Lear dropshipment" description="" conditionName="isTrue"/>
<TcLOVValue value="2574-CQADNT-Taizhou Plant" description="" conditionName="isTrue"/>
<TcLOVValue value="2577-Virtual City Foam Mexico" description="" conditionName="isTrue"/>
<TcLOVValue value="2601-Chachoengsao- Thailand" description="" conditionName="isTrue"/>
<TcLOVValue value="2634-Jiangsu- China" description="" conditionName="isTrue"/>
<TcLOVValue value="2643-Acuna- Mexico" description="" conditionName="isTrue"/>
<TcLOVValue value="2655-Madison Heights- MI- USA" description="" conditionName="isTrue"/>
<TcLOVValue value="2661-Gandhinagar- India" description="" conditionName="isTrue"/>
<TcLOVValue value="2674-Loznica- Serbia" description="" conditionName="isTrue"/>
<TcLOVValue value="2694-Guanajuato- Metals" description="" conditionName="isTrue"/>
<TcLOVValue value="2700-Ediasa 1" description="" conditionName="isTrue"/>
<TcLOVValue value="2701-Ediasa 3" description="" conditionName="isTrue"/>
<TcLOVValue value="2702-Ediasa 4" description="" conditionName="isTrue"/>
<TcLOVValue value="2703-Ediasa 6" description="" conditionName="isTrue"/>
<TcLOVValue value="2710-Kenitra- Morocco" description="" conditionName="isTrue"/>
<TcLOVValue value="2735-Lerma- Mexico" description="" conditionName="isTrue"/>
<TcLOVValue value="2771-NOBO Bremen- DE" description="" conditionName="isTrue"/>
<TcLOVValue value="2798-Loznica- Serbia- Foam" description="" conditionName="isTrue"/>
<TcLOVValue value="2816-Nantong Trim Plant" description="" conditionName="isTrue"/>
<TcLOVValue value="5560-CRH Shenyang" description="" conditionName="isTrue"/>
<TcLOVValue value="6652-Wuxi- China" description="" conditionName="isTrue"/>
<TcLOVValue value="7764-JC Siemianowice Oddzial w Bieruniu" description="" conditionName="isTrue"/>

</TcLOV>
  </Change>
</TcBusinessData>
