<?xml version="1.0" encoding="UTF-8"?>
<TcBusinessData xmlns="http://teamcenter.com/BusinessModel/TcBusinessData" batchXSDVersion="1.0"
    Date="Thu Nov 21 12:37:49 PM 2019">
  <Add/>
  <Change>
    <TcLOV name="Ng5_FloorConsoles_SUB_LOV" lovType="ListOfValuesString" usage="Suggestive"
        description="" isManagedExternally="true">
      <TcLOVValue value="9" description="Undefined" conditionName="isTrue"/>
      <TcLOVValue value="H" description="Homelink" conditionName="isTrue"/>
      <TcLOVValue value="N" description="Navigation Systems" conditionName="isTrue"/>
      <TcLOVValue value="D" description="DVD System" conditionName="isTrue"/>
      <TcLOVValue value="S" description="Seat Module" conditionName="isTrue"/>
      <TcLOVValue value="U" description="Manfacture A/R Bun" conditionName="isTrue"/>
      <TcLOVValue value="V" description="Cover Substrate" conditionName="isTrue"/>
    </TcLOV>
  </Change>
</TcBusinessData>
