<?xml version="1.0" encoding="UTF-8"?>
<TcBusinessData xmlns="http://teamcenter.com/BusinessModel/TcBusinessData"
	batchXSDVersion="1.0" Date="Tue Sep 20 06:39:49 PM 2016">

	<Add>
	</Add>
	<Change>
		<TcLOV name="Ng5_ProductConfiguration_LOV" lovType="ListOfValuesString"
			usage="Exhaustive" description="" isManagedExternally="true">
			<!--The following LOV values, enclosed in comments, are there as a sample. 
				You can replace them by your own LOV values. -->
			<TcLOVValue value="2W" description="2 way" conditionName="isTrue" />
			<TcLOVValue value="4W" description="4 way" conditionName="isTrue" />
			<TcLOVValue value="6W" description="6 way" conditionName="isTrue" />
			<TcLOVValue value="8W" description="8 way" conditionName="isTrue" />
			<TcLOVValue value="10W" description="10 way"
				conditionName="isTrue" />
			<TcLOVValue value="12W" description="12 way"
				conditionName="isTrue" />
			<TcLOVValue value="14W" description="14 way"
				conditionName="isTrue" />
			<TcLOVValue value="16W" description="16 way"
				conditionName="isTrue" />
			<TcLOVValue value="6|4" description="60% / 40%"
				conditionName="isTrue" />
			<TcLOVValue value="4|2" description="40% / 20%"
				conditionName="isTrue" />
			<TcLOVValue value="3|3" description="30% / 30%"
				conditionName="isTrue" />
			<TcLOVValue value="5|5" description="50% / 50%"
				conditionName="isTrue" />
			<TcLOVValue value="1HP" description="1" conditionName="isTrue" />
			<TcLOVValue value="20P" description="0.2" conditionName="isTrue" />
			<TcLOVValue value="30P" description="0.3" conditionName="isTrue" />
			<TcLOVValue value="40P" description="0.4" conditionName="isTrue" />
			<TcLOVValue value="50P" description="0.5" conditionName="isTrue" />
			<TcLOVValue value="60P" description="0.6" conditionName="isTrue" />
			<TcLOVValue value="Continuous" description="Continuous"
				conditionName="isTrue" />
			<TcLOVValue value="Discontinuous" description="Dis"
				conditionName="isTrue" />
			<TcLOVValue value="CF" description="CF" conditionName="isTrue" />
			<TcLOVValue value="No CF" description="No CF"
				conditionName="isTrue" />
			<TcLOVValue value="Asymmetric" description="Asymmetric"
				conditionName="isTrue" />
			<TcLOVValue value="Symmetric" description="Symmetric"
				conditionName="isTrue" />
			<TcLOVValue value="1/2" description="A half"
				conditionName="isTrue" />
			<TcLOVValue value="1/3" description="One third"
				conditionName="isTrue" />
			<TcLOVValue value="2/3" description="Two-thirds"
				conditionName="isTrue" />
		</TcLOV>
	</Change>
</TcBusinessData>
