<?xml version="1.0" encoding="UTF-8"?>
<TcBusinessData xmlns="http://teamcenter.com/BusinessModel/TcBusinessData" batchXSDVersion="1.0"
    Date="Tue Sep 20 02:40:59 PM 2016"
>
<!--This file can be used to update the LOV values and sub-LOV attachments on LOV: Ng5_DirectCustomerName_LOV. 
1. Please ensure that the LOV has been deployed to the Teamcenter Server.  
2. Modify this file by replacing the commented code below with your values. 
3. Modify the localization files in the lang folder by replacing the commented code with your values. 
4. Run the command: 
bmide_manage_batch_lovs -u=<username> -p=<password> -g=<group> -option=update -file=<BMIDE Project Folder>/output/lnx64/Samples/LOVS/Ng5_DirectCustomerName_LOV/Ng5_DirectCustomerName_LOV.xml.-->

  <Add>
<!--The following sub-LOV attachment, enclosed in comments, is there as a sample. You can replace it by your own sub-LOV attachments, for creating cascading LOVs.-->
<!--
       <TcLOVValueSubLOVAttach conditionName="isTrue" subLOVName="SampleSubLOV" targetLOVName="Ng5_DirectCustomerName_LOV" targetValue="SampleLOVValue"/>
--> 
  </Add> 
  <Change>
    <TcLOV name="Ng5_DirectCustomerName_LOV" lovType="ListOfValuesString" usage="Exhaustive"
        description="Program Management LOVs" isManagedExternally="true">
		<TcLOVValue value="ACURA" description="" conditionName="isTrue"/>
		<TcLOVValue value="AD BJA" description="" conditionName="isTrue"/>
		<TcLOVValue value="AD CAA" description="" conditionName="isTrue"/>
		<TcLOVValue value="AD CFAA" description="" conditionName="isTrue"/>
		<TcLOVValue value="AD CQADNT" description="" conditionName="isTrue"/>
		<TcLOVValue value="AD FAA" description="" conditionName="isTrue"/>
		<TcLOVValue value="AD GAAS" description="" conditionName="isTrue"/>
		<TcLOVValue value="AD GEBCE" description="" conditionName="isTrue"/>
		<TcLOVValue value="AD INDIA" description="" conditionName="isTrue"/>
		<TcLOVValue value="AD INDONESIA" description="" conditionName="isTrue"/>
		<TcLOVValue value="AD JAPAN" description="" conditionName="isTrue"/>
		<TcLOVValue value="AD KOREA" description="" conditionName="isTrue"/>
		<TcLOVValue value="AD LF" description="" conditionName="isTrue"/>
		<TcLOVValue value="AD MALAYSIA" description="" conditionName="isTrue"/>
		<TcLOVValue value="AD THAILAND" description="" conditionName="isTrue"/>
		<TcLOVValue value="ADIENT" description="" conditionName="isTrue"/>
		<TcLOVValue value="ASHOK LEYLAND" description="" conditionName="isTrue"/>
		<TcLOVValue value="ASTON MARTIN" description="" conditionName="isTrue"/>
		<TcLOVValue value="AUDI - FAW" description="" conditionName="isTrue"/>
		<TcLOVValue value="AwtoWAS" description="" conditionName="isTrue"/>
		<TcLOVValue value="BAOJUN" description="" conditionName="isTrue"/>
		<TcLOVValue value="BBAC" description="" conditionName="isTrue"/>
		<TcLOVValue value="BMW" description="" conditionName="isTrue"/>
		<TcLOVValue value="BROSE" description="" conditionName="isTrue"/>
		<TcLOVValue value="BRP" description="" conditionName="isTrue"/>
		<TcLOVValue value="BUICK" description="" conditionName="isTrue"/>
		<TcLOVValue value="CADILAC" description="" conditionName="isTrue"/>
		<TcLOVValue value="CADILLAC" description="" conditionName="isTrue"/>
		<TcLOVValue value="CHANGAN" description="" conditionName="isTrue"/>
		<TcLOVValue value="CHERY" description="" conditionName="isTrue"/>
		<TcLOVValue value="CHEVROLET" description="" conditionName="isTrue"/>
		<TcLOVValue value="CHRYSLER" description="" conditionName="isTrue"/>
		<TcLOVValue value="CITROEN" description="" conditionName="isTrue"/>
		<TcLOVValue value="CJLR" description="" conditionName="isTrue"/>
		<TcLOVValue value="CNHTC" description="" conditionName="isTrue"/>
		<TcLOVValue value="DACIA" description="" conditionName="isTrue"/>
		<TcLOVValue value="DAYUN" description="" conditionName="isTrue"/>
		<TcLOVValue value="DF YUEDA KIA" description="" conditionName="isTrue"/>
		<TcLOVValue value="DINIZ" description="" conditionName="isTrue"/>
		<TcLOVValue value="DODGE" description="" conditionName="isTrue"/>
		<TcLOVValue value="DONGFENG" description="" conditionName="isTrue"/>
		<TcLOVValue value="DS" description="" conditionName="isTrue"/>
		<TcLOVValue value="EVERG VEHICLE" description="" conditionName="isTrue"/>
		<TcLOVValue value="EVERGRANDE AUTO" description="" conditionName="isTrue"/>
		<TcLOVValue value="FAURECIA" description="" conditionName="isTrue"/>
		<TcLOVValue value="FAW" description="" conditionName="isTrue"/>
		<TcLOVValue value="FAW - FCC" description="" conditionName="isTrue"/>
		<TcLOVValue value="FAW - HONGQI" description="" conditionName="isTrue"/>
		<TcLOVValue value="FAW - JIEFANG" description="" conditionName="isTrue"/>
		<TcLOVValue value="FAW - VW" description="" conditionName="isTrue"/>
		<TcLOVValue value="FERRARI" description="" conditionName="isTrue"/>
		<TcLOVValue value="FIAT" description="" conditionName="isTrue"/>
		<TcLOVValue value="FORD" description="" conditionName="isTrue"/>
		<TcLOVValue value="GAC - AION" description="" conditionName="isTrue"/>
		<TcLOVValue value="GAC - FCA" description="" conditionName="isTrue"/>
		<TcLOVValue value="GAMC" description="" conditionName="isTrue"/>
		<TcLOVValue value="GEELY" description="" conditionName="isTrue"/>
		<TcLOVValue value="GENERAL MOTORS" description="" conditionName="isTrue"/>
		<TcLOVValue value="GHAC" description="" conditionName="isTrue"/>
		<TcLOVValue value="GMC" description="" conditionName="isTrue"/>
		<TcLOVValue value="GMMC" description="" conditionName="isTrue"/>
		<TcLOVValue value="GREAT WALL" description="" conditionName="isTrue"/>
		<TcLOVValue value="GTAC" description="" conditionName="isTrue"/>
		<TcLOVValue value="GUANGZHOU HUAZHI" description="" conditionName="isTrue"/>
		<TcLOVValue value="HEZHONG" description="" conditionName="isTrue"/>
		<TcLOVValue value="HONDA" description="" conditionName="isTrue"/>
		<TcLOVValue value="HUMAN-HORIZONS SHANDONG" description="" conditionName="isTrue"/>
		<TcLOVValue value="HYCAN" description="" conditionName="isTrue"/>
		<TcLOVValue value="HYUNDAI" description="" conditionName="isTrue"/>
		<TcLOVValue value="INFINITI" description="" conditionName="isTrue"/>
		<TcLOVValue value="ISRINGHAUSEN" description="" conditionName="isTrue"/>
		<TcLOVValue value="ISUZU" description="" conditionName="isTrue"/>
		<TcLOVValue value="IVECO" description="" conditionName="isTrue"/>
		<TcLOVValue value="JEEP" description="" conditionName="isTrue"/>
		<TcLOVValue value="JMC" description="" conditionName="isTrue"/>
		<TcLOVValue value="KIA" description="" conditionName="isTrue"/>
		<TcLOVValue value="LADA" description="" conditionName="isTrue"/>
		<TcLOVValue value="LANCIA" description="" conditionName="isTrue"/>
		<TcLOVValue value="LAND ROVER" description="" conditionName="isTrue"/>
		<TcLOVValue value="LEAR" description="" conditionName="isTrue"/>
		<TcLOVValue value="LEVC" description="" conditionName="isTrue"/>
		<TcLOVValue value="LINCOLN" description="" conditionName="isTrue"/>
		<TcLOVValue value="LUOKE" description="" conditionName="isTrue"/>
		<TcLOVValue value="MAGNA" description="" conditionName="isTrue"/>
		<TcLOVValue value="MERCEDES" description="" conditionName="isTrue"/>
		<TcLOVValue value="MITSUBISHI" description="" conditionName="isTrue"/>
		<TcLOVValue value="NIO" description="" conditionName="isTrue"/>
		<TcLOVValue value="NISSAN" description="" conditionName="isTrue"/>
		<TcLOVValue value="NISSAN NA" description="" conditionName="isTrue"/>
		<TcLOVValue value="NIUTRON" description="" conditionName="isTrue"/>
		<TcLOVValue value="NIUTRONEV" description="" conditionName="isTrue"/>
		<TcLOVValue value="OPEL" description="" conditionName="isTrue"/>
		<TcLOVValue value="PEUGEOT" description="" conditionName="isTrue"/>
		<TcLOVValue value="POLARIS" description="" conditionName="isTrue"/>
		<TcLOVValue value="POLESTAR" description="" conditionName="isTrue"/>
		<TcLOVValue value="PORSCHE" description="" conditionName="isTrue"/>
		<TcLOVValue value="RAM" description="" conditionName="isTrue"/>
		<TcLOVValue value="RECARO GERMANY" description="" conditionName="isTrue"/>
		<TcLOVValue value="RECARO JAPAN" description="" conditionName="isTrue"/>
		<TcLOVValue value="RENAULT" description="" conditionName="isTrue"/>
		<TcLOVValue value="RIVIAN" description="" conditionName="isTrue"/>
		<TcLOVValue value="SEAT" description="" conditionName="isTrue"/>
		<TcLOVValue value="SETEX" description="" conditionName="isTrue"/>
		<TcLOVValue value="SGM" description="" conditionName="isTrue"/>
		<TcLOVValue value="SITECH" description="" conditionName="isTrue"/>
		<TcLOVValue value="SKODA" description="" conditionName="isTrue"/>
		<TcLOVValue value="SOKON" description="" conditionName="isTrue"/>
		<TcLOVValue value="TATA" description="" conditionName="isTrue"/>
		<TcLOVValue value="TBD" description="" conditionName="isTrue"/>
		<TcLOVValue value="TESLA MOTORS" description="" conditionName="isTrue"/>
		<TcLOVValue value="TOYOTA" description="" conditionName="isTrue"/>
		<TcLOVValue value="TOYOTA - BOSHOKU" description="" conditionName="isTrue"/>
		<TcLOVValue value="TOYOTA - FAW" description="" conditionName="isTrue"/>
		<TcLOVValue value="TOYOTA - GAC" description="" conditionName="isTrue"/>
		<TcLOVValue value="VAUXHALL" description="" conditionName="isTrue"/>
		<TcLOVValue value="VOLVO" description="" conditionName="isTrue"/>
		<TcLOVValue value="VW" description="" conditionName="isTrue"/>
		<TcLOVValue value="XIAONIU" description="" conditionName="isTrue"/>
		<TcLOVValue value="XIAOPENG MOTORS" description="" conditionName="isTrue"/>
		<TcLOVValue value="ZHONGHE" description="" conditionName="isTrue"/>
    </TcLOV>
  </Change>
</TcBusinessData>
