<?xml version="1.0" encoding="UTF-8"?>
<TcBusinessData xmlns="http://teamcenter.com/BusinessModel/TcBusinessData" batchXSDVersion="1.0"
    Date="Thu Nov 21 12:39:45 PM 2019">
  <Add/>
  <Change>
    <TcLOV name="Ng5_InstrumentalPanels_SUB_LOV" lovType="ListOfValuesString" usage="Suggestive"
        description="" isManagedExternally="true">
      <TcLOVValue value="9" description="Undefined" conditionName="isTrue"/>
      <TcLOVValue value="A" description="Apply Cover Material to Other Components" conditionName="isTrue"/>
      <TcLOVValue value="B" description="Cross Car Beam" conditionName="isTrue"/>
      <TcLOVValue value="C" description="Cover Substrate" conditionName="isTrue"/>
      <TcLOVValue value="F" description="Form Substrate" conditionName="isTrue"/>
      <TcLOVValue value="H" description="Homelink" conditionName="isTrue"/>
      <TcLOVValue value="I" description="Instrument Cluster System" conditionName="isTrue"/>
      <TcLOVValue value="K" description="Produce Cover Material" conditionName="isTrue"/>
      <TcLOVValue value="L" description="Form Cover Material" conditionName="isTrue"/>
      <TcLOVValue value="M" description="Produce Substrate Material" conditionName="isTrue"/>
      <TcLOVValue value="N" description="Navigation System" conditionName="isTrue"/>
      <TcLOVValue value="O" description="Form Other Components" conditionName="isTrue"/>
      <TcLOVValue value="P" description="Panel" conditionName="isTrue"/>
      <TcLOVValue value="S" description="Center Stack" conditionName="isTrue"/>
      <TcLOVValue value="T" description="Telematics" conditionName="isTrue"/>
      <TcLOVValue value="X" description="Produce Component Material" conditionName="isTrue"/>
      <TcLOVValue value="Y" description="Produce Cover Material for Component" conditionName="isTrue"/>
      <TcLOVValue value="Z" description="Form Cover Material for Component" conditionName="isTrue"/>
    </TcLOV>
  </Change>
</TcBusinessData>
