<?xml version="1.0" encoding="UTF-8"?>
<TcBusinessData xmlns="http://teamcenter.com/BusinessModel/TcBusinessData" batchXSDVersion="1.0"
    Date="Thu Aug 22 01:09:48 PM 2019"
>
<!--This file can be used to update the LOV values and sub-LOV attachments on LOV: Ng5_MaterialType_LOV. 
1. Please ensure that the LOV has been deployed to the Teamcenter Server.  
2. Modify this file by replacing the commented code below with your values. 
3. Modify the localization files in the lang folder by replacing the commented code with your values. 
4. Run the command: 
bmide_manage_batch_lovs -u=<username> -p=<password> -g=<group> -option=update -file=<BMIDE Project Folder>/output/lnx64/Samples/LOVS/Ng5_MaterialType_LOV/Ng5_MaterialType_LOV.xml.-->

  <Add>
<!--The following sub-LOV attachment, enclosed in comments, is there as a sample. You can replace it by your own sub-LOV attachments, for creating cascading LOVs.-->
<!--
<TcLOVValueSubLOVAttach conditionName="isTrue" subLOVName="SampleSubLOV" targetLOVName="Ng5_MaterialType_LOV" targetValue="SampleLOVValue"/>
-->
  </Add>
  <Change>
    <TcLOV name="Ng5_MaterialType_LOV" lovType="ListOfValuesString" usage="Exhaustive"
        description="LOV defined for Material Type" isManagedExternally="true">
<!--The following LOV values, enclosed in comments, are there as a sample. You can replace them by your own LOV values.-->
<TcLOVValue value="ZFER" description="" conditionName="isTrue" />
<TcLOVValue value="ZROH" description="" conditionName="isTrue" />
<TcLOVValue value="ZRTC" description="" conditionName="isTrue" />
    </TcLOV>
  </Change>
</TcBusinessData>
