<?xml version="1.0" encoding="UTF-8"?>
<TcBusinessData xmlns="http://teamcenter.com/BusinessModel/TcBusinessData" batchXSDVersion="1.0"
    Date="Tue Sep 20 04:00:49 PM 2016"
>
<!--This file can be used to update the LOV values and sub-LOV attachments on LOV: Ng5_OEM_Model_Year_LOV. 
1. Please ensure that the LOV has been deployed to the Teamcenter Server.  
2. Modify this file by replacing the commented code below with your values. 
3. Modify the localization files in the lang folder by replacing the commented code with your values. 
4. Run the command: 
bmide_manage_batch_lovs -u=<username> -p=<password> -g=<group> -option=update -file=<BMIDE Project Folder>/output/lnx64/Samples/LOVS/Ng5_OEM_Model_Year_LOV/Ng5_OEM_Model_Year_LOV.xml.-->

  <Add>
<!--The following sub-LOV attachment, enclosed in comments, is there as a sample. You can replace it by your own sub-LOV attachments, for creating cascading LOVs.-->
<!--
      <TcLOVValueSubLOVAttach conditionName="isTrue" subLOVName="SampleSubLOV" targetLOVName="Ng5_OEM_Model_Year_LOV" targetValue="SampleLOVValue"/>
-->
  </Add>
  <Change>
    <TcLOV name="Ng5_OEM_Model_Year_LOV" lovType="ListOfValuesString" usage="Exhaustive"
        description="" isManagedExternally="true">
	  <TcLOVValue value="MY 80" description="" conditionName="isTrue"/>
	  <TcLOVValue value="MY 81" description="" conditionName="isTrue"/>
	  <TcLOVValue value="MY 82" description="" conditionName="isTrue"/>
	  <TcLOVValue value="MY 83" description="" conditionName="isTrue"/>
	  <TcLOVValue value="MY 84" description="" conditionName="isTrue"/>
	  <TcLOVValue value="MY 85" description="" conditionName="isTrue"/>
	  <TcLOVValue value="MY 86" description="" conditionName="isTrue"/>
	  <TcLOVValue value="MY 87" description="" conditionName="isTrue"/>
	  <TcLOVValue value="MY 88" description="" conditionName="isTrue"/>
	  <TcLOVValue value="MY 89" description="" conditionName="isTrue"/>
	  <TcLOVValue value="MY 90" description="" conditionName="isTrue"/>
	  <TcLOVValue value="MY 91" description="" conditionName="isTrue"/>
	  <TcLOVValue value="MY 92" description="" conditionName="isTrue"/>
	  <TcLOVValue value="MY 93" description="" conditionName="isTrue"/>
	  <TcLOVValue value="MY 94" description="" conditionName="isTrue"/>
	  <TcLOVValue value="MY 95" description="" conditionName="isTrue"/>
	  <TcLOVValue value="MY 96" description="" conditionName="isTrue"/>
	  <TcLOVValue value="MY 97" description="" conditionName="isTrue"/>
	  <TcLOVValue value="MY 98" description="" conditionName="isTrue"/>
	  <TcLOVValue value="MY 99" description="" conditionName="isTrue"/>
	  <TcLOVValue value="MY 00" description="" conditionName="isTrue"/>
	  <TcLOVValue value="MY 01" description="" conditionName="isTrue"/>
	  <TcLOVValue value="MY 02" description="" conditionName="isTrue"/>
	  <TcLOVValue value="MY 03" description="" conditionName="isTrue"/>
	  <TcLOVValue value="MY 04" description="" conditionName="isTrue"/>
	  <TcLOVValue value="MY 05" description="" conditionName="isTrue"/>
	  <TcLOVValue value="MY 06" description="" conditionName="isTrue"/>
	  <TcLOVValue value="MY 07" description="" conditionName="isTrue"/>
	  <TcLOVValue value="MY 08" description="" conditionName="isTrue"/>
	  <TcLOVValue value="MY 09" description="" conditionName="isTrue"/>
      <TcLOVValue value="MY 10" description="" conditionName="isTrue"/>
      <TcLOVValue value="MY 11" description="" conditionName="isTrue"/>
      <TcLOVValue value="MY 12" description="" conditionName="isTrue"/>
      <TcLOVValue value="MY 13" description="" conditionName="isTrue"/>
      <TcLOVValue value="MY 14" description="" conditionName="isTrue"/>
      <TcLOVValue value="MY 15" description="" conditionName="isTrue"/>
      <TcLOVValue value="MY 16" description="" conditionName="isTrue"/>
      <TcLOVValue value="MY 17" description="" conditionName="isTrue"/>
      <TcLOVValue value="MY 18" description="" conditionName="isTrue"/>
      <TcLOVValue value="MY 19" description="" conditionName="isTrue"/>
      <TcLOVValue value="MY 20" description="" conditionName="isTrue"/>
      <TcLOVValue value="MY 21" description="" conditionName="isTrue"/>
      <TcLOVValue value="MY 22" description="" conditionName="isTrue"/>
      <TcLOVValue value="MY 23" description="" conditionName="isTrue"/>
      <TcLOVValue value="MY 24" description="" conditionName="isTrue"/>
      <TcLOVValue value="MY 25" description="" conditionName="isTrue"/>
      <TcLOVValue value="MY 26" description="" conditionName="isTrue"/>
      <TcLOVValue value="MY 27" description="" conditionName="isTrue"/>
      <TcLOVValue value="MY 28" description="" conditionName="isTrue"/>
      <TcLOVValue value="MY 29" description="" conditionName="isTrue"/>
      <TcLOVValue value="MY 30" description="" conditionName="isTrue"/>
      <TcLOVValue value="MY 31" description="" conditionName="isTrue"/>
      <TcLOVValue value="MY 32" description="" conditionName="isTrue"/>
      <TcLOVValue value="MY 33" description="" conditionName="isTrue"/>
      <TcLOVValue value="MY 34" description="" conditionName="isTrue"/>
      <TcLOVValue value="MY 35" description="" conditionName="isTrue"/>
      <TcLOVValue value="MY 36" description="" conditionName="isTrue"/>
      <TcLOVValue value="MY 37" description="" conditionName="isTrue"/>
    </TcLOV>
  </Change>
</TcBusinessData>
