<?xml version="1.0" encoding="UTF-8"?>
<TcBusinessData xmlns="http://teamcenter.com/BusinessModel/TcBusinessData"
	batchXSDVersion="1.0" Date="Tue Sep 20 06:40:10 PM 2016">

	<Add>
	</Add>
	<Change>
		<TcLOV name="Ng5_DriveConfiguration_LOV" lovType="ListOfValuesString"
			usage="Exhaustive" description="" isManagedExternally="true">
			<TcLOVValue value="PWR" description="Power" conditionName="isTrue" />
			<TcLOVValue value="MAN" description="Mannual"
				conditionName="isTrue" />
			<TcLOVValue value="SPWR" description="Semi-Power"
				conditionName="isTrue" />
		</TcLOV>
	</Change>
</TcBusinessData>
