<?xml version="1.0" encoding="UTF-8"?>
<TcBusinessData xmlns="http://teamcenter.com/BusinessModel/TcBusinessData"
	batchXSDVersion="1.0" Date="Tue Sep 20 06:41:07 PM 2016">
	<Add>
	</Add>
	<Change>
		<TcLOV name="Ng5_CrossCar_LOV" lovType="ListOfValuesString"
			usage="Exhaustive" description="" isManagedExternally="true">
			<!--The following LOV values, enclosed in comments, are there as a sample. 
				You can replace them by your own LOV values. -->
			<TcLOVValue value="RH" description="Right hand"
				conditionName="isTrue" />
			<TcLOVValue value="LH" description="Left hand"
				conditionName="isTrue" />
			<TcLOVValue value="CTR" description="Center" conditionName="isTrue" />
			<TcLOVValue value="DOS" description="Door side"
				conditionName="isTrue" />
			<TcLOVValue value="TUS" description="Tunnel side"
				conditionName="isTrue" />
			<TcLOVValue value="CT LH" description="Center left"
				conditionName="isTrue" />
			<TcLOVValue value="CT RH" description="Center right"
				conditionName="isTrue" />
			<TcLOVValue value="DBL LH" description="Double Left Hand"
				conditionName="isTrue" />
			<TcLOVValue value="DBL RH" description="Double Right Hand"
				conditionName="isTrue" />
		</TcLOV>
	</Change>
</TcBusinessData>
