<?xml version="1.0" encoding="UTF-8"?>
<TcBusinessData xmlns="http://teamcenter.com/BusinessModel/TcBusinessData"
	batchXSDVersion="1.0" Date="Tue Sep 20 06:44:18 PM 2016">

	<Add>

	</Add>
	<Change>
		<TcLOV name="Ng5_MaterialClassfication_LOV" lovType="ListOfValuesString"
			usage="Exhaustive" description="" isManagedExternally="true">
			<TcLOVValue value="Assembly" description="" conditionName="isTrue" />
			<TcLOVValue value="Electronic" description=""
				conditionName="isTrue" />
			<TcLOVValue value="Foam" description="" conditionName="isTrue" />
			<TcLOVValue value="Plastic" description="" conditionName="isTrue" />
			<TcLOVValue value="Metal" description="" conditionName="isTrue" />
			<TcLOVValue value="Trim" description="" conditionName="isTrue" />
			<TcLOVValue value="Functions" description="" conditionName="isTrue" />
			<TcLOVValue value="Others" description="" conditionName="isTrue" />
		</TcLOV>
	</Change>
</TcBusinessData>
